date,team,opp,trailing,delta
2014-05-29,Finland,Lithuania,True,-0.19171077552334276
2014-05-29,Lithuania,Finland,False,0.3428004852451343
2014-05-31,Finland,Estonia,False,0.12685350311396348
2014-05-31,Estonia,Finland,True,-0.06649326521742574
2014-05-31,Latvia,Lithuania,False,0.16507988565766096
2014-05-31,Lithuania,Latvia,True,-0.08765550360615956
2014-06-12,Brazil,Croatia,False,0.16195620213390205
2014-06-12,Croatia,Brazil,True,-0.08632675724493857
2014-06-13,Chile,Australia,False,0.20407102218031614
2014-06-13,Australia,Chile,True,-0.10990342022974928
2014-06-13,Mexico,Cameroon,False,0.1638244642169231
2014-06-13,Cameroon,Mexico,True,-0.08697190839395257
2014-06-13,Spain,Netherlands,True,-0.0010597155953616664
2014-06-13,Netherlands,Spain,False,0.002002169824184996
2014-06-14,Colombia,Greece,False,0.003789094628928069
2014-06-14,Greece,Colombia,True,-0.0019482044750415315
2014-06-14,England,Italy,True,-0.1384802021120804
2014-06-14,Italy,England,False,0.2538389994053776
2014-06-14,Ivory Coast,Japan,False,0.2823740311502321
2014-06-14,Japan,Ivory Coast,True,-0.15570078455907055
2014-06-14,Uruguay,Costa Rica,True,-0.21690966348298374
2014-06-14,Costa Rica,Uruguay,False,0.3826971857142998
2014-06-15,Argentina,Bosnia and Herzegovina,False,0.003122973394134476
2014-06-15,Bosnia and Herzegovina,Argentina,True,-0.0016034803405436697
2014-06-15,France,Honduras,False,2.6729139599446228e-05
2014-06-15,Honduras,France,True,-1.3561067180334925e-05
2014-06-15,Switzerland,Ecuador,False,1.8568199268142345
2014-06-15,Ecuador,Switzerland,False,-1.0849559340104902
2014-06-16,Germany,Portugal,False,0.0013496762853821842
2014-06-16,Portugal,Germany,True,-0.0007097078870789102
2014-06-16,Ghana,United States,True,-0.10055624500294896
2014-06-16,United States,Ghana,False,0.18778008508331467
2014-06-17,Belgium,Algeria,False,1.6668226572330056
2014-06-17,Algeria,Belgium,False,-0.9613836173434281
2014-06-17,Russia,South Korea,False,-0.1504787808407826
2014-06-17,South Korea,Russia,False,-0.06086525355213146
2014-06-18,Australia,Netherlands,True,-0.09192747689308062
2014-06-18,Netherlands,Australia,False,0.17204032987073692
2014-06-18,Cameroon,Croatia,True,-1.4196866461537136e-06
2014-06-18,Croatia,Cameroon,False,2.7876993176079168e-06
2014-06-18,Spain,Chile,True,-0.023531080486161527
2014-06-18,Chile,Spain,False,0.043051248978590806
2014-06-19,Colombia,Ivory Coast,False,0.13324902441298025
2014-06-19,Ivory Coast,Colombia,True,-0.07008147597631534
2014-06-19,Uruguay,England,False,1.9596081334060893
2014-06-19,England,Uruguay,False,-1.1670675577982985
2014-06-20,Honduras,Ecuador,True,-0.05892087353410088
2014-06-20,Ecuador,Honduras,False,0.11268596252176133
2014-06-20,Italy,Costa Rica,True,-0.21928715947322777
2014-06-20,Costa Rica,Italy,False,0.3866162388176284
2014-06-20,Switzerland,France,True,-6.743335303159335e-08
2014-06-20,France,Switzerland,False,1.3244837848702673e-07
2014-06-21,Argentina,Iran,False,1.7383959868052807
2014-06-21,Iran,Argentina,False,-0.9528624886784849
2014-06-21,Germany,Ghana,False,-0.38395807959241024
2014-06-21,Ghana,Germany,False,0.0973761384854197
2014-06-21,Nigeria,Bosnia and Herzegovina,False,0.22288155532893494
2014-06-21,Bosnia and Herzegovina,Nigeria,True,-0.12074505672493692
2014-06-22,Belgium,Russia,False,1.7237154157441053
2014-06-22,Russia,Belgium,False,-0.9855944487030205
2014-06-22,South Korea,Algeria,True,-0.007745427745024288
2014-06-22,Algeria,South Korea,False,0.01467564081946593
2014-06-22,United States,Portugal,False,0.0365912297095119
2014-06-22,Portugal,United States,False,-0.2869715069858143
2014-06-23,Australia,Spain,True,-0.0024169993927513136
2014-06-23,Spain,Australia,False,0.004680964832741719
2014-06-23,Brazil,Cameroon,False,0.0024390030983338917
2014-06-23,Cameroon,Brazil,True,-0.0012491085725908795
2014-06-23,Croatia,Mexico,True,-0.011670235042955075
2014-06-23,Mexico,Croatia,False,0.021877569511740358
2014-06-23,Netherlands,Chile,False,1.7787385932722906
2014-06-23,Chile,Netherlands,False,-1.0359727943308443
2014-06-24,Greece,Ivory Coast,False,1.9116220047359949
2014-06-24,Ivory Coast,Greece,False,-1.100958816318299
2014-06-24,Italy,Uruguay,False,-1.1100006334208736
2014-06-24,Uruguay,Italy,False,1.9141775100348157
2014-06-24,Japan,Colombia,True,-0.08804278428655508
2014-06-24,Colombia,Japan,False,0.16551356608731904
2014-06-25,Bosnia and Herzegovina,Iran,False,0.023269842276047115
2014-06-25,Iran,Bosnia and Herzegovina,True,-0.012431598498508133
2014-06-25,Honduras,Switzerland,True,-3.9168348455491134e-05
2014-06-25,Switzerland,Honduras,False,7.676856630478568e-05
2014-06-25,Nigeria,Argentina,True,-0.05620212966640788
2014-06-25,Argentina,Nigeria,False,0.10771506953761678
2014-06-26,Algeria,Russia,False,-0.10563954273577969
2014-06-26,Russia,Algeria,False,-0.14735326250005598
2014-06-26,Portugal,Ghana,False,1.6367182741860682
2014-06-26,Ghana,Portugal,False,-0.8989462544156688
2014-06-26,South Korea,Belgium,False,-0.9422473753725875
2014-06-26,Belgium,South Korea,False,1.6885821789367337
2014-06-26,United States,Germany,True,-0.09862107655453452
2014-06-26,Germany,United States,False,0.18364219612765442
2014-06-28,Brazil,Chile,False,-0.3729853869234576
2014-06-28,Chile,Brazil,False,0.08988940152658875
2014-06-28,Colombia,Uruguay,False,0.009521852204862125
2014-06-28,Uruguay,Colombia,True,-0.004971487791596112
2014-06-29,Costa Rica,Greece,False,-1.7563719375983187
2014-06-29,Greece,Costa Rica,True,0.8675582449061847
2014-06-29,Netherlands,Mexico,True,2.8002843367667274
2014-06-29,Mexico,Netherlands,False,-2.64577649669845
2014-06-30,France,Nigeria,False,1.6500553302418024
2014-06-30,Nigeria,France,False,-0.9091105422409934
2014-07-04,Brazil,Colombia,False,0.008624258295390153
2014-07-04,Colombia,Brazil,True,-0.0044981249424874935
2014-07-04,France,Germany,True,-0.18233865986476333
2014-07-04,Germany,France,False,0.32547134772629294
2014-07-05,Argentina,Belgium,False,0.21676942077216843
2014-07-05,Belgium,Argentina,True,-0.1172472945908388
2014-07-08,Brazil,Germany,True,-1.0619196928494811e-07
2014-07-08,Germany,Brazil,False,2.0591572758021925e-07
2014-07-12,Brazil,Netherlands,True,-0.026051416416062886
2014-07-12,Netherlands,Brazil,False,0.04741021268345147
2014-09-07,Denmark,Armenia,False,1.3584908363468053
2014-09-07,Armenia,Denmark,False,-0.7401847151160532
2014-09-07,Faroe Islands,Finland,False,-0.9970273795342972
2014-09-07,Finland,Faroe Islands,False,1.7785337565763153
2014-09-07,Georgia,Republic of Ireland,False,-1.1015833418566972
2014-09-07,Republic of Ireland,Georgia,False,1.89149905678801
2014-09-07,Germany,Scotland,False,0.16195332665719864
2014-09-07,Scotland,Germany,True,-0.08666352221563074
2014-09-07,Gibraltar,Poland,True,-8.563469311680263e-11
2014-09-07,Poland,Gibraltar,False,1.7039480937341978e-10
2014-09-07,Greece,Romania,True,-0.13293352961881594
2014-09-07,Romania,Greece,False,0.2442940596302865
2014-09-07,Hungary,Northern Ireland,False,-2.821878594988501
2014-09-07,Northern Ireland,Hungary,True,2.9049333561448987
2014-09-07,Portugal,Albania,True,-0.30054625949491554
2014-09-07,Albania,Portugal,False,0.5114827748747808
2014-09-08,Austria,Sweden,False,-0.17984893792174717
2014-09-08,Sweden,Austria,False,-0.08672826361952302
2014-09-08,Estonia,Slovenia,False,2.01783688558211
2014-09-08,Slovenia,Estonia,False,-1.2236922218952038
2014-09-08,Luxembourg,Belarus,False,-1.7571362440301939
2014-09-08,Belarus,Luxembourg,True,0.8676145651979468
2014-09-08,Montenegro,Moldova,False,0.00419711192120964
2014-09-08,Moldova,Montenegro,True,-0.0021629339459129744
2014-09-08,Russia,Liechtenstein,False,8.12646305803355e-09
2014-09-08,Liechtenstein,Russia,True,-4.082159326730308e-09
2014-09-08,San Marino,Lithuania,True,-0.0006133581052288539
2014-09-08,Lithuania,San Marino,False,0.0012070977746319045
2014-09-08,Spain,North Macedonia,False,4.1458094291790815e-05
2014-09-08,North Macedonia,Spain,True,-2.108993431801047e-05
2014-09-08,Switzerland,England,True,-0.12940294948461972
2014-09-08,England,Switzerland,False,0.23729175537303382
2014-09-08,Ukraine,Slovakia,True,-0.18062040831658885
2014-09-08,Slovakia,Ukraine,False,0.3233740106793901
2014-09-09,Andorra,Wales,False,-0.8231390152583672
2014-09-09,Wales,Andorra,False,1.575992896685987
2014-09-09,Azerbaijan,Bulgaria,False,-1.092080951324037
2014-09-09,Bulgaria,Azerbaijan,False,1.8628033012659402
2014-09-09,Bosnia and Herzegovina,Cyprus,True,-0.3033475068994411
2014-09-09,Cyprus,Bosnia and Herzegovina,False,0.5140620627283066
2014-09-09,Croatia,Malta,False,0.05480018898524275
2014-09-09,Malta,Croatia,True,-0.0281600579096093
2014-09-09,Czech Republic,Netherlands,False,1.9740589310947068
2014-09-09,Netherlands,Czech Republic,False,-1.2677998404948656
2014-09-09,Iceland,Turkey,False,0.3501441754950041
2014-09-09,Turkey,Iceland,True,-0.19832945862728385
2014-09-09,Norway,Italy,True,-0.008155049487780978
2014-09-09,Italy,Norway,False,0.015424463149554146
2014-10-09,Belarus,Ukraine,False,-0.9783173611650104
2014-10-09,Ukraine,Belarus,False,1.72395918202105
2014-10-09,England,San Marino,False,1.8285684078023223e-10
2014-10-09,San Marino,England,True,-9.161421636817734e-11
2014-10-09,Lithuania,Estonia,False,1.906267794213838
2014-10-09,Estonia,Lithuania,False,-1.103073971106168
2014-10-09,Moldova,Austria,True,-0.05256622589391701
2014-10-09,Austria,Moldova,False,0.10074526645958182
2014-10-09,North Macedonia,Luxembourg,False,1.720524626085676
2014-10-09,Luxembourg,North Macedonia,False,-0.9720700152353088
2014-10-09,Slovakia,Spain,False,0.44831366390581096
2014-10-09,Spain,Slovakia,True,-0.25961221316618366
2014-10-09,Slovenia,Switzerland,False,1.9613011448759567
2014-10-09,Switzerland,Slovenia,False,-1.1895573059268036
2014-10-09,Sweden,Russia,False,-0.20894648401062654
2014-10-09,Russia,Sweden,False,-0.05587539412956133
2014-10-10,Belgium,Andorra,False,4.8405723873656825e-14
2014-10-10,Andorra,Belgium,True,-2.4313588247092084e-14
2014-10-10,Bulgaria,Croatia,True,-0.07827044777968538
2014-10-10,Croatia,Bulgaria,False,0.1474714910870918
2014-10-10,Cyprus,Israel,True,-0.12552549131733703
2014-10-10,Israel,Cyprus,False,0.22943430007353038
2014-10-10,Italy,Azerbaijan,False,0.06536398230995477
2014-10-10,Azerbaijan,Italy,True,-0.03366545788935576
2014-10-10,Latvia,Iceland,True,-0.09325854652621135
2014-10-10,Iceland,Latvia,False,0.1743722289593661
2014-10-10,Malta,Norway,True,-3.3940962419647846e-05
2014-10-10,Norway,Malta,False,6.656542180927261e-05
2014-10-10,Netherlands,Kazakhstan,False,1.2799091268564637
2014-10-10,Kazakhstan,Netherlands,False,-0.6935358310479695
2014-10-10,Turkey,Czech Republic,True,-0.21537557141495225
2014-10-10,Czech Republic,Turkey,False,0.37787217406282414
2014-10-11,Albania,Denmark,False,-1.691461811496041
2014-10-11,Denmark,Albania,True,0.8290015491455942
2014-10-11,Armenia,Serbia,False,-1.4645380015094087
2014-10-11,Serbia,Armenia,True,0.6807876932916155
2014-10-11,Finland,Greece,False,-0.09079553091148451
2014-10-11,Greece,Finland,False,-0.10776308223547959
2014-10-11,Northern Ireland,Faroe Islands,False,0.003034232413355209
2014-10-11,Faroe Islands,Northern Ireland,True,-0.0015563975172660973
2014-10-11,Poland,Germany,False,0.4101013058922929
2014-10-11,Germany,Poland,True,-0.2365241016184541
2014-10-11,Republic of Ireland,Gibraltar,False,1.3322676295501878e-15
2014-10-11,Gibraltar,Republic of Ireland,True,-4.2810716180262885e-16
2014-10-11,Romania,Hungary,False,-1.7909218291791555
2014-10-11,Hungary,Romania,True,0.8871781216185599
2014-10-11,Scotland,Georgia,False,0.19027890650201895
2014-10-11,Georgia,Scotland,True,-0.10227964566755218
2014-10-12,Austria,Montenegro,False,0.13745811447635026
2014-10-12,Montenegro,Austria,True,-0.0726672201408671
2014-10-12,Belarus,Slovakia,True,-0.09536277152718957
2014-10-12,Slovakia,Belarus,False,0.17838213520949386
2014-10-12,Estonia,England,True,-0.03787351883505291
2014-10-12,England,Estonia,False,0.07333203073392269
2014-10-12,Lithuania,Slovenia,True,-0.0018057141524307964
2014-10-12,Slovenia,Lithuania,False,0.0035148309020174295
2014-10-12,Luxembourg,Spain,True,-1.7986331623960735e-05
2014-10-12,Spain,Luxembourg,False,3.539019296683321e-05
2014-10-12,Russia,Moldova,False,-0.5706539796245398
2014-10-12,Moldova,Russia,False,0.2347873881099385
2014-10-12,Sweden,Liechtenstein,False,0.0002596333051334554
2014-10-12,Liechtenstein,Sweden,True,-0.00013098588235163587
2014-10-12,Ukraine,North Macedonia,False,0.15595372216918202
2014-10-12,North Macedonia,Ukraine,True,-0.08291620105061193
2014-10-13,Andorra,Israel,True,-0.0443834499640281
2014-10-13,Israel,Andorra,False,0.08560148552356539
2014-10-13,Bosnia and Herzegovina,Belgium,False,0.06634129755053642
2014-10-13,Belgium,Bosnia and Herzegovina,False,-0.37503780990709457
2014-10-13,Croatia,Azerbaijan,False,2.2638779739736492e-11
2014-10-13,Azerbaijan,Croatia,True,-1.1399272912324756e-11
2014-10-13,Iceland,Netherlands,False,0.06859149505346496
2014-10-13,Netherlands,Iceland,True,-0.03840626148959848
2014-10-13,Kazakhstan,Czech Republic,True,-0.00015152670299695782
2014-10-13,Czech Republic,Kazakhstan,False,0.00029373657271003495
2014-10-13,Latvia,Turkey,False,0.09334385034768689
2014-10-13,Turkey,Latvia,False,-0.37710762662858843
2014-10-13,Malta,Italy,True,-0.033182697439030594
2014-10-13,Italy,Malta,False,0.0644877153412251
2014-10-13,Norway,Bulgaria,False,0.1384382956539092
2014-10-13,Bulgaria,Norway,True,-0.07335543953400703
2014-10-13,Wales,Cyprus,False,0.09938907876194536
2014-10-13,Cyprus,Wales,True,-0.05181126227787928
2014-10-14,Denmark,Portugal,False,-1.1116690058692928
2014-10-14,Portugal,Denmark,False,1.8730196184228438
2014-10-14,Faroe Islands,Hungary,True,-0.07460600744407432
2014-10-14,Hungary,Faroe Islands,False,0.14123036196884442
2014-10-14,Finland,Romania,True,-0.11693617683829342
2014-10-14,Romania,Finland,False,0.2165379940712131
2014-10-14,Germany,Republic of Ireland,False,-1.8680442934481643
2014-10-14,Republic of Ireland,Germany,True,0.9303713794242738
2014-10-14,Gibraltar,Georgia,True,-6.188690870375875e-06
2014-10-14,Georgia,Gibraltar,False,1.2238218105142806e-05
2014-10-14,Greece,Northern Ireland,True,-0.009027760293831854
2014-10-14,Northern Ireland,Greece,False,0.017062935373443278
2014-10-14,Poland,Scotland,True,0.7753719081046657
2014-10-14,Scotland,Poland,False,-1.6069794804830253
2014-10-14,San Marino,Switzerland,True,-4.2297247524683595e-07
2014-10-14,Switzerland,San Marino,False,8.416104191333318e-07
2014-11-14,Georgia,Poland,True,-0.000351303463583496
2014-11-14,Poland,Georgia,False,0.0006746492299818385
2014-11-14,Germany,Gibraltar,False,8.892846015129408e-09
2014-11-14,Gibraltar,Germany,True,-4.470366248919589e-09
2014-11-14,Greece,Faroe Islands,True,-0.26804699304122315
2014-11-14,Faroe Islands,Greece,False,0.4627442148825618
2014-11-14,Hungary,Finland,False,1.7816231971990328
2014-11-14,Finland,Hungary,False,-1.01440586438699
2014-11-14,Portugal,Armenia,False,0.07707898272311864
2014-11-14,Armenia,Portugal,True,-0.0401590272564821
2014-11-14,Romania,Northern Ireland,False,0.16156106521854685
2014-11-14,Northern Ireland,Romania,True,-0.08570346459881609
2014-11-14,Scotland,Republic of Ireland,False,0.19037807867620282
2014-11-14,Republic of Ireland,Scotland,True,-0.1019995699538146
2014-11-14,Serbia,Denmark,True,-0.12671332603433821
2014-11-14,Denmark,Serbia,False,0.2327550718694411
2014-11-15,Austria,Russia,False,0.23608104427630128
2014-11-15,Russia,Austria,True,-0.1287860832124674
2014-11-15,England,Slovenia,False,0.0028120626260768056
2014-11-15,Slovenia,England,True,-0.0014416041521139841
2014-11-15,Luxembourg,Ukraine,True,-8.926384139334262e-05
2014-11-15,Ukraine,Luxembourg,False,0.00017391666384591886
2014-11-15,Moldova,Liechtenstein,True,-0.2141656006095633
2014-11-15,Liechtenstein,Moldova,False,0.37927196353683046
2014-11-15,Montenegro,Sweden,True,0.9004750872623583
2014-11-15,Sweden,Montenegro,False,-1.8145976719697554
2014-11-15,North Macedonia,Slovakia,True,-0.007033921088156877
2014-11-15,Slovakia,North Macedonia,False,0.013357274487117543
2014-11-15,Spain,Belarus,False,2.1666294304889533e-05
2014-11-15,Belarus,Spain,True,-1.098797144829658e-05
2014-11-15,Switzerland,Lithuania,False,0.0014026591078653006
2014-11-15,Lithuania,Switzerland,True,-0.0007149086938418716
2014-11-16,Azerbaijan,Norway,True,-0.07580413188854895
2014-11-16,Norway,Azerbaijan,False,0.14306671999965204
2014-11-16,Bulgaria,Malta,False,-0.33067962726328726
2014-11-16,Malta,Bulgaria,False,0.07786442225922785
2014-11-16,Cyprus,Andorra,False,3.9183646993734556e-07
2014-11-16,Andorra,Cyprus,True,-1.981407493978761e-07
2014-11-16,Czech Republic,Iceland,False,0.2285745924494038
2014-11-16,Iceland,Czech Republic,True,-0.1247833387458828
2014-11-16,Israel,Bosnia and Herzegovina,False,0.0013675303653033488
2014-11-16,Bosnia and Herzegovina,Israel,True,-0.0007200187020312727
2014-11-16,Italy,Croatia,False,-0.1993939537558198
2014-11-16,Croatia,Italy,False,-0.04190927716984838
2014-11-16,Netherlands,Latvia,False,2.179929111978396e-05
2014-11-16,Latvia,Netherlands,True,-1.1055776534563478e-05
2014-11-16,Turkey,Kazakhstan,False,0.005070555584908654
2014-11-16,Kazakhstan,Turkey,True,-0.002625446338123953
2015-01-09,Australia,Kuwait,False,0.003240157280491651
2015-01-09,Kuwait,Australia,True,-0.001666450323097119
2015-01-10,Saudi Arabia,China,False,-1.1650695549698193
2015-01-10,China,Saudi Arabia,False,1.9585828401215213
2015-01-10,South Korea,Oman,False,0.12101184106748653
2015-01-10,Oman,South Korea,True,-0.06332503729876501
2015-01-10,Uzbekistan,North Korea,False,0.1520762852966766
2015-01-10,North Korea,Uzbekistan,True,-0.08071748015096256
2015-01-11,Iran,Bahrain,False,0.0028479322009244967
2015-01-11,Bahrain,Iran,True,-0.0014594302538212488
2015-01-11,United Arab Emirates,Qatar,False,0.01936895950856332
2015-01-11,Qatar,United Arab Emirates,True,-0.010300108312386858
2015-01-12,Japan,Palestine,False,1.210347346791707e-06
2015-01-12,Palestine,Japan,True,-6.144697015904829e-07
2015-01-12,Jordan,Iraq,False,-1.1110465508527618
2015-01-12,Iraq,Jordan,False,1.9018432699866843
2015-01-13,Australia,Oman,False,1.2226861425546076e-06
2015-01-13,Oman,Australia,True,-6.206917868138166e-07
2015-01-13,Kuwait,South Korea,True,-0.0568169786452031
2015-01-13,South Korea,Kuwait,False,0.10875969940832952
2015-01-14,China,Uzbekistan,False,0.283957856823966
2015-01-14,Uzbekistan,China,True,-0.15633090307968048
2015-01-14,North Korea,Saudi Arabia,True,-0.004068981047764237
2015-01-14,Saudi Arabia,North Korea,False,0.007811908609866247
2015-01-15,Bahrain,United Arab Emirates,True,-0.09719102042124117
2015-01-15,United Arab Emirates,Bahrain,False,0.1820255145805323
2015-01-15,Qatar,Iran,True,-0.07865730040755944
2015-01-15,Iran,Qatar,False,0.14860162211090744
2015-01-16,Iraq,Japan,True,-0.07441176311207068
2015-01-16,Japan,Iraq,False,0.14091140094654975
2015-01-16,Palestine,Jordan,True,-3.1986542984316056e-06
2015-01-16,Jordan,Palestine,False,6.255828814083486e-06
2015-01-17,Australia,South Korea,True,-0.1673526445519125
2015-01-17,South Korea,Australia,False,0.30175890037579034
2015-01-17,Burkina Faso,Gabon,True,-0.011525533522686461
2015-01-17,Gabon,Burkina Faso,False,0.02161860276108607
2015-01-17,Equatorial Guinea,Congo,False,-1.7961922321790222
2015-01-17,Congo,Equatorial Guinea,True,0.8900666777979419
2015-01-17,Oman,Kuwait,False,0.18028768587300714
2015-01-17,Kuwait,Oman,True,-0.09626145808033787
2015-01-18,China,North Korea,False,0.20510962153521772
2015-01-18,North Korea,China,True,-0.11067799242803042
2015-01-18,Tunisia,Cape Verde,False,-1.8417579689344068
2015-01-18,Cape Verde,Tunisia,True,0.9162096025752537
2015-01-18,Uzbekistan,Saudi Arabia,False,0.2048622688252526
2015-01-18,Saudi Arabia,Uzbekistan,True,-0.11014813972057136
2015-01-18,Zambia,DR Congo,False,-0.03097136818065782
2015-01-18,DR Congo,Zambia,False,-0.19727194516421065
2015-01-19,Algeria,South Africa,False,0.1911336574077489
2015-01-19,South Africa,Algeria,True,-0.10259098849189381
2015-01-19,Ghana,Senegal,False,-1.0057480616548302
2015-01-19,Senegal,Ghana,False,1.7953822418187406
2015-01-19,Iran,United Arab Emirates,False,1.7346010792522348
2015-01-19,United Arab Emirates,Iran,False,-0.9604430835058801
2015-01-19,Qatar,Bahrain,False,-1.177051496801877
2015-01-19,Bahrain,Qatar,False,1.956835322898617
2015-01-20,Iraq,Palestine,False,0.17947062742839393
2015-01-20,Palestine,Iraq,True,-0.09582312164464399
2015-01-20,Ivory Coast,Guinea,False,-0.24705878664321812
2015-01-20,Guinea,Ivory Coast,False,0.010839664977344565
2015-01-20,Japan,Jordan,False,0.1489740354261091
2015-01-20,Jordan,Japan,True,-0.07892269840367787
2015-01-20,Mali,Cameroon,False,-1.8162209034000063
2015-01-20,Cameroon,Mali,True,0.9019771837065467
2015-01-21,Gabon,Congo,True,-0.18661750520622894
2015-01-21,Congo,Gabon,False,0.33306358831486893
2015-01-22,Australia,China,False,0.004635993685782935
2015-01-22,China,Australia,True,-0.002393797019573084
2015-01-22,Zambia,Tunisia,False,-0.9965914432007678
2015-01-22,Tunisia,Zambia,False,1.7689716469903283
2015-01-23,Ghana,Algeria,False,1.9543775468847924
2015-01-23,Algeria,Ghana,False,-1.199467949057554
2015-01-23,Iran,Iraq,False,-0.2531816104469544
2015-01-23,Iraq,Iran,False,0.03792888130271521
2015-01-23,Japan,United Arab Emirates,True,0.7597353748995411
2015-01-23,United Arab Emirates,Japan,False,-1.5811836451649173
2015-01-23,South Africa,Senegal,False,0.0083915683299568
2015-01-23,Senegal,South Africa,False,-0.21207235600341123
2015-01-24,Cameroon,Guinea,False,-0.1921217904402206
2015-01-24,Guinea,Cameroon,False,-0.02404799557271442
2015-01-24,Ivory Coast,Mali,True,0.8815025284685294
2015-01-24,Mali,Ivory Coast,False,-1.7804195642166132
2015-01-25,Congo,Burkina Faso,False,0.41129385340657887
2015-01-25,Burkina Faso,Congo,True,-0.23576195650608134
2015-01-25,Equatorial Guinea,Gabon,False,0.22945331614825637
2015-01-25,Gabon,Equatorial Guinea,True,-0.12441593543790722
2015-01-26,DR Congo,Tunisia,False,-0.06934500282963563
2015-01-26,Tunisia,DR Congo,False,-0.13715418474548136
2015-01-26,South Korea,Iraq,False,0.006092364793524041
2015-01-26,Iraq,South Korea,True,-0.0031552928890853696
2015-01-27,Australia,United Arab Emirates,False,0.0065438304708980155
2015-01-27,United Arab Emirates,Australia,True,-0.003398265740863644
2015-01-27,Senegal,Algeria,True,-0.16041226070318748
2015-01-27,Algeria,Senegal,False,0.2900178144849739
2015-01-27,South Africa,Ghana,False,-1.0828642439149796
2015-01-27,Ghana,South Africa,False,1.8861115049743309
2015-01-28,Cameroon,Ivory Coast,True,-0.10236454349614166
2015-01-28,Ivory Coast,Cameroon,False,0.1912262229047612
2015-01-28,Guinea,Mali,False,-0.00837594610682224
2015-01-28,Mali,Guinea,False,-0.20261338459647216
2015-01-30,Iraq,United Arab Emirates,True,-0.12487957287920498
2015-01-30,United Arab Emirates,Iraq,False,0.2302786501544838
2015-01-31,Australia,South Korea,False,-1.7975166817329056
2015-01-31,South Korea,Australia,True,0.8909706611938979
2015-01-31,Congo,DR Congo,False,-0.9548558333730192
2015-01-31,DR Congo,Congo,False,1.6927264385203045
2015-01-31,Equatorial Guinea,Tunisia,True,0.9160190555434746
2015-01-31,Tunisia,Equatorial Guinea,False,-1.8416314546076582
2015-02-01,Ghana,Guinea,False,0.0003220616894794581
2015-02-01,Guinea,Ghana,True,-0.00016617261198577872
2015-02-01,Ivory Coast,Algeria,False,0.2835401060705496
2015-02-01,Algeria,Ivory Coast,True,-0.1566444148829203
2015-02-04,DR Congo,Ivory Coast,True,-0.00536473554039107
2015-02-04,Ivory Coast,DR Congo,False,0.010255474853508417
2015-02-05,Equatorial Guinea,Ghana,True,-0.00013712256417970097
2015-02-05,Ghana,Equatorial Guinea,False,0.000266289393196395
2015-03-12,Cambodia,Macau,False,0.14634929537617491
2015-03-12,Macau,Cambodia,True,-0.07770934823366768
2015-03-12,India,Nepal,False,0.0025672144554294007
2015-03-12,Nepal,India,True,-0.0013143320294730584
2015-03-12,Sri Lanka,Bhutan,False,-1.311785558128977
2015-03-12,Bhutan,Sri Lanka,False,2.051223646830685
2015-03-12,Taiwan,Brunei,True,-0.45634175462168813
2015-03-12,Brunei,Taiwan,False,0.7275217702755086
2015-03-12,Yemen,Pakistan,False,0.0036451781238064918
2015-03-12,Pakistan,Yemen,True,-0.001873654539742982
2015-03-17,Bhutan,Sri Lanka,False,1.9580907228301516
2015-03-17,Sri Lanka,Bhutan,False,-1.1993939537558198
2015-03-17,Brunei,Taiwan,True,-0.007314785806405702
2015-03-17,Taiwan,Brunei,False,0.013826435371361967
2015-03-17,Macau,Cambodia,False,-0.0008453634713601055
2015-03-17,Cambodia,Macau,False,-0.2713292489026178
2015-03-22,Barbados,United States Virgin Islands,True,-0.4226089395427551
2015-03-22,United States Virgin Islands,Barbados,False,0.6847928597046429
2015-03-23,Nicaragua,Anguilla,False,1.723998721558928e-11
2015-03-23,Anguilla,Nicaragua,True,-8.648782319416645e-12
2015-03-23,Saint Kitts and Nevis,Turks and Caicos Islands,False,0.0034302925901101844
2015-03-23,Turks and Caicos Islands,Saint Kitts and Nevis,True,-0.0017731694159491104
2015-03-25,Bahamas,Bermuda,True,-4.623679655056201e-08
2015-03-25,Bermuda,Bahamas,False,9.084171415096876e-08
2015-03-26,Dominica,British Virgin Islands,False,1.5780135692490753
2015-03-26,British Virgin Islands,Dominica,False,-0.8787908411376733
2015-03-26,Turks and Caicos Islands,Saint Kitts and Nevis,True,-2.3164981096303674e-06
2015-03-26,Saint Kitts and Nevis,Turks and Caicos Islands,False,4.530390725676625e-06
2015-03-26,United States Virgin Islands,Barbados,True,-0.0031459768114642283
2015-03-26,Barbados,United States Virgin Islands,False,0.006062035432609303
2015-03-27,Curaçao,Montserrat,False,0.11056014964000127
2015-03-27,Montserrat,Curaçao,True,-0.05801462153705556
2015-03-27,England,Lithuania,False,4.0909569065661344e-08
2015-03-27,Lithuania,England,True,-2.0596049914109166e-08
2015-03-27,Liechtenstein,Austria,True,-1.2125249443924053e-08
2015-03-27,Austria,Liechtenstein,False,2.4106541207657983e-08
2015-03-27,Moldova,Sweden,True,-0.05198065518986444
2015-03-27,Sweden,Moldova,False,0.09962142844629929
2015-03-27,North Macedonia,Belarus,False,-1.2367189126677758
2015-03-27,Belarus,North Macedonia,False,1.9910620603723412
2015-03-27,Slovakia,Luxembourg,False,8.636944242512712e-05
2015-03-27,Luxembourg,Slovakia,True,-4.4099060101180616e-05
2015-03-27,Slovenia,San Marino,False,4.433342581933175e-12
2015-03-27,San Marino,Slovenia,True,-2.221852817660461e-12
2015-03-27,Spain,Ukraine,False,0.1296898908524935
2015-03-27,Ukraine,Spain,True,-0.06847382759495602
2015-03-27,Switzerland,Estonia,False,0.0020675407597003925
2015-03-27,Estonia,Switzerland,True,-0.0010575757867503394
2015-03-28,Andorra,Bosnia and Herzegovina,True,-1.1252293260346105e-05
2015-03-28,Bosnia and Herzegovina,Andorra,False,2.220770016014839e-05
2015-03-28,Azerbaijan,Malta,False,0.14964951737035337
2015-03-28,Malta,Azerbaijan,True,-0.07914808511772742
2015-03-28,Belgium,Cyprus,False,3.2240895908586253e-07
2015-03-28,Cyprus,Belgium,True,-1.6309711752800222e-07
2015-03-28,Bulgaria,Italy,False,-1.5284766469371855
2015-03-28,Italy,Bulgaria,True,0.7256561556280231
2015-03-28,Croatia,Norway,False,0.00052733595926302
2015-03-28,Norway,Croatia,True,-0.0002738250134953016
2015-03-28,Czech Republic,Latvia,True,0.656938340029196
2015-03-28,Latvia,Czech Republic,False,-1.4266822286417162
2015-03-28,Israel,Wales,True,-0.011077350725929695
2015-03-28,Wales,Israel,False,0.020762467008557106
2015-03-28,Kazakhstan,Iceland,True,-0.007195261560428978
2015-03-28,Iceland,Kazakhstan,False,0.013637431906692754
2015-03-28,Netherlands,Turkey,True,0.6747525945605591
2015-03-28,Turkey,Netherlands,False,-1.45555923618587
2015-03-29,Albania,Armenia,True,2.7549385860729863
2015-03-29,Armenia,Albania,False,-2.573919329391054
2015-03-29,Anguilla,Nicaragua,True,-1.6442922262092542e-06
2015-03-29,Nicaragua,Anguilla,False,3.2634180544555136e-06
2015-03-29,Bermuda,Bahamas,False,1.123341830319702
2015-03-29,Bahamas,Bermuda,False,-0.6242753594983318
2015-03-29,Cayman Islands,Belize,False,0.05398519182829875
2015-03-29,Belize,Cayman Islands,False,-0.2882303015902037
2015-03-29,Georgia,Germany,True,-0.004944152355896547
2015-03-29,Germany,Georgia,False,0.009441245119011121
2015-03-29,Northern Ireland,Finland,False,0.008117970359560633
2015-03-29,Finland,Northern Ireland,True,-0.0042251145063863646
2015-03-29,Portugal,Serbia,False,0.15770282573770622
2015-03-29,Serbia,Portugal,True,-0.0841227441748384
2015-03-29,Republic of Ireland,Poland,True,0.8711668236705394
2015-03-29,Poland,Republic of Ireland,False,-1.7632436556777948
2015-03-29,Romania,Faroe Islands,False,0.09413550403817261
2015-03-29,Faroe Islands,Romania,True,-0.04893380656514009
2015-03-29,Scotland,Gibraltar,False,5.915170424586336e-06
2015-03-29,Gibraltar,Scotland,True,-2.9857592538179884e-06
2015-03-31,Israel,Belgium,True,-0.1105279391678506
2015-03-31,Belgium,Israel,False,0.20291980010103483
2015-03-31,Montserrat,Curaçao,False,0.07916580874398615
2015-03-31,Curaçao,Montserrat,False,-0.367643012712795
2015-05-24,Thailand,Vietnam,False,1.8039848720973695
2015-05-24,Vietnam,Thailand,False,-1.052683161341227
2015-06-07,Nicaragua,Suriname,False,0.24569251970309525
2015-06-07,Suriname,Nicaragua,True,-0.1340158157503173
2015-06-10,Antigua and Barbuda,Saint Lucia,True,-0.16925412365785752
2015-06-10,Saint Lucia,Antigua and Barbuda,False,0.3040107733731734
2015-06-10,Aruba,Barbados,True,-0.022685019149081085
2015-06-10,Barbados,Aruba,False,0.041448867772736264
2015-06-10,Saint Vincent and the Grenadines,Guyana,False,-0.0848076312872812
2015-06-10,Guyana,Saint Vincent and the Grenadines,False,-0.2830499137317153
2015-06-11,Afghanistan,Syria,True,-3.6391446025210994e-09
2015-06-11,Syria,Afghanistan,False,7.203668772604033e-09
2015-06-11,Bangladesh,Kyrgyzstan,True,-0.0016543570731785283
2015-06-11,Kyrgyzstan,Bangladesh,False,0.0032206344873380033
2015-06-11,Cambodia,Singapore,True,-9.334248172859066e-06
2015-06-11,Singapore,Cambodia,False,1.8123852442819555e-05
2015-06-11,Chile,Ecuador,False,0.23109382425451352
2015-06-11,Ecuador,Chile,True,-0.12571711126671078
2015-06-11,Dominica,Canada,True,-0.00041033126529609363
2015-06-11,Canada,Dominica,False,0.0008078773344388779
2015-06-11,Dominican Republic,Belize,False,-1.3511483336260808
2015-06-11,Belize,Dominican Republic,False,2.0781047953601397
2015-06-11,Guam,Turkmenistan,False,0.51194164142436
2015-06-11,Turkmenistan,Guam,True,-0.3012799353018602
2015-06-11,Hong Kong,Bhutan,False,2.6645352591003757e-14
2015-06-11,Bhutan,Hong Kong,True,-1.356615988927467e-14
2015-06-11,India,Oman,True,-0.07642354685479531
2015-06-11,Oman,India,False,0.1447620324614416
2015-06-11,Laos,Myanmar,True,0.8615507185387576
2015-06-11,Myanmar,Laos,False,-1.7489079920163353
2015-06-11,Lebanon,Kuwait,False,-1.1431416956945366
2015-06-11,Kuwait,Lebanon,False,1.9287300445254902
2015-06-11,Maldives,Qatar,False,-0.6678769944780203
2015-06-11,Qatar,Maldives,False,1.2255231350099107
2015-06-11,Philippines,Bahrain,False,0.04160293517826252
2015-06-11,Bahrain,Philippines,True,-0.022708920675352958
2015-06-11,Saint Kitts and Nevis,El Salvador,False,-1.5949696240008544
2015-06-11,El Salvador,Saint Kitts and Nevis,True,0.7686724305179163
2015-06-11,Saudi Arabia,Palestine,False,0.15721905148759108
2015-06-11,Palestine,Saudi Arabia,True,-0.08354402554610131
2015-06-11,Tajikistan,Jordan,True,-0.09566093359638549
2015-06-11,Jordan,Tajikistan,False,0.17870080685844503
2015-06-12,Andorra,Cyprus,True,-0.0020082377056093244
2015-06-12,Cyprus,Andorra,False,0.003904936015048488
2015-06-12,Bosnia and Herzegovina,Israel,False,0.024881798536133815
2015-06-12,Israel,Bosnia and Herzegovina,True,-0.013372590406263365
2015-06-12,Croatia,Italy,False,-0.13823808783813085
2015-06-12,Italy,Croatia,False,-0.09867488794848844
2015-06-12,Iceland,Czech Republic,False,1.865555859935717
2015-06-12,Czech Republic,Iceland,False,-1.1479423201089833
2015-06-12,Kazakhstan,Turkey,False,-0.9395418444899767
2015-06-12,Turkey,Kazakhstan,False,1.6423225354756787
2015-06-12,Latvia,Netherlands,True,-0.001408145529629218
2015-06-12,Netherlands,Latvia,False,0.0027435456242259626
2015-06-12,Malta,Bulgaria,True,-0.09122430260538571
2015-06-12,Bulgaria,Malta,False,0.17115727345479348
2015-06-12,Puerto Rico,Grenada,False,0.23870687392469803
2015-06-12,Grenada,Puerto Rico,True,-0.13089895359614798
2015-06-12,Wales,Belgium,False,0.3583553235438304
2015-06-12,Belgium,Wales,True,-0.20234779336983022
2015-06-13,Argentina,Paraguay,False,-1.8934670354086474
2015-06-13,Paraguay,Argentina,True,0.9444937990361869
2015-06-13,Armenia,Portugal,True,-0.059002205894752247
2015-06-13,Portugal,Armenia,False,0.11193453661409292
2015-06-13,Denmark,Serbia,False,0.17320941685819236
2015-06-13,Serbia,Denmark,True,-0.09260866457825048
2015-06-13,Faroe Islands,Greece,False,0.03257770418224437
2015-06-13,Greece,Faroe Islands,True,-0.017594625975412802
2015-06-13,Finland,Hungary,False,-1.1037814060590498
2015-06-13,Hungary,Finland,False,1.8792771821230816
2015-06-13,Gibraltar,Germany,True,-6.352531066817405e-14
2015-06-13,Germany,Gibraltar,False,1.270095140171179e-13
2015-06-13,Poland,Georgia,False,0.17505363483734326
2015-06-13,Georgia,Poland,True,-0.09385307580295987
2015-06-13,Republic of Ireland,Scotland,False,-0.13392182521502316
2015-06-13,Scotland,Republic of Ireland,False,-0.07876518466115368
2015-06-13,Uruguay,Jamaica,False,0.08978264486389209
2015-06-13,Jamaica,Uruguay,True,-0.04655232797863888
2015-06-14,Antigua and Barbuda,Saint Lucia,False,0.26916744157119554
2015-06-14,Saint Lucia,Antigua and Barbuda,True,-0.14834058836188968
2015-06-14,Belarus,Spain,True,-0.0472761586481628
2015-06-14,Spain,Belarus,False,0.09074802993305786
2015-06-14,Belize,Dominican Republic,False,0.033002383948784075
2015-06-14,Dominican Republic,Belize,True,-0.01785539455367417
2015-06-14,Brazil,Peru,False,1.7161612469282232
2015-06-14,Peru,Brazil,False,-0.9425929809190566
2015-06-14,Colombia,Venezuela,True,-0.21012667761999532
2015-06-14,Venezuela,Colombia,False,0.3717360602758797
2015-06-14,Cuba,Curaçao,False,-0.015508107947487693
2015-06-14,Curaçao,Cuba,False,-0.24333011128371673
2015-06-14,Estonia,San Marino,False,0.0005215028226017715
2015-06-14,San Marino,Estonia,True,-0.00026368112201070177
2015-06-14,Guyana,Saint Vincent and the Grenadines,True,0.9334621908209995
2015-06-14,Saint Vincent and the Grenadines,Guyana,False,-1.8851093852266918
2015-06-14,Liechtenstein,Moldova,False,0.038558453791872394
2015-06-14,Moldova,Liechtenstein,False,-0.22197782167756763
2015-06-14,Lithuania,Switzerland,False,-0.8115285947200124
2015-06-14,Switzerland,Lithuania,False,1.5001419543581211
2015-06-14,Russia,Austria,True,-0.17512201974153943
2015-06-14,Austria,Russia,False,0.3137876744599657
2015-06-14,Slovakia,North Macedonia,False,0.16485147141048184
2015-06-14,North Macedonia,Slovakia,True,-0.08780845638748566
2015-06-14,Slovenia,England,True,-0.06953970334389614
2015-06-14,England,Slovenia,False,0.13223198450293827
2015-06-14,Sweden,Montenegro,False,0.005615001949817344
2015-06-14,Montenegro,Sweden,True,-0.002909298810051848
2015-06-14,Ukraine,Luxembourg,False,0.003624145806810919
2015-06-14,Luxembourg,Ukraine,True,-0.0018653767486702369
2015-06-15,Bermuda,Guatemala,True,-0.11673896552321134
2015-06-15,Guatemala,Bermuda,False,0.21427987494543155
2015-06-15,Chile,Mexico,False,-0.19379728715360822
2015-06-15,Mexico,Chile,False,-0.05579062083541153
2015-06-15,Ecuador,Bolivia,True,-0.02648173419752615
2015-06-15,Bolivia,Ecuador,False,0.04820678610814211
2015-06-16,Argentina,Uruguay,False,0.1608924871004267
2015-06-16,Uruguay,Argentina,True,-0.08532649336635081
2015-06-16,Bangladesh,Tajikistan,False,-1.5159923414846999
2015-06-16,Tajikistan,Bangladesh,True,0.717660670866335
2015-06-16,Bhutan,China,True,-2.179054282092231e-08
2015-06-16,China,Bhutan,False,4.325555336137654e-08
2015-06-16,Cambodia,Afghanistan,False,-1.044604913833175
2015-06-16,Afghanistan,Cambodia,False,1.771168945953266
2015-06-16,Canada,Dominica,False,3.5929112733867896e-06
2015-06-16,Dominica,Canada,True,-1.8117850609962649e-06
2015-06-16,El Salvador,Saint Kitts and Nevis,False,0.0033789444041083527
2015-06-16,Saint Kitts and Nevis,El Salvador,True,-0.0017370372938174795
2015-06-16,Grenada,Puerto Rico,False,0.33006163203693406
2015-06-16,Puerto Rico,Grenada,True,-0.1858629856177745
2015-06-16,Guam,India,False,0.04898244134405161
2015-06-16,India,Guam,True,-0.026893689334488685
2015-06-16,Hong Kong,Maldives,False,0.005719209876359432
2015-06-16,Maldives,Hong Kong,True,-0.0029641126600354114
2015-06-16,Kyrgyzstan,Australia,True,-0.002317963436076142
2015-06-16,Australia,Kyrgyzstan,False,0.004489023241127654
2015-06-16,Laos,Lebanon,True,-0.001118582398210305
2015-06-16,Lebanon,Laos,False,0.0021857364029691517
2015-06-16,Malaysia,Palestine,True,-1.0679084720890623e-07
2015-06-16,Palestine,Malaysia,False,2.0935610844929897e-07
2015-06-16,Myanmar,South Korea,True,-0.00038874842113751425
2015-06-16,South Korea,Myanmar,False,0.0007658655159161754
2015-06-16,North Korea,Uzbekistan,False,0.0033160737787469863
2015-06-16,Uzbekistan,North Korea,True,-0.0017728964754270818
2015-06-16,Paraguay,Jamaica,False,0.12628897159801733
2015-06-16,Jamaica,Paraguay,True,-0.06620840978032233
2015-06-16,Suriname,Nicaragua,True,-0.18030141148264411
2015-06-16,Nicaragua,Suriname,False,0.32312206380928155
2015-06-16,Taiwan,Thailand,True,-0.003375525374842381
2015-06-16,Thailand,Taiwan,False,0.0064896295554048855
2015-06-16,Turkmenistan,Iran,False,0.24084038842011912
2015-06-16,Iran,Turkmenistan,False,-0.591541019092356
2015-06-16,Yemen,Philippines,True,-0.007745991359183212
2015-06-16,Philippines,Yemen,False,0.014680358537785487
2015-06-17,Brazil,Colombia,True,-0.14694893475692763
2015-06-17,Colombia,Brazil,False,0.2681063144579494
2015-06-18,Peru,Venezuela,False,0.20331365968856963
2015-06-18,Venezuela,Peru,True,-0.1093431996646903
2015-06-19,Chile,Bolivia,False,0.00021637648139938293
2015-06-19,Bolivia,Chile,True,-0.00011136038462272568
2015-06-19,Mexico,Ecuador,True,-0.1194534533589392
2015-06-19,Ecuador,Mexico,False,0.22089739936350528
2015-06-20,Argentina,Jamaica,False,0.0636775563637193
2015-06-20,Jamaica,Argentina,True,-0.03272865566089851
2015-06-20,Uruguay,Paraguay,False,-0.20198121792722734
2015-06-20,Paraguay,Uruguay,False,-0.0005101573780135205
2015-06-21,Brazil,Venezuela,False,0.004227203715634342
2015-06-21,Venezuela,Brazil,True,-0.0021792803486783354
2015-06-24,Chile,Uruguay,False,1.885031288160645
2015-06-24,Uruguay,Chile,False,-1.1239869571601369
2015-06-25,Bolivia,Peru,True,-0.00011075948972048366
2015-06-25,Peru,Bolivia,False,0.0002154379594667688
2015-06-27,Brazil,Paraguay,False,-0.3224559607362636
2015-06-27,Paraguay,Brazil,False,0.08672992684683667
2015-06-29,Chile,Peru,False,0.1996100557102678
2015-06-29,Peru,Chile,True,-0.10742901852250045
2015-06-30,Argentina,Paraguay,False,6.062445095444957e-05
2015-06-30,Paraguay,Argentina,True,-3.0870648250243816e-05
2015-07-03,Peru,Paraguay,False,0.18083803326330639
2015-07-03,Paraguay,Peru,True,-0.09641334528451861
2015-07-07,Panama,Haiti,False,-1.7794392357808415
2015-07-07,Haiti,Panama,True,0.8803643888891063
2015-07-07,United States,Honduras,False,0.12771150573695067
2015-07-07,Honduras,United States,True,-0.06728488378444974
2015-07-08,Costa Rica,Jamaica,False,-0.1899029220966708
2015-07-08,Jamaica,Costa Rica,False,-0.020494958089248172
2015-07-09,Mexico,Cuba,False,3.651745572597065e-12
2015-07-09,Cuba,Mexico,True,-1.8351385851174e-12
2015-07-09,Trinidad and Tobago,Guatemala,False,0.02407755890768115
2015-07-09,Guatemala,Trinidad and Tobago,True,-0.01288567880336347
2015-07-10,Honduras,Panama,True,0.8919246742853227
2015-07-10,Panama,Honduras,False,-1.7990660553080824
2015-07-10,United States,Haiti,False,0.1376574640877517
2015-07-10,Haiti,United States,True,-0.07297100115050363
2015-07-11,Costa Rica,El Salvador,False,-1.8865320990754064
2015-07-11,El Salvador,Costa Rica,True,0.9407742663943518
2015-07-11,Jamaica,Canada,False,2.0220969573720122
2015-07-11,Canada,Jamaica,False,-1.2487532552085547
2015-07-12,Trinidad and Tobago,Cuba,False,0.009176498646203513
2015-07-12,Cuba,Trinidad and Tobago,True,-0.004794696256017079
2015-07-13,Honduras,Haiti,True,-0.14478354598402315
2015-07-13,Haiti,Honduras,False,0.2637801753448099
2015-07-13,United States,Panama,False,-0.33333661639664003
2015-07-13,Panama,United States,False,0.05570446063825896
2015-07-14,Jamaica,El Salvador,False,0.14307857156171178
2015-07-14,El Salvador,Jamaica,True,-0.07532891935657543
2015-07-15,Guatemala,Cuba,True,-0.23562056464568576
2015-07-15,Cuba,Guatemala,False,0.4118080066924712
2015-07-15,Trinidad and Tobago,Mexico,False,-1.3903239732311636
2015-07-15,Mexico,Trinidad and Tobago,True,0.6316992234469859
2015-07-18,Haiti,Jamaica,True,-0.13049882716717337
2015-07-18,Jamaica,Haiti,False,0.23967778164263365
2015-07-18,United States,Cuba,False,1.2232872492745628e-09
2015-07-18,Cuba,United States,True,-6.16292585060896e-10
2015-07-19,Trinidad and Tobago,Panama,False,0.039794929766366116
2015-07-19,Panama,Trinidad and Tobago,False,-0.30273297421745626
2015-07-22,Panama,Mexico,False,-1.6227067922304785
2015-07-22,Mexico,Panama,True,0.7862574375176465
2015-07-22,United States,Jamaica,True,-0.2812846446673235
2015-07-22,Jamaica,United States,False,0.4819002674581925
2015-07-25,United States,Panama,False,-0.33333661639664003
2015-07-25,Panama,United States,False,0.05570446063825896
2015-07-26,Jamaica,Mexico,True,-4.014677823554131e-05
2015-07-26,Mexico,Jamaica,False,7.870412165189578e-05
2015-08-31,Samoa,American Samoa,False,0.010661110245506311
2015-08-31,American Samoa,Samoa,True,-0.005610007445360251
2015-08-31,Tonga,Cook Islands,True,-0.000543001660736141
2015-08-31,Cook Islands,Tonga,False,0.0010370232800491763
2015-09-02,Cook Islands,Samoa,False,0.3483781679883715
2015-09-02,Samoa,Cook Islands,True,-0.1956629065725084
2015-09-02,Tonga,American Samoa,True,-0.32201690439132724
2015-09-02,American Samoa,Tonga,False,0.5348761801605946
2015-09-03,Australia,Bangladesh,False,2.2094770457670165e-11
2015-09-03,Bangladesh,Australia,True,-1.1086250044410386e-11
2015-09-03,Bahrain,North Korea,True,-0.21771343646293223
2015-09-03,North Korea,Bahrain,False,0.382653837358347
2015-09-03,Belgium,Bosnia and Herzegovina,False,0.12817724875247993
2015-09-03,Bosnia and Herzegovina,Belgium,True,-0.0678238228819404
2015-09-03,Bulgaria,Norway,True,-0.10212036927744478
2015-09-03,Norway,Bulgaria,False,0.18968709657217753
2015-09-03,Cyprus,Wales,False,-0.9339173767040252
2015-09-03,Wales,Cyprus,False,1.6804076906197702
2015-09-03,Czech Republic,Kazakhstan,False,1.5486926337830058
2015-09-03,Kazakhstan,Czech Republic,False,-0.8616776217419855
2015-09-03,Iran,Guam,False,3.909761403519951e-12
2015-09-03,Guam,Iran,True,-1.9598035146241136e-12
2015-09-03,Iraq,Taiwan,False,0.0016353469981451596
2015-09-03,Taiwan,Iraq,True,-0.0008348874872205542
2015-09-03,Israel,Andorra,False,1.444906385650313e-07
2015-09-03,Andorra,Israel,True,-7.291268025746338e-08
2015-09-03,Italy,Malta,False,0.04546233230389163
2015-09-03,Malta,Italy,True,-0.02324301876458498
2015-09-03,Japan,Cambodia,False,2.649661594134045e-06
2015-09-03,Cambodia,Japan,True,-1.3362585299141119e-06
2015-09-03,Kuwait,Myanmar,False,1.5840662115351734e-12
2015-09-03,Myanmar,Kuwait,True,-7.980551149972781e-13
2015-09-03,Netherlands,Iceland,True,-0.4048852453914269
2015-09-03,Iceland,Netherlands,False,0.6581241326942311
2015-09-03,Oman,Turkmenistan,False,0.00010317802947401589
2015-09-03,Turkmenistan,Oman,True,-5.275115182092235e-05
2015-09-03,Qatar,Bhutan,False,4.440892098500626e-16
2015-09-03,Bhutan,Qatar,True,-7.309317988121497e-22
2015-09-03,Saudi Arabia,Timor-Leste,False,4.440892098500626e-16
2015-09-03,Timor-Leste,Saudi Arabia,True,-8.035369427927268e-17
2015-09-03,South Korea,Laos,False,9.192646643896296e-14
2015-09-03,Laos,South Korea,True,-4.6134083999230884e-14
2015-09-03,Syria,Singapore,False,0.1091165098821052
2015-09-03,Singapore,Syria,True,-0.05711414944776489
2015-09-03,Turkey,Latvia,False,-0.513734565618726
2015-09-03,Latvia,Turkey,False,0.1883040321767474
2015-09-03,United Arab Emirates,Malaysia,False,5.773159728050814e-15
2015-09-03,Malaysia,United Arab Emirates,True,-2.974648079780075e-15
2015-09-03,Uzbekistan,Yemen,False,0.07207794067159945
2015-09-03,Yemen,Uzbekistan,True,-0.03723307363577767
2015-09-04,American Samoa,Cook Islands,False,0.033887759554485086
2015-09-04,Cook Islands,American Samoa,True,-0.018365815219282423
2015-09-04,Antigua and Barbuda,Guatemala,False,0.6539956241825298
2015-09-04,Guatemala,Antigua and Barbuda,True,-0.40031948884773644
2015-09-04,Canada,Belize,False,0.0007100594121975945
2015-09-04,Belize,Canada,True,-0.00036023196463094367
2015-09-04,Curaçao,El Salvador,True,-0.14629630558956722
2015-09-04,El Salvador,Curaçao,False,0.26695641895495514
2015-09-04,Faroe Islands,Northern Ireland,True,-0.0027204289223144826
2015-09-04,Northern Ireland,Faroe Islands,False,0.005265052264712189
2015-09-04,Georgia,Scotland,False,0.2889115569031695
2015-09-04,Scotland,Georgia,True,-0.1599326489912775
2015-09-04,Germany,Poland,False,0.20472216336897597
2015-09-04,Poland,Germany,True,-0.11130255535690023
2015-09-04,Gibraltar,Republic of Ireland,True,-2.34590450211157e-06
2015-09-04,Republic of Ireland,Gibraltar,False,4.6537211790820265e-06
2015-09-04,Greece,Finland,True,-0.16021489642992282
2015-09-04,Finland,Greece,False,0.2905060693712511
2015-09-04,Grenada,Haiti,True,-0.002810565933025367
2015-09-04,Haiti,Grenada,False,0.00541900706027354
2015-09-04,Jamaica,Nicaragua,True,-0.024902106143162937
2015-09-04,Nicaragua,Jamaica,False,0.04547683229390165
2015-09-04,Saint Vincent and the Grenadines,Aruba,False,0.2587885051590617
2015-09-04,Aruba,Saint Vincent and the Grenadines,True,-0.1434728424740583
2015-09-04,Serbia,Armenia,False,0.006700737762731723
2015-09-04,Armenia,Serbia,True,-0.003490027568538147
2015-09-04,Tonga,Samoa,True,-0.008718382536061532
2015-09-04,Samoa,Tonga,False,0.016408393595102044
2015-09-05,Austria,Moldova,False,0.07198215936036512
2015-09-05,Moldova,Austria,True,-0.03720590257461524
2015-09-05,Estonia,Lithuania,False,0.15858893991556977
2015-09-05,Lithuania,Estonia,True,-0.08403744858612777
2015-09-05,Luxembourg,North Macedonia,False,1.9364827333384056
2015-09-05,North Macedonia,Luxembourg,False,-1.1725748984716025
2015-09-05,Montenegro,Liechtenstein,False,0.0006911854020632546
2015-09-05,Liechtenstein,Montenegro,True,-0.0003501009298040857
2015-09-05,Russia,Sweden,False,0.2632160817839715
2015-09-05,Sweden,Russia,True,-0.144817451409181
2015-09-05,San Marino,England,True,-3.228180808039782e-10
2015-09-05,England,San Marino,False,6.439426769588863e-10
2015-09-05,Spain,Slovakia,False,0.00402172331048023
2015-09-05,Slovakia,Spain,True,-0.00207359997516715
2015-09-05,Switzerland,Slovenia,True,2.977917386888555
2015-09-05,Slovenia,Switzerland,False,-2.959482474420934
2015-09-05,Ukraine,Belarus,False,0.004668265174956332
2015-09-05,Belarus,Ukraine,True,-0.0024111359271725284
2015-09-06,Bosnia and Herzegovina,Andorra,False,9.635959358433865e-06
2015-09-06,Andorra,Bosnia and Herzegovina,True,-4.867814961910163e-06
2015-09-06,Cyprus,Belgium,False,-0.7558978950670904
2015-09-06,Belgium,Cyprus,False,1.380322271866044
2015-09-06,Italy,Bulgaria,False,0.08789265614095587
2015-09-06,Bulgaria,Italy,True,-0.04565485485514277
2015-09-06,Latvia,Czech Republic,True,-0.07427383718069672
2015-09-06,Czech Republic,Latvia,False,0.14050157966509058
2015-09-06,Malta,Azerbaijan,False,-1.7449084596664006
2015-09-06,Azerbaijan,Malta,True,0.8606851284479797
2015-09-06,Norway,Croatia,False,0.02782654429523035
2015-09-06,Croatia,Norway,True,-0.014985939988151082
2015-09-06,Turkey,Netherlands,False,0.04697923341922605
2015-09-06,Netherlands,Turkey,True,-0.025839619638627007
2015-09-07,Albania,Portugal,False,-0.9387935940996983
2015-09-07,Portugal,Albania,False,1.699175184583436
2015-09-07,Finland,Faroe Islands,False,0.11568533076721454
2015-09-07,Faroe Islands,Finland,True,-0.06053314819878612
2015-09-07,Northern Ireland,Hungary,True,0.8717795145969739
2015-09-07,Hungary,Northern Ireland,False,-1.7639469325871033
2015-09-07,Poland,Gibraltar,False,0.0
2015-09-07,Gibraltar,Poland,True,-1.643334450581026e-18
2015-09-07,Republic of Ireland,Georgia,False,0.1702841205150043
2015-09-07,Georgia,Republic of Ireland,True,-0.09065776418593534
2015-09-07,Scotland,Germany,True,-0.12103107068606184
2015-09-07,Germany,Scotland,False,0.22206976902085174
2015-09-08,Afghanistan,Japan,True,-7.943021213063288e-13
2015-09-08,Japan,Afghanistan,False,1.580957587066223e-12
2015-09-08,Aruba,Saint Vincent and the Grenadines,False,0.042097164518681396
2015-09-08,Saint Vincent and the Grenadines,Aruba,True,-0.023088294902599338
2015-09-08,Bangladesh,Jordan,True,-5.5733179234068814e-08
2015-09-08,Jordan,Bangladesh,False,1.1050624237896045e-07
2015-09-08,Belarus,Luxembourg,False,0.01023286623493913
2015-09-08,Luxembourg,Belarus,True,-0.005355664431800348
2015-09-08,Belize,Canada,False,0.287641649905538
2015-09-08,Canada,Belize,False,-0.6594045439336154
2015-09-08,Cambodia,Syria,True,-3.894456075927707e-09
2015-09-08,Syria,Cambodia,False,7.705220461673434e-09
2015-09-08,China,Maldives,False,2.38918529289478e-05
2015-09-08,Maldives,China,True,-1.2124768239746552e-05
2015-09-08,El Salvador,Curaçao,False,0.20266536414832048
2015-09-08,Curaçao,El Salvador,True,-0.1089413378295495
2015-09-08,England,Switzerland,False,0.176513586452979
2015-09-08,Switzerland,England,True,-0.09450422676418636
2015-09-08,Guatemala,Antigua and Barbuda,False,0.0019275149618880327
2015-09-08,Antigua and Barbuda,Guatemala,True,-0.0009860349167898474
2015-09-08,Haiti,Grenada,False,6.088886374966407e-05
2015-09-08,Grenada,Haiti,True,-3.1059747982851535e-05
2015-09-08,Hong Kong,Qatar,True,-0.0026487406143612105
2015-09-08,Qatar,Hong Kong,False,0.005120925132171106
2015-09-08,India,Iran,True,-1.2119245969922033e-05
2015-09-08,Iran,India,False,2.3902787060325892e-05
2015-09-08,Laos,Kuwait,True,-0.04855467106479502
2015-09-08,Kuwait,Laos,False,0.09274742009070769
2015-09-08,Lebanon,South Korea,True,-3.435586869916212e-05
2015-09-08,South Korea,Lebanon,False,6.742572110640666e-05
2015-09-08,Liechtenstein,Russia,True,-1.2833709718081446e-08
2015-09-08,Russia,Liechtenstein,False,2.5513674728472324e-08
2015-09-08,Lithuania,San Marino,False,1.560048094449411
2015-09-08,San Marino,Lithuania,False,-0.8130653174689667
2015-09-08,Moldova,Montenegro,True,-0.0037917654440589982
2015-09-08,Montenegro,Moldova,False,0.007295080904571982
2015-09-08,Nicaragua,Jamaica,True,-0.09353252906855282
2015-09-08,Jamaica,Nicaragua,False,0.1752600549033514
2015-09-08,North Macedonia,Spain,True,-0.06064790389171667
2015-09-08,Spain,North Macedonia,False,0.115418808588585
2015-09-08,Philippines,Uzbekistan,True,-5.075624017857493e-05
2015-09-08,Uzbekistan,Philippines,False,9.927799689446459e-05
2015-09-08,Slovenia,Estonia,False,0.10071731712289855
2015-09-08,Estonia,Slovenia,True,-0.05238709918213315
2015-09-08,Sweden,Austria,True,-0.01714869076508286
2015-09-08,Austria,Sweden,False,0.03171155755143085
2015-09-08,Taiwan,Vietnam,True,-0.07691744114800185
2015-09-08,Vietnam,Taiwan,False,0.14476470222010818
2015-09-08,Tajikistan,Australia,True,-0.0021181060054726707
2015-09-08,Australia,Tajikistan,False,0.004107566893101211
2015-09-08,Thailand,Iraq,True,0.9932668229137928
2015-09-08,Iraq,Thailand,False,-1.9872039888644268
2015-09-08,Yemen,Bahrain,True,-3.2170549904078096e-05
2015-09-08,Bahrain,Yemen,False,6.316091982316863e-05
2015-10-07,Mauritius,Kenya,True,-0.00327153617416271
2015-10-07,Kenya,Mauritius,False,0.006309768600402332
2015-10-07,Seychelles,Burundi,True,-0.05401355055070337
2015-10-07,Burundi,Seychelles,False,0.10331397594504299
2015-10-07,South Sudan,Mauritania,False,0.00047038694019496674
2015-10-07,Mauritania,South Sudan,False,-0.21156145128145187
2015-10-07,Tanzania,Malawi,False,0.007038458429775574
2015-10-07,Malawi,Tanzania,True,-0.0036527667248349278
2015-10-08,Albania,Serbia,False,-1.0727779137382272
2015-10-08,Serbia,Albania,False,1.8518837650477586
2015-10-08,Argentina,Ecuador,False,-1.3271683233247449
2015-10-08,Ecuador,Argentina,False,2.071672123072283
2015-10-08,Bahrain,Uzbekistan,True,-0.0001627977844139396
2015-10-08,Uzbekistan,Bahrain,False,0.0003156293769595031
2015-10-08,Bhutan,Maldives,True,-4.843746376548102e-06
2015-10-08,Maldives,Bhutan,False,9.44112169243283e-06
2015-10-08,Bolivia,Uruguay,True,-0.0042362627953416694
2015-10-08,Uruguay,Bolivia,False,0.008120613070984106
2015-10-08,Chile,Brazil,False,0.3745954675756735
2015-10-08,Brazil,Chile,True,-0.21250802243103672
2015-10-08,Colombia,Peru,False,0.13677128116194082
2015-10-08,Peru,Colombia,True,-0.07207431657773564
2015-10-08,Georgia,Gibraltar,False,1.1015662906732615e-05
2015-10-08,Gibraltar,Georgia,True,-5.570355318816152e-06
2015-10-08,Hungary,Faroe Islands,False,0.10342554758703582
2015-10-08,Faroe Islands,Hungary,True,-0.05398378229367435
2015-10-08,Jordan,Australia,False,0.3385015069392394
2015-10-08,Australia,Jordan,True,-0.18996163012263328
2015-10-08,Kuwait,South Korea,True,-0.07406622827753342
2015-10-08,South Korea,Kuwait,False,0.14008044559885047
2015-10-08,Kyrgyzstan,Tajikistan,True,0.8212870381006284
2015-10-08,Tajikistan,Kyrgyzstan,False,-1.6800527994736605
2015-10-08,Liberia,Guinea-Bissau,False,-0.14228498891479546
2015-10-08,Guinea-Bissau,Liberia,False,-0.06954187038370918
2015-10-08,Myanmar,Lebanon,True,-0.053558774073796514
2015-10-08,Lebanon,Myanmar,False,0.10278104613451111
2015-10-08,Northern Ireland,Greece,False,0.0003286650580016648
2015-10-08,Greece,Northern Ireland,True,-0.00016952982514932907
2015-10-08,Oman,Iran,False,0.04253463031170612
2015-10-08,Iran,Oman,False,-0.2694306401916162
2015-10-08,Portugal,Denmark,False,0.19158091262328902
2015-10-08,Denmark,Portugal,True,-0.10292904990359086
2015-10-08,Qatar,China,False,0.20602985746817204
2015-10-08,China,Qatar,True,-0.11134103755211869
2015-10-08,Republic of Ireland,Germany,False,0.38680554410529844
2015-10-08,Germany,Republic of Ireland,True,-0.22012910943799407
2015-10-08,Romania,Finland,True,0.8216390170213512
2015-10-08,Finland,Romania,False,-1.6797067722418877
2015-10-08,Saudi Arabia,United Arab Emirates,False,1.8006060462441802
2015-10-08,United Arab Emirates,Saudi Arabia,False,-1.0419092771698484
2015-10-08,Scotland,Poland,False,-1.7022687973298845
2015-10-08,Poland,Scotland,True,0.8343843629577263
2015-10-08,Singapore,Afghanistan,False,0.22494636990015726
2015-10-08,Afghanistan,Singapore,True,-0.12224925078451648
2015-10-08,Syria,Japan,True,-0.002773162602508312
2015-10-08,Japan,Syria,False,0.00535839544254868
2015-10-08,São Tomé and Príncipe,Ethiopia,False,2.0123635402721565
2015-10-08,Ethiopia,São Tomé and Príncipe,False,-1.3101545393082192
2015-10-08,Turkmenistan,India,False,0.2283812841392412
2015-10-08,India,Turkmenistan,True,-0.1240776497497896
2015-10-08,Venezuela,Paraguay,False,-1.1620462049338243
2015-10-08,Paraguay,Venezuela,False,1.9289326233168556
2015-10-08,Vietnam,Iraq,False,-1.6793624313728959
2015-10-08,Iraq,Vietnam,True,0.8211802590803761
2015-10-09,Djibouti,Eswatini,True,-0.00015376686162053572
2015-10-09,Eswatini,Djibouti,False,0.00029795478366168027
2015-10-09,England,Estonia,False,0.05177876656260905
2015-10-09,Estonia,England,True,-0.026549087106619497
2015-10-09,Gambia,Namibia,True,0.8187895113486352
2015-10-09,Namibia,Gambia,False,-1.6754811169515813
2015-10-09,Liechtenstein,Sweden,True,-0.00024925706225789504
2015-10-09,Sweden,Liechtenstein,False,0.0004927673981285352
2015-10-09,Moldova,Russia,True,-0.05378179362333087
2015-10-09,Russia,Moldova,False,0.10303462914702433
2015-10-09,Montenegro,Austria,False,-2.622652636996095
2015-10-09,Austria,Montenegro,True,2.785800327699762
2015-10-09,North Macedonia,Ukraine,True,-0.11375534284850694
2015-10-09,Ukraine,North Macedonia,False,0.21041719092134548
2015-10-09,Slovakia,Belarus,True,-0.25888980435876
2015-10-09,Belarus,Slovakia,False,0.44779965725833737
2015-10-09,Slovenia,Lithuania,False,-1.91717392482723
2015-10-09,Lithuania,Slovenia,True,0.9571818332398305
2015-10-09,Somalia,Niger,True,-0.00153951532951185
2015-10-09,Niger,Somalia,False,0.0030015157196050524
2015-10-09,Spain,Luxembourg,False,0.0011232922010098179
2015-10-09,Luxembourg,Spain,True,-0.000571887791603902
2015-10-09,Switzerland,San Marino,False,1.894484569220367e-12
2015-10-09,San Marino,Switzerland,True,-9.492440648100432e-13
2015-10-10,Andorra,Belgium,True,-1.824537129690981e-06
2015-10-10,Belgium,Andorra,False,3.6206614058009734e-06
2015-10-10,Azerbaijan,Italy,True,-0.0012992713450446906
2015-10-10,Italy,Azerbaijan,False,0.00253655781516704
2015-10-10,Bosnia and Herzegovina,Wales,False,0.27635431972916
2015-10-10,Wales,Bosnia and Herzegovina,True,-0.15220551020441953
2015-10-10,Chad,Sierra Leone,False,0.28921892285100137
2015-10-10,Sierra Leone,Chad,True,-0.1595699199965819
2015-10-10,Croatia,Bulgaria,False,0.003660910472295331
2015-10-10,Bulgaria,Croatia,True,-0.0018857216078828995
2015-10-10,Czech Republic,Turkey,True,-0.19271409498742464
2015-10-10,Turkey,Czech Republic,False,0.3415907408414456
2015-10-10,Eritrea,Botswana,True,-0.002660858304462665
2015-10-10,Botswana,Eritrea,False,0.005147065292477659
2015-10-10,Iceland,Latvia,False,-0.4114993200907353
2015-10-10,Latvia,Iceland,False,0.11819536621179483
2015-10-10,Israel,Cyprus,True,-0.3653813843261412
2015-10-10,Cyprus,Israel,False,0.602474202399987
2015-10-10,Kazakhstan,Netherlands,True,-0.0022170326746145962
2015-10-10,Netherlands,Kazakhstan,False,0.004291470118508833
2015-10-10,Madagascar,Central African Republic,False,0.000846824830062598
2015-10-10,Central African Republic,Madagascar,True,-0.0004425252192951002
2015-10-10,Norway,Malta,False,0.0018058555913897933
2015-10-10,Malta,Norway,True,-0.0009227307117768567
2015-10-11,Armenia,Albania,True,-0.006288068610438758
2015-10-11,Albania,Armenia,False,0.01196921323364375
2015-10-11,Ethiopia,São Tomé and Príncipe,False,0.0002234128277853742
2015-10-11,São Tomé and Príncipe,Ethiopia,True,-0.00011502338851959235
2015-10-11,Faroe Islands,Romania,True,-0.0024273563837800506
2015-10-11,Romania,Faroe Islands,False,0.004703358571036986
2015-10-11,Finland,Northern Ireland,True,0.8755183594790956
2015-10-11,Northern Ireland,Finland,False,-1.7701175890056597
2015-10-11,Germany,Georgia,False,1.4617606363297102
2015-10-11,Georgia,Germany,False,-0.8165151952581325
2015-10-11,Gibraltar,Scotland,True,-2.304007604792196e-08
2015-10-11,Scotland,Gibraltar,False,4.5758708377974244e-08
2015-10-11,Greece,Hungary,True,2.852147657816227
2015-10-11,Hungary,Greece,False,-2.7305805822109033
2015-10-11,Malawi,Tanzania,False,0.18291276720930982
2015-10-11,Tanzania,Malawi,True,-0.09756124948173667
2015-10-11,Poland,Republic of Ireland,False,0.17751787714775702
2015-10-11,Republic of Ireland,Poland,True,-0.09487947736225266
2015-10-11,Serbia,Portugal,False,-1.0142834014956768
2015-10-11,Portugal,Serbia,False,1.734970240565517
2015-10-12,Austria,Liechtenstein,False,1.7064105115593975e-06
2015-10-12,Liechtenstein,Austria,True,-8.585570687718579e-07
2015-10-12,Estonia,Switzerland,False,-0.8574998213091183
2015-10-12,Switzerland,Estonia,False,1.5640311658165649
2015-10-12,Lithuania,England,True,-7.4200102418786335e-06
2015-10-12,England,Lithuania,False,1.4662104321772063e-05
2015-10-12,Luxembourg,Slovakia,True,-0.08317427459034787
2015-10-12,Slovakia,Luxembourg,False,0.1566597544698567
2015-10-12,Russia,Montenegro,False,0.005837725158261975
2015-10-12,Montenegro,Russia,True,-0.0030255868544170946
2015-10-12,San Marino,Slovenia,True,-0.00012959198834445074
2015-10-12,Slovenia,San Marino,False,0.0002570893745930114
2015-10-12,Sweden,Moldova,False,0.00171774255182644
2015-10-12,Moldova,Sweden,True,-0.00087713596869742
2015-10-12,Ukraine,Spain,True,-0.09524502101292648
2015-10-12,Spain,Ukraine,False,0.17771331146479774
2015-10-13,Bahrain,Philippines,False,0.004370602011142033
2015-10-13,Philippines,Bahrain,True,-0.0022552833645189305
2015-10-13,Belgium,Israel,False,0.14394730032181746
2015-10-13,Israel,Belgium,True,-0.07698573529297123
2015-10-13,Bhutan,Hong Kong,False,-0.7496469178583346
2015-10-13,Hong Kong,Bhutan,False,1.3859824305167698
2015-10-13,Botswana,Eritrea,False,0.097297388921195
2015-10-13,Eritrea,Botswana,True,-0.05068030710097073
2015-10-13,Brazil,Venezuela,False,0.003941711137497972
2015-10-13,Venezuela,Brazil,True,-0.002031973188766485
2015-10-13,Bulgaria,Azerbaijan,False,0.008600440845584867
2015-10-13,Azerbaijan,Bulgaria,True,-0.004485796462630528
2015-10-13,Burundi,Seychelles,False,0.0733145053358899
2015-10-13,Seychelles,Burundi,True,-0.03795340126191558
2015-10-13,Cyprus,Bosnia and Herzegovina,True,-0.10650572064172079
2015-10-13,Bosnia and Herzegovina,Cyprus,False,0.1975084970211336
2015-10-13,Ecuador,Bolivia,False,1.5773126143849932
2015-10-13,Bolivia,Ecuador,False,-0.8883819346367965
2015-10-13,Guinea-Bissau,Liberia,True,-0.1474056202728581
2015-10-13,Liberia,Guinea-Bissau,False,0.2687500083863186
2015-10-13,Italy,Norway,False,1.7139719125893549
2015-10-13,Norway,Italy,False,-0.9778457915235245
2015-10-13,Jordan,Tajikistan,False,0.005195881276471859
2015-10-13,Tajikistan,Jordan,True,-0.002688214358697765
2015-10-13,Kyrgyzstan,Bangladesh,False,0.0745295577832481
2015-10-13,Bangladesh,Kyrgyzstan,True,-0.03851942549759501
2015-10-13,Latvia,Kazakhstan,True,-0.13616922207786705
2015-10-13,Kazakhstan,Latvia,False,0.2494178130733351
2015-10-13,Lesotho,Comoros,False,-0.09131411618738339
2015-10-13,Comoros,Lesotho,False,-0.12407209493346971
2015-10-13,Madagascar,Central African Republic,False,-0.2514211038422114
2015-10-13,Central African Republic,Madagascar,False,-0.04508935447917617
2015-10-13,Malta,Croatia,True,-0.0404701147481826
2015-10-13,Croatia,Malta,False,0.07813946378336745
2015-10-13,Mauritania,South Sudan,False,0.0036607881544066245
2015-10-13,South Sudan,Mauritania,True,-0.0018823603941245386
2015-10-13,Myanmar,Laos,False,0.011394348102634844
2015-10-13,Laos,Myanmar,True,-0.0059897043610129715
2015-10-13,Namibia,Gambia,False,0.24654759743145993
2015-10-13,Gambia,Namibia,True,-0.13456017388043856
2015-10-13,Netherlands,Czech Republic,True,-0.043504719384238534
2015-10-13,Czech Republic,Netherlands,False,0.0772548334801102
2015-10-13,Niger,Somalia,False,6.672139392094323e-07
2015-10-13,Somalia,Niger,True,-3.3802471184653515e-07
2015-10-13,North Korea,Yemen,False,0.15491503363268633
2015-10-13,Yemen,North Korea,True,-0.08253068183150133
2015-10-13,Oman,India,False,0.0033399212354359165
2015-10-13,India,Oman,True,-0.0017155815775757974
2015-10-13,Peru,Chile,True,-0.009956304376254128
2015-10-13,Chile,Peru,False,0.018744860781200856
2015-10-13,Qatar,Maldives,False,2.0676684136855528e-05
2015-10-13,Maldives,Qatar,True,-1.0493926606405738e-05
2015-10-13,Sierra Leone,Chad,False,1.79298741007407
2015-10-13,Chad,Sierra Leone,False,-0.9920204537607598
2015-10-13,Singapore,Cambodia,False,0.1662035927626948
2015-10-13,Cambodia,Singapore,True,-0.08899109801527605
2015-10-13,Syria,Afghanistan,False,0.002956726745524829
2015-10-13,Afghanistan,Syria,True,-0.001517595539104757
2015-10-13,Turkey,Iceland,False,1.6891187973427886
2015-10-13,Iceland,Turkey,False,-0.9980408151987905
2015-10-13,Turkmenistan,Guam,False,0.0829835750843837
2015-10-13,Guam,Turkmenistan,True,-0.04305543654634788
2015-10-13,Uruguay,Colombia,False,0.014878649848783176
2015-10-13,Colombia,Uruguay,True,-0.007851746991791534
2015-10-13,Vietnam,Thailand,True,-0.0005945205570125481
2015-10-13,Thailand,Vietnam,False,0.0011340919029274588
2015-10-13,Wales,Andorra,False,0.03657375603050905
2015-10-13,Andorra,Wales,True,-0.018586635095094103
2015-10-17,Eswatini,Djibouti,False,0.12538104469022127
2015-10-17,Djibouti,Eswatini,True,-0.06621529457578694
2015-11-11,Mozambique,Gabon,False,0.29144627370486154
2015-11-11,Gabon,Mozambique,True,-0.16142078213152217
2015-11-11,Sudan,Zambia,True,-0.10844375065354334
2015-11-11,Zambia,Sudan,False,0.20154160671517563
2015-11-12,Afghanistan,Cambodia,False,0.1814013438518547
2015-11-12,Cambodia,Afghanistan,True,-0.09719365879710622
2015-11-12,Australia,Kyrgyzstan,False,4.51699097125946e-05
2015-11-12,Kyrgyzstan,Australia,True,-2.2984725657309983e-05
2015-11-12,Benin,Burkina Faso,False,1.9092307961087704
2015-11-12,Burkina Faso,Benin,False,-1.1455107793730406
2015-11-12,Bolivia,Venezuela,False,0.036292293366038564
2015-11-12,Venezuela,Bolivia,True,-0.019737853738154683
2015-11-12,Burundi,DR Congo,False,-1.0034551507085083
2015-11-12,DR Congo,Burundi,False,1.7470271921019782
2015-11-12,Chile,Colombia,False,-0.06994694882006458
2015-11-12,Colombia,Chile,False,-0.166856172021546
2015-11-12,China,Bhutan,False,4.440892098500626e-16
2015-11-12,Bhutan,China,True,-8.314015951623903e-22
2015-11-12,Ecuador,Uruguay,False,0.2534887302779305
2015-11-12,Uruguay,Ecuador,True,-0.1386162175273969
2015-11-12,India,Guam,False,0.07297864928501507
2015-11-12,Guam,India,True,-0.03764387908184786
2015-11-12,Iran,Turkmenistan,False,0.056141798159696776
2015-11-12,Turkmenistan,Iran,True,-0.028890688420068058
2015-11-12,Lebanon,Laos,False,9.321903249315255e-10
2015-11-12,Laos,Lebanon,True,-4.694061546427911e-10
2015-11-12,Maldives,Hong Kong,True,-0.10056098223172817
2015-11-12,Hong Kong,Maldives,False,0.18723284527909634
2015-11-12,Morocco,Equatorial Guinea,False,0.0013798947299612507
2015-11-12,Equatorial Guinea,Morocco,True,-0.0007022558295662469
2015-11-12,Namibia,Guinea,True,-0.12543189339429534
2015-11-12,Guinea,Namibia,False,0.2308767229143589
2015-11-12,Norway,Hungary,True,-0.22251397859234262
2015-11-12,Hungary,Norway,False,0.38987860237278404
2015-11-12,Palestine,Malaysia,False,4.028709249759288e-06
2015-11-12,Malaysia,Palestine,True,-2.0557854471120986e-06
2015-11-12,Philippines,Yemen,False,-1.1982101002123806
2015-11-12,Yemen,Philippines,False,1.9447846609909842
2015-11-12,Singapore,Japan,True,-0.0008364212715910942
2015-11-12,Japan,Singapore,False,0.0016367829525685273
2015-11-12,South Korea,Myanmar,False,0.0006550130437226187
2015-11-12,Myanmar,South Korea,True,-0.0003324605535247414
2015-11-12,Tajikistan,Bangladesh,False,2.2984441017115387e-09
2015-11-12,Bangladesh,Tajikistan,True,-1.1587492168659806e-09
2015-11-12,Thailand,Taiwan,False,0.003554472512907747
2015-11-12,Taiwan,Thailand,True,-0.0018327252581039552
2015-11-12,Togo,Uganda,True,-0.10698835983528543
2015-11-12,Uganda,Togo,False,0.1995581508643447
2015-11-12,United Arab Emirates,Timor-Leste,False,8.881784197001252e-16
2015-11-12,Timor-Leste,United Arab Emirates,True,-2.09085510761799e-16
2015-11-12,Uzbekistan,North Korea,False,0.14295607267291466
2015-11-12,North Korea,Uzbekistan,True,-0.0758608645107417
2015-11-13,Angola,South Africa,True,-0.10448001256592232
2015-11-13,South Africa,Angola,False,0.19497917399563347
2015-11-13,Argentina,Brazil,False,-0.14995283094877943
2015-11-13,Brazil,Argentina,False,-0.07812048372780445
2015-11-13,Bosnia and Herzegovina,Republic of Ireland,False,-0.12042382964070986
2015-11-13,Republic of Ireland,Bosnia and Herzegovina,False,-0.09875315724641776
2015-11-13,Canada,Honduras,False,0.1456113295556838
2015-11-13,Honduras,Canada,True,-0.07717158294819822
2015-11-13,Costa Rica,Haiti,False,0.18048643798375075
2015-11-13,Haiti,Costa Rica,True,-0.0968980623182806
2015-11-13,Guatemala,Trinidad and Tobago,True,-0.2196316648212808
2015-11-13,Trinidad and Tobago,Guatemala,False,0.3854553962536329
2015-11-13,Jamaica,Panama,True,-0.008797884466913366
2015-11-13,Panama,Jamaica,False,0.016616505873462195
2015-11-13,Kenya,Cape Verde,False,0.25773128304120085
2015-11-13,Cape Verde,Kenya,True,-0.14083108261664032
2015-11-13,Liberia,Ivory Coast,True,-0.06934658732064973
2015-11-13,Ivory Coast,Liberia,False,0.131681030829653
2015-11-13,Libya,Rwanda,False,0.19142293481950912
2015-11-13,Rwanda,Libya,True,-0.1023668912681555
2015-11-13,Madagascar,Senegal,False,-1.4969034324873278
2015-11-13,Senegal,Madagascar,True,0.7043729877941334
2015-11-13,Mauritania,Tunisia,True,-0.07505392358773381
2015-11-13,Tunisia,Mauritania,False,0.1422801666819029
2015-11-13,Mexico,El Salvador,False,2.3621065042611633e-05
2015-11-13,El Salvador,Mexico,True,-1.1974926327189445e-05
2015-11-13,Niger,Cameroon,True,-0.0001213985305112582
2015-11-13,Cameroon,Niger,False,0.0002359211429356911
2015-11-13,Peru,Paraguay,False,0.1752568005272903
2015-11-13,Paraguay,Peru,True,-0.09342684136862359
2015-11-13,United States,Saint Vincent and the Grenadines,False,7.483298425370322e-10
2015-11-13,Saint Vincent and the Grenadines,United States,True,-3.769060364738029e-10
2015-11-14,Botswana,Mali,False,0.327238600329375
2015-11-14,Mali,Botswana,True,-0.1823422753282123
2015-11-14,Chad,Egypt,False,0.5024452876773484
2015-11-14,Egypt,Chad,True,-0.29413505381738325
2015-11-14,Ethiopia,Congo,True,-0.015420389622626963
2015-11-14,Congo,Ethiopia,False,0.028600673605915894
2015-11-14,Gabon,Mozambique,False,0.18500989656416733
2015-11-14,Mozambique,Gabon,True,-0.09926561068832024
2015-11-14,Sweden,Denmark,False,0.021377419863976677
2015-11-14,Denmark,Sweden,True,-0.011402276246494385
2015-11-14,Tanzania,Algeria,False,0.07313397808429467
2015-11-14,Algeria,Tanzania,False,-0.3474721742766893
2015-11-14,Ukraine,Slovenia,False,0.007642542048862833
2015-11-14,Slovenia,Ukraine,True,-0.003975290644256788
2015-11-15,Equatorial Guinea,Morocco,False,0.39088107833860963
2015-11-15,Morocco,Equatorial Guinea,True,-0.2216626767800486
2015-11-15,Guinea,Namibia,False,0.17982880620115482
2015-11-15,Namibia,Guinea,True,-0.09600477582832886
2015-11-15,Hungary,Norway,False,0.29569066896888785
2015-11-15,Norway,Hungary,True,-0.16428809493009633
2015-11-15,Uganda,Togo,False,0.00015511923910649372
2015-11-15,Togo,Uganda,True,-7.948090704668913e-05
2015-11-15,Zambia,Sudan,False,0.15042968187681716
2015-11-15,Sudan,Zambia,True,-0.07967899222132456
2015-11-16,Republic of Ireland,Bosnia and Herzegovina,False,0.009487664920397432
2015-11-16,Bosnia and Herzegovina,Republic of Ireland,True,-0.004956462438134905
2015-11-17,Algeria,Tanzania,False,6.297184995673888e-13
2015-11-17,Tanzania,Algeria,True,-3.170582166286752e-13
2015-11-17,Bangladesh,Australia,True,-1.1027009535468709e-08
2015-11-17,Australia,Bangladesh,False,2.1921453985385142e-08
2015-11-17,Bhutan,Qatar,True,-0.00022807442446314563
2015-11-17,Qatar,Bhutan,False,0.0004495730303251122
2015-11-17,Brazil,Peru,False,0.003986928447325955
2015-11-17,Peru,Brazil,True,-0.002053712884948517
2015-11-17,Burkina Faso,Benin,False,0.008969318350274147
2015-11-17,Benin,Burkina Faso,True,-0.004683121285388513
2015-11-17,Cambodia,Japan,True,-0.01803025040194009
2015-11-17,Japan,Cambodia,False,0.0351742938334505
2015-11-17,Cape Verde,Kenya,False,0.005686845934826046
2015-11-17,Kenya,Cape Verde,True,-0.0029426461952439076
2015-11-17,Colombia,Argentina,True,-0.12510779233505173
2015-11-17,Argentina,Colombia,False,0.2305978632599337
2015-11-17,Congo,Ethiopia,False,0.2411059272742233
2015-11-17,Ethiopia,Congo,True,-0.1320680568731074
2015-11-17,Denmark,Sweden,True,0.7899019393603657
2015-11-17,Sweden,Denmark,False,-1.6291330896015723
2015-11-17,Egypt,Chad,False,9.066242423472204e-08
2015-11-17,Chad,Egypt,True,-4.569986166707641e-08
2015-11-17,Ghana,Comoros,False,0.12397544629571033
2015-11-17,Comoros,Ghana,True,-0.06518130541108459
2015-11-17,Guam,Iran,True,-2.0653288509307316e-14
2015-11-17,Iran,Guam,False,4.1744385725905886e-14
2015-11-17,Haiti,Jamaica,True,-0.17085948135995965
2015-11-17,Jamaica,Haiti,False,0.30694557314284987
2015-11-17,Honduras,Mexico,True,-0.003538649674231887
2015-11-17,Mexico,Honduras,False,0.006811636921492337
2015-11-17,Ivory Coast,Liberia,False,5.311332873514374e-05
2015-11-17,Liberia,Ivory Coast,True,-2.703926430845859e-05
2015-11-17,Kyrgyzstan,Jordan,False,0.380455771956171
2015-11-17,Jordan,Kyrgyzstan,True,-0.21617511924101823
2015-11-17,Laos,South Korea,True,-7.335244939213029e-11
2015-11-17,South Korea,Laos,False,1.4593881658697683e-10
2015-11-17,Malaysia,United Arab Emirates,True,-0.0817297287367455
2015-11-17,United Arab Emirates,Malaysia,False,0.15343036043934433
2015-11-17,Mali,Botswana,False,0.0026658817273976787
2015-11-17,Botswana,Mali,True,-0.0013653941478434693
2015-11-17,Nigeria,Eswatini,False,0.09580213919994263
2015-11-17,Eswatini,Nigeria,True,-0.049944688689222916
2015-11-17,North Korea,Bahrain,False,0.29084415324154556
2015-11-17,Bahrain,North Korea,True,-0.16118506024684687
2015-11-17,Panama,Costa Rica,True,-0.1534776144258452
2015-11-17,Costa Rica,Panama,False,0.2781429272471567
2015-11-17,Paraguay,Bolivia,False,0.1722674274541771
2015-11-17,Bolivia,Paraguay,True,-0.09212698573346348
2015-11-17,Rwanda,Libya,True,-0.13370433469758747
2015-11-17,Libya,Rwanda,False,0.2455849375922945
2015-11-17,Saint Vincent and the Grenadines,Guatemala,True,-0.00012367399084741972
2015-11-17,Guatemala,Saint Vincent and the Grenadines,False,0.00023997602705971843
2015-11-17,Senegal,Madagascar,False,0.00287985684170744
2015-11-17,Madagascar,Senegal,True,-0.0014785888572430691
2015-11-17,Singapore,Syria,True,-0.07450807534510076
2015-11-17,Syria,Singapore,False,0.1405741199217707
2015-11-17,Slovenia,Ukraine,False,-1.7588716155103832
2015-11-17,Ukraine,Slovenia,True,0.8688087458270175
2015-11-17,South Africa,Angola,False,0.1468051013796785
2015-11-17,Angola,South Africa,True,-0.0775044289551881
2015-11-17,Taiwan,Iraq,True,-0.04591491508454089
2015-11-17,Iraq,Taiwan,False,0.08805177725260593
2015-11-17,Timor-Leste,Saudi Arabia,True,-2.1914313594764072e-13
2015-11-17,Saudi Arabia,Timor-Leste,False,4.3653969328261155e-13
2015-11-17,Tunisia,Mauritania,False,1.6541842628394172
2015-11-17,Mauritania,Tunisia,False,-0.8999018887170414
2015-11-17,Turkmenistan,Oman,False,0.3888848442232473
2015-11-17,Oman,Turkmenistan,True,-0.22128294672153914
2015-11-17,Uruguay,Chile,False,0.0003599230741255788
2015-11-17,Chile,Uruguay,True,-0.00018597504479936304
2015-11-17,Venezuela,Ecuador,True,-0.00039690754679503633
2015-11-17,Ecuador,Venezuela,False,0.0007613637606671553
2015-11-17,Yemen,Uzbekistan,True,-1.4040935812765676e-05
2015-11-17,Uzbekistan,Yemen,False,2.767888690957676e-05
2016-01-08,Panama,Cuba,False,5.8017116373765276e-05
2016-01-08,Cuba,Panama,True,-2.956765162163348e-05
2016-01-08,Trinidad and Tobago,Haiti,False,-1.0278782764303012
2016-01-08,Haiti,Trinidad and Tobago,False,1.7615684164821377
2016-03-24,Australia,Tajikistan,False,2.8639313143230538e-11
2016-03-24,Tajikistan,Australia,True,-1.4424708529593496e-11
2016-03-24,Bahrain,Yemen,False,0.0031193940770766204
2016-03-24,Yemen,Bahrain,True,-0.0016014381017750525
2016-03-24,Bolivia,Colombia,False,-0.8922358919033828
2016-03-24,Colombia,Bolivia,False,1.5919215410355143
2016-03-24,Chile,Argentina,True,-0.10151185452162771
2016-03-24,Argentina,Chile,False,0.18914355259775295
2016-03-24,China,Maldives,False,0.001557597198565297
2016-03-24,Maldives,China,True,-0.0007954895867112139
2016-03-24,Ecuador,Paraguay,True,0.8145633744925531
2016-03-24,Paraguay,Ecuador,False,-1.6683024043674224
2016-03-24,Iran,India,False,1.013913458614013e-05
2016-03-24,India,Iran,True,-5.12464188251436e-06
2016-03-24,Iraq,Thailand,False,-0.22354387794774455
2016-03-24,Thailand,Iraq,False,-0.0037282515855912024
2016-03-24,Japan,Afghanistan,False,5.6514683155484136e-08
2016-03-24,Afghanistan,Japan,True,-2.847961810095445e-08
2016-03-24,Jordan,Bangladesh,False,6.132871988029365e-13
2016-03-24,Bangladesh,Jordan,True,-3.079742687811656e-13
2016-03-24,Oman,Guam,False,0.03595554264110756
2016-03-24,Guam,Oman,True,-0.01831193109813545
2016-03-24,Peru,Venezuela,True,0.8165006952880971
2016-03-24,Venezuela,Peru,False,-1.6718276649414365
2016-03-24,Qatar,Hong Kong,False,0.09424909783798263
2016-03-24,Hong Kong,Qatar,True,-0.049120999773308714
2016-03-24,Saudi Arabia,Malaysia,False,0.0030670948033066914
2016-03-24,Malaysia,Saudi Arabia,True,-0.0015767537665684027
2016-03-24,South Korea,Lebanon,False,1.6052255413722873
2016-03-24,Lebanon,South Korea,False,-0.8589029412500779
2016-03-24,Syria,Cambodia,False,2.733009600852654e-07
2016-03-24,Cambodia,Syria,True,-1.3816301940370838e-07
2016-03-24,United Arab Emirates,Palestine,False,0.0092667479450812
2016-03-24,Palestine,United Arab Emirates,True,-0.004843192298413547
2016-03-24,Uzbekistan,Philippines,False,0.08376457794085512
2016-03-24,Philippines,Uzbekistan,True,-0.04353878428185923
2016-03-24,Vietnam,Taiwan,False,0.0036192562722106025
2016-03-24,Taiwan,Vietnam,True,-0.001865360858071494
2016-03-25,Brazil,Uruguay,False,-0.2869715069858143
2016-03-25,Uruguay,Brazil,False,0.0365912297095119
2016-03-25,Canada,Mexico,True,-0.00040347395981052826
2016-03-25,Mexico,Canada,False,0.0007737938594631899
2016-03-25,El Salvador,Honduras,True,0.8962203429864966
2016-03-25,Honduras,El Salvador,False,-1.8063396236834781
2016-03-25,Guatemala,United States,False,0.052069432828815376
2016-03-25,United States,Guatemala,True,-0.028705388824099738
2016-03-25,Jamaica,Costa Rica,False,-0.06669812938797759
2016-03-25,Costa Rica,Jamaica,False,-0.161627348452972
2016-03-25,Saint Vincent and the Grenadines,Trinidad and Tobago,True,-0.10806903332473906
2016-03-25,Trinidad and Tobago,Saint Vincent and the Grenadines,False,0.1987661319266314
2016-03-29,Afghanistan,Singapore,False,0.26455445649029574
2016-03-29,Singapore,Afghanistan,True,-0.14513449092399094
2016-03-29,Argentina,Bolivia,False,0.0023889536336527684
2016-03-29,Bolivia,Argentina,True,-0.0012247908481060256
2016-03-29,Australia,Jordan,False,4.986265622619612e-08
2016-03-29,Jordan,Australia,True,-2.5308354264264186e-08
2016-03-29,China,Qatar,False,0.28010830447424695
2016-03-29,Qatar,China,True,-0.15474689525557553
2016-03-29,Colombia,Ecuador,False,0.00020046677198992668
2016-03-29,Ecuador,Colombia,True,-0.00010299153058603411
2016-03-29,Costa Rica,Jamaica,False,0.007258686252673563
2016-03-29,Jamaica,Costa Rica,True,-0.003773888163433144
2016-03-29,Honduras,El Salvador,False,0.14544540117437865
2016-03-29,El Salvador,Honduras,True,-0.07678991471435963
2016-03-29,India,Turkmenistan,True,-0.16787880293355673
2016-03-29,Turkmenistan,India,False,0.3023313729009809
2016-03-29,Iran,Oman,False,0.0028577058079939377
2016-03-29,Oman,Iran,True,-0.0014653065391949946
2016-03-29,Iraq,Vietnam,False,0.14940496443000706
2016-03-29,Vietnam,Iraq,True,-0.07899963245343568
2016-03-29,Japan,Syria,False,0.0049904692983737675
2016-03-29,Syria,Japan,True,-0.0025825596441527306
2016-03-29,Lebanon,Myanmar,True,0.6520060094196543
2016-03-29,Myanmar,Lebanon,False,-1.4193724033176243
2016-03-29,Maldives,Bhutan,True,2.524510015952857
2016-03-29,Bhutan,Maldives,False,-2.245849228151303
2016-03-29,Mexico,Canada,False,0.010253833174248328
2016-03-29,Canada,Mexico,True,-0.005370384449119845
2016-03-29,Palestine,Timor-Leste,False,1.9519585947591622e-10
2016-03-29,Timor-Leste,Palestine,True,-9.813103698309371e-11
2016-03-29,Panama,Haiti,False,1.7183710333663567
2016-03-29,Haiti,Panama,False,-1.0027384070926624
2016-03-29,Paraguay,Brazil,False,-1.9584181273620644
2016-03-29,Brazil,Paraguay,True,0.9773150366078257
2016-03-29,Philippines,North Korea,True,2.8638196805619383
2016-03-29,North Korea,Philippines,False,-2.7523382618082866
2016-03-29,Tajikistan,Kyrgyzstan,True,-0.16885405740574377
2016-03-29,Kyrgyzstan,Tajikistan,False,0.3037194053708032
2016-03-29,Trinidad and Tobago,Saint Vincent and the Grenadines,False,4.71358757714313e-06
2016-03-29,Saint Vincent and the Grenadines,Trinidad and Tobago,True,-2.409762709334862e-06
2016-03-29,United Arab Emirates,Saudi Arabia,False,-0.13747156659041315
2016-03-29,Saudi Arabia,United Arab Emirates,False,-0.098819850741235
2016-03-29,United States,Guatemala,False,8.547120917734574e-05
2016-03-29,Guatemala,United States,True,-4.365172376433102e-05
2016-03-29,Uruguay,Peru,False,0.15899832825567373
2016-03-29,Peru,Uruguay,True,-0.0843968194744678
2016-03-29,Uzbekistan,Bahrain,False,0.14191411588063163
2016-03-29,Bahrain,Uzbekistan,True,-0.0748998465987685
2016-03-29,Venezuela,Chile,True,-0.010173029041328538
2016-03-29,Chile,Venezuela,False,0.01912335920271735
2016-05-28,New Zealand,Fiji,False,0.002024488363043808
2016-05-28,Fiji,New Zealand,True,-0.00103483556450805
2016-05-28,Vanuatu,Solomon Islands,True,-0.1694454857758432
2016-05-28,Solomon Islands,Vanuatu,False,0.30291056507097425
2016-05-29,Lithuania,Estonia,False,0.012343061129182153
2016-05-29,Estonia,Lithuania,True,-0.006480279808733442
2016-05-29,Papua New Guinea,New Caledonia,False,-1.66194240912841
2016-05-29,New Caledonia,Papua New Guinea,True,0.809632662446276
2016-05-29,Tahiti,Samoa,False,3.84024564148433e-07
2016-05-29,Samoa,Tahiti,True,-1.9430175402937145e-07
2016-05-31,Solomon Islands,Fiji,False,-1.1188262114398575
2016-05-31,Fiji,Solomon Islands,False,1.8479799041024139
2016-05-31,Vanuatu,New Zealand,True,-1.4675171734789865e-09
2016-05-31,New Zealand,Vanuatu,False,2.9092248610140814e-09
2016-06-01,Latvia,Lithuania,False,0.0073554326494802424
2016-06-01,Lithuania,Latvia,True,-0.003821623139147841
2016-06-01,New Caledonia,Samoa,False,1.4913554835516152e-09
2016-06-01,Samoa,New Caledonia,True,-7.515324976065627e-10
2016-06-01,Papua New Guinea,Tahiti,False,-1.7161852837864804
2016-06-01,Tahiti,Papua New Guinea,True,0.8426890345327498
2016-06-03,United States,Colombia,True,-0.005295516657896527
2016-06-03,Colombia,United States,False,0.010118892896443743
2016-06-04,Fiji,Vanuatu,True,-0.20103821136951472
2016-06-04,Vanuatu,Fiji,False,0.35511142260454864
2016-06-04,Haiti,Peru,True,-0.06738221308981487
2016-06-04,Peru,Haiti,False,0.12809735457635885
2016-06-04,New Zealand,Solomon Islands,False,1.4168067508496722
2016-06-04,Solomon Islands,New Zealand,False,-0.7638854602355222
2016-06-05,Jamaica,Venezuela,True,-0.07566845828482488
2016-06-05,Venezuela,Jamaica,False,0.14329303201627974
2016-06-05,Mexico,Uruguay,False,1.9558419126128541
2016-06-05,Uruguay,Mexico,False,-1.1666142318615544
2016-06-05,Papua New Guinea,Samoa,False,3.907985046680551e-13
2016-06-05,Samoa,Papua New Guinea,True,-1.9700530539960025e-13
2016-06-05,Tahiti,New Caledonia,False,-0.058240986518946825
2016-06-05,New Caledonia,Tahiti,False,-0.16726725247552077
2016-06-06,Argentina,Chile,False,0.006060656557867805
2016-06-06,Chile,Argentina,True,-0.003139973729079291
2016-06-06,Panama,Bolivia,False,1.872753238756541
2016-06-06,Bolivia,Panama,False,-1.125105524575094
2016-06-07,Colombia,Paraguay,False,0.1262084975008433
2016-06-07,Paraguay,Colombia,True,-0.06616816849987314
2016-06-07,United States,Costa Rica,False,0.0002894620404529924
2016-06-07,Costa Rica,United States,True,-0.00014925940904396472
2016-06-08,Brazil,Haiti,False,2.6920289819543086e-07
2016-06-08,Haiti,Brazil,True,-1.3606861156188298e-07
2016-06-08,Ecuador,Peru,False,-0.1251546753567765
2016-06-08,Peru,Ecuador,False,-0.07415587635165011
2016-06-08,New Zealand,New Caledonia,False,0.08797514909631854
2016-06-08,New Caledonia,New Zealand,True,-0.04563032743674183
2016-06-08,Papua New Guinea,Solomon Islands,False,1.8157256047117927
2016-06-08,Solomon Islands,Papua New Guinea,False,-1.128546363408407
2016-06-09,Mexico,Jamaica,False,0.11522845173271845
2016-06-09,Jamaica,Mexico,True,-0.06026427898129744
2016-06-09,Uruguay,Venezuela,True,-0.1881827808816754
2016-06-09,Venezuela,Uruguay,False,0.3362214791862437
2016-06-10,Argentina,Panama,False,0.0021720345480953362
2016-06-10,Panama,Argentina,True,-0.0011107272558393674
2016-06-10,Chile,Bolivia,False,1.6641612550480576
2016-06-10,Bolivia,Chile,False,-0.9428636378822097
2016-06-10,France,Romania,False,1.5885010817743668
2016-06-10,Romania,France,False,-0.8743848365968014
2016-06-11,Albania,Switzerland,True,-0.06967663251824728
2016-06-11,Switzerland,Albania,False,0.13257779733374742
2016-06-11,Colombia,Costa Rica,True,-0.24172278422602395
2016-06-11,Costa Rica,Colombia,False,0.4218942337909328
2016-06-11,England,Russia,False,-1.8519390829913847
2016-06-11,Russia,England,True,0.9216694523517902
2016-06-11,United States,Paraguay,False,0.20248331826709443
2016-06-11,Paraguay,United States,True,-0.10902933880610215
2016-06-11,Wales,Slovakia,False,1.8872376381308795
2016-06-11,Slovakia,Wales,False,-1.0806728378212738
2016-06-12,Brazil,Peru,True,-0.210984051076048
2016-06-12,Peru,Brazil,False,0.37342941268115526
2016-06-12,Ecuador,Haiti,False,0.00010317802947401589
2016-06-12,Haiti,Ecuador,True,-5.275115182092235e-05
2016-06-12,Germany,Ukraine,False,0.1902576565429599
2016-06-12,Ukraine,Germany,True,-0.10236114707445752
2016-06-12,Poland,Northern Ireland,False,0.16830296110205678
2016-06-12,Northern Ireland,Poland,True,-0.08953787535500107
2016-06-12,Turkey,Croatia,True,-0.11829215080516288
2016-06-12,Croatia,Turkey,False,0.21810219854171198
2016-06-13,Belgium,Italy,True,-0.1506945214734639
2016-06-13,Italy,Belgium,False,0.27396034539028324
2016-06-13,Mexico,Venezuela,True,0.8418825218321698
2016-06-13,Venezuela,Mexico,False,-1.7135405959091718
2016-06-13,Republic of Ireland,Sweden,False,-0.03930581524247967
2016-06-13,Sweden,Republic of Ireland,False,-0.16293975984303843
2016-06-13,Spain,Czech Republic,False,1.6169628964289584
2016-06-13,Czech Republic,Spain,False,-0.9000660394664577
2016-06-13,Uruguay,Jamaica,False,0.002380094181625214
2016-06-13,Jamaica,Uruguay,True,-0.001217712987986614
2016-06-14,Argentina,Bolivia,False,4.776536959738564e-05
2016-06-14,Bolivia,Argentina,True,-2.430676768114028e-05
2016-06-14,Austria,Hungary,True,-0.16333174833761344
2016-06-14,Hungary,Austria,False,0.2950853976173322
2016-06-14,Chile,Panama,False,0.14826321784670826
2016-06-14,Panama,Chile,True,-0.07853588504267808
2016-06-14,Portugal,Iceland,False,-0.400416119630592
2016-06-14,Iceland,Portugal,False,0.10628961612595555
2016-06-15,France,Albania,False,1.5559838812061493
2016-06-15,Albania,France,False,-0.8373408992993777
2016-06-15,Romania,Switzerland,False,-0.020821091065459152
2016-06-15,Switzerland,Romania,False,-0.2047662005477635
2016-06-15,Russia,Slovakia,True,-0.00934619814471515
2016-06-15,Slovakia,Russia,False,0.017634491895218485
2016-06-16,England,Wales,False,1.7498710807171935
2016-06-16,Wales,England,False,-0.9631255450664092
2016-06-16,Ukraine,Northern Ireland,True,-0.14372007056557048
2016-06-16,Northern Ireland,Ukraine,False,0.26287431759867363
2016-06-16,United States,Ecuador,False,0.2633800991639208
2016-06-16,Ecuador,United States,True,-0.14462232914601358
2016-06-17,Czech Republic,Croatia,True,0.9942831022438736
2016-06-17,Croatia,Czech Republic,False,-1.9890966206245118
2016-06-17,Italy,Sweden,False,1.8159314352097282
2016-06-17,Sweden,Italy,False,-1.0365022063499323
2016-06-17,Spain,Turkey,False,0.00018402635365921682
2016-06-17,Turkey,Spain,True,-9.452959015925433e-05
2016-06-18,Argentina,Venezuela,False,8.842105106543485e-05
2016-06-18,Venezuela,Argentina,True,-4.5144039643475135e-05
2016-06-18,Belgium,Republic of Ireland,False,0.00010896338290367069
2016-06-18,Republic of Ireland,Belgium,True,-5.570529582724385e-05
2016-06-18,Iceland,Hungary,False,-1.7089740171750574
2016-06-18,Hungary,Iceland,True,0.8388775494175453
2016-06-18,Mexico,Chile,True,-2.3861944317750143e-09
2016-06-18,Chile,Mexico,False,4.694587829590091e-09
2016-06-19,Romania,Albania,True,-0.11921077272629868
2016-06-19,Albania,Romania,False,0.22107154873833101
2016-06-20,Russia,Wales,True,-0.0002770992906162156
2016-06-20,Wales,Russia,False,0.0005342632195128871
2016-06-21,Croatia,Spain,False,2.0047942277459354
2016-06-21,Spain,Croatia,False,-1.257002783100873
2016-06-21,Czech Republic,Turkey,True,-0.010396981646745233
2016-06-21,Turkey,Czech Republic,False,0.01953383288627153
2016-06-21,Northern Ireland,Germany,True,-0.06646446899615947
2016-06-21,Germany,Northern Ireland,False,0.12643487558596123
2016-06-21,Ukraine,Poland,True,-0.1377071545591587
2016-06-21,Poland,Ukraine,False,0.25165101179274707
2016-06-21,United States,Argentina,True,-0.00011010531986283635
2016-06-21,Argentina,United States,False,0.00021416240639826611
2016-06-22,Colombia,Chile,True,-0.012641944101273445
2016-06-22,Chile,Colombia,False,0.02365298875995192
2016-06-22,Hungary,Portugal,False,0.06568052092614451
2016-06-22,Portugal,Hungary,False,-0.3214150279766206
2016-06-22,Iceland,Austria,False,1.972297742441707
2016-06-22,Austria,Iceland,False,-1.2309285693958765
2016-06-22,Italy,Republic of Ireland,False,-1.2087268399771691
2016-06-22,Republic of Ireland,Italy,False,2.020095753253445
2016-06-22,Sweden,Belgium,False,-1.0043804893589396
2016-06-22,Belgium,Sweden,False,1.7376045067196446
2016-06-25,Switzerland,Poland,True,0.8216625204362631
2016-06-25,Poland,Switzerland,False,-1.680861685391441
2016-06-25,United States,Colombia,True,-0.1023911679248545
2016-06-25,Colombia,United States,False,0.1907448039685944
2016-06-25,Wales,Northern Ireland,False,0.15059556764074333
2016-06-25,Northern Ireland,Wales,True,-0.0794688025381749
2016-06-26,France,Republic of Ireland,False,0.10187777902126394
2016-06-26,Republic of Ireland,France,True,-0.05310408894996115
2016-06-26,Germany,Slovakia,False,0.0002465054693825408
2016-06-26,Slovakia,Germany,True,-0.00012692444292301277
2016-06-26,Hungary,Belgium,True,-0.08016866066327472
2016-06-26,Belgium,Hungary,False,0.15104263371530502
2016-06-27,England,Iceland,True,-0.2928795941188703
2016-06-27,Iceland,England,False,0.499223964856077
2016-06-27,Italy,Spain,False,0.3071138065734855
2016-06-27,Spain,Italy,True,-0.1704098482472466
2016-06-30,Poland,Portugal,False,0.010191086501023183
2016-06-30,Portugal,Poland,False,-0.27316597431549394
2016-07-01,Wales,Belgium,False,0.3664987199622005
2016-07-01,Belgium,Wales,True,-0.20698830351813588
2016-07-02,Germany,Italy,False,-1.7591637658026889
2016-07-02,Italy,Germany,True,0.8686780624080972
2016-07-03,France,Iceland,False,1.8036756506134566e-06
2016-07-03,Iceland,France,True,-9.175348486773136e-07
2016-07-06,Portugal,Wales,False,0.005609331138292983
2016-07-06,Wales,Portugal,True,-0.002902200278181588
2016-07-07,France,Germany,False,0.01681575663487589
2016-07-07,Germany,France,True,-0.008926347056994638
2016-09-01,Argentina,Uruguay,False,0.15460808281344862
2016-09-01,Uruguay,Argentina,True,-0.08198281576937534
2016-09-01,Australia,Iraq,False,0.005873619835490285
2016-09-01,Iraq,Australia,True,-0.003043591485648393
2016-09-01,Colombia,Venezuela,False,0.1337135766539448
2016-09-01,Venezuela,Colombia,True,-0.07055192756616249
2016-09-01,Ecuador,Brazil,True,-0.09755599894066024
2016-09-01,Brazil,Ecuador,False,0.18215740803655445
2016-09-01,Iran,Qatar,False,1.6312817098443104
2016-09-01,Qatar,Iran,False,-0.9122147038328543
2016-09-01,Japan,United Arab Emirates,True,-0.31540781053139966
2016-09-01,United Arab Emirates,Japan,False,0.5319280142572085
2016-09-01,Paraguay,Chile,False,0.266419043717935
2016-09-01,Chile,Paraguay,True,-0.14626058542399434
2016-09-01,Saudi Arabia,Thailand,False,1.655010833248012
2016-09-01,Thailand,Saudi Arabia,False,-0.9273481387078996
2016-09-01,South Korea,China,False,0.004615111768135893
2016-09-01,China,South Korea,True,-0.0023817956457840854
2016-09-01,Uzbekistan,Syria,False,0.1734598870898214
2016-09-01,Syria,Uzbekistan,True,-0.09267994458848725
2016-09-02,El Salvador,Mexico,True,-0.0015084957215693163
2016-09-02,Mexico,El Salvador,False,0.0029411368683942563
2016-09-02,Haiti,Costa Rica,True,-0.13337774571856975
2016-09-02,Costa Rica,Haiti,False,0.24374011283581876
2016-09-02,Honduras,Canada,False,0.35808926646879824
2016-09-02,Canada,Honduras,True,-0.20215394277684595
2016-09-02,Panama,Jamaica,False,0.18627173133124364
2016-09-02,Jamaica,Panama,True,-0.09986865610899168
2016-09-02,Saint Vincent and the Grenadines,United States,True,-1.8536386721436745e-07
2016-09-02,United States,Saint Vincent and the Grenadines,False,3.6614553966529684e-07
2016-09-02,Trinidad and Tobago,Guatemala,False,-1.7075015137628933
2016-09-02,Guatemala,Trinidad and Tobago,True,0.837702384935733
2016-09-04,Denmark,Armenia,False,0.08994718982414485
2016-09-04,Armenia,Denmark,True,-0.046939701321132454
2016-09-04,Kazakhstan,Poland,False,0.085478712059748
2016-09-04,Poland,Kazakhstan,False,-0.38767339260830447
2016-09-04,Lithuania,Slovenia,False,-1.9688797217311698
2016-09-04,Slovenia,Lithuania,True,0.9832250366320285
2016-09-04,Malta,Scotland,True,-0.0018553287207232721
2016-09-04,Scotland,Malta,False,0.003606388101552671
2016-09-04,Norway,Germany,True,-0.0005606243471480006
2016-09-04,Germany,Norway,False,0.0010688967728356147
2016-09-04,Romania,Montenegro,False,-0.28470219413781983
2016-09-04,Montenegro,Romania,False,0.04132120234525816
2016-09-04,San Marino,Azerbaijan,True,-0.028964658022558598
2016-09-04,Azerbaijan,San Marino,False,0.056586855445941
2016-09-04,Slovakia,England,False,-0.980767266767824
2016-09-04,England,Slovakia,False,1.7369403128633996
2016-09-05,Albania,North Macedonia,False,1.8247835975592743
2016-09-05,North Macedonia,Albania,False,-1.0333954644289784
2016-09-05,Croatia,Turkey,False,-0.3057886842264854
2016-09-05,Turkey,Croatia,False,0.011593537850115077
2016-09-05,Finland,Kosovo,False,-0.17626120916467003
2016-09-05,Kosovo,Finland,False,-0.06414982854943663
2016-09-05,Georgia,Austria,True,-0.0075333543348785545
2016-09-05,Austria,Georgia,False,0.014272934853547525
2016-09-05,Israel,Italy,True,-0.10630312513693407
2016-09-05,Italy,Israel,False,0.1967468481480048
2016-09-05,Serbia,Republic of Ireland,False,-1.8132066934159248
2016-09-05,Republic of Ireland,Serbia,True,0.8999240787523077
2016-09-05,Spain,Liechtenstein,False,1.6080470288670767e-12
2016-09-05,Liechtenstein,Spain,True,-8.055542798988594e-13
2016-09-05,Ukraine,Iceland,False,-0.2921793931995711
2016-09-05,Iceland,Ukraine,False,0.008083373521986847
2016-09-05,Wales,Moldova,False,2.188874487396575e-05
2016-09-05,Moldova,Wales,True,-1.1092994108729437e-05
2016-09-06,Andorra,Latvia,True,-0.05897397270369062
2016-09-06,Latvia,Andorra,False,0.11318727042946275
2016-09-06,Bosnia and Herzegovina,Estonia,False,0.00012147911100113262
2016-09-06,Estonia,Bosnia and Herzegovina,True,-6.217538867654751e-05
2016-09-06,Brazil,Colombia,False,0.17577570380535779
2016-09-06,Colombia,Brazil,True,-0.09387582729437026
2016-09-06,Bulgaria,Luxembourg,False,1.7780707590496903
2016-09-06,Luxembourg,Bulgaria,False,-1.0199097044742407
2016-09-06,Canada,El Salvador,False,0.0027061857130861178
2016-09-06,El Salvador,Canada,True,-0.0013870339677281528
2016-09-06,Costa Rica,Panama,False,0.20876134836480986
2016-09-06,Panama,Costa Rica,True,-0.11283889846735692
2016-09-06,Cyprus,Belgium,True,-0.0016717843286044843
2016-09-06,Belgium,Cyprus,False,0.0032479172871413553
2016-09-06,Gibraltar,Greece,True,-2.454879198531063e-06
2016-09-06,Greece,Gibraltar,False,4.869079920588604e-06
2016-09-06,Guatemala,Saint Vincent and the Grenadines,False,2.1665695904005133e-08
2016-09-06,Saint Vincent and the Grenadines,Guatemala,True,-1.097672962538039e-08
2016-09-06,Iraq,Saudi Arabia,False,-2.760292657036885
2016-09-06,Saudi Arabia,Iraq,True,2.8697391136888277
2016-09-06,Jamaica,Haiti,True,-0.18186242626568405
2016-09-06,Haiti,Jamaica,False,0.3250126731885441
2016-09-06,Peru,Ecuador,False,1.872448663941932
2016-09-06,Ecuador,Peru,False,-1.0935452821146012
2016-09-06,Qatar,Uzbekistan,False,-1.1317967896523164
2016-09-06,Uzbekistan,Qatar,False,1.8811297225594972
2016-09-06,Sweden,Netherlands,False,-0.08217142347544693
2016-09-06,Netherlands,Sweden,False,-0.20504510928502917
2016-09-06,Switzerland,Portugal,False,0.028586836892407153
2016-09-06,Portugal,Switzerland,True,-0.015403679176297752
2016-09-06,Thailand,Japan,True,-0.0028438756970862867
2016-09-06,Japan,Thailand,False,0.005487506654395791
2016-09-06,United Arab Emirates,Australia,True,-0.10861806879727667
2016-09-06,Australia,United Arab Emirates,False,0.20146126136470865
2016-09-06,United States,Trinidad and Tobago,False,9.851858280285342e-07
2016-09-06,Trinidad and Tobago,United States,True,-4.999923851894258e-07
2016-09-06,Uruguay,Paraguay,False,2.4311082418293495e-06
2016-09-06,Paraguay,Uruguay,True,-1.2373932781277128e-06
2016-09-06,Venezuela,Argentina,False,-1.5752394727573922
2016-09-06,Argentina,Venezuela,True,0.7558192840516367
2016-10-06,Austria,Wales,False,-0.18988462584321164
2016-10-06,Wales,Austria,False,-0.0447024961894269
2016-10-06,Brazil,Bolivia,False,5.635965472094995e-09
2016-10-06,Bolivia,Brazil,True,-2.8467255668202574e-09
2016-10-06,China,Syria,True,-0.16588675289090016
2016-10-06,Syria,China,False,0.2989743236901181
2016-10-06,Ecuador,Chile,False,0.0006045331918227426
2016-10-06,Chile,Ecuador,True,-0.00031421799859920185
2016-10-06,Iceland,Finland,True,2.810851880243234
2016-10-06,Finland,Iceland,False,-2.663064628311234
2016-10-06,Italy,Spain,True,0.8773736988007107
2016-10-06,Spain,Italy,False,-1.774102354953666
2016-10-06,Japan,Iraq,False,1.6062185339155504
2016-10-06,Iraq,Japan,False,-0.8943662035088515
2016-10-06,Kosovo,Croatia,True,-1.8764555251011509e-06
2016-10-06,Croatia,Kosovo,False,3.6788439574664267e-06
2016-10-06,Liechtenstein,Albania,True,-0.00032613752120545005
2016-10-06,Albania,Liechtenstein,False,0.0006444523183728457
2016-10-06,Moldova,Serbia,True,-4.256025458304595e-05
2016-10-06,Serbia,Moldova,False,8.335832012296152e-05
2016-10-06,North Macedonia,Israel,True,-0.18766520558599759
2016-10-06,Israel,North Macedonia,False,0.33299668341842237
2016-10-06,Paraguay,Colombia,False,-1.003862802202506
2016-10-06,Colombia,Paraguay,False,1.7833026446397502
2016-10-06,Peru,Argentina,False,0.011265188360328637
2016-10-06,Argentina,Peru,False,-0.23704036330472356
2016-10-06,Republic of Ireland,Georgia,False,0.1702841205150043
2016-10-06,Georgia,Republic of Ireland,True,-0.09065776418593534
2016-10-06,Saudi Arabia,Australia,True,0.8865035995766738
2016-10-06,Australia,Saudi Arabia,False,-1.7898269304150167
2016-10-06,South Korea,Qatar,False,0.1657093647058474
2016-10-06,Qatar,South Korea,True,-0.08839641088489407
2016-10-06,Turkey,Ukraine,True,0.8114570068026028
2016-10-06,Ukraine,Turkey,False,-1.6647210776887182
2016-10-06,United Arab Emirates,Thailand,False,0.16667352681074066
2016-10-06,Thailand,United Arab Emirates,True,-0.08899009023975285
2016-10-06,Uruguay,Venezuela,False,0.007097618242736914
2016-10-06,Venezuela,Uruguay,True,-0.0036906024118977467
2016-10-06,Uzbekistan,Iran,True,-0.10246111518749859
2016-10-06,Iran,Uzbekistan,False,0.19113063486662174
2016-10-07,Belgium,Bosnia and Herzegovina,False,0.00014262558838273875
2016-10-07,Bosnia and Herzegovina,Belgium,True,-7.31571044760655e-05
2016-10-07,Estonia,Gibraltar,False,3.184534517375326e-05
2016-10-07,Gibraltar,Estonia,True,-1.6165177174860495e-05
2016-10-07,France,Bulgaria,False,3.1042194458485994e-05
2016-10-07,Bulgaria,France,True,-1.5767677277952834e-05
2016-10-07,Greece,Cyprus,False,0.0034921900740552125
2016-10-07,Cyprus,Greece,True,-0.0017955153876289026
2016-10-07,Hungary,Switzerland,False,-1.06097486799007
2016-10-07,Switzerland,Hungary,False,1.8010941726067757
2016-10-07,Latvia,Faroe Islands,True,-0.009358161014159762
2016-10-07,Faroe Islands,Latvia,False,0.017662127018002405
2016-10-07,Luxembourg,Sweden,True,-0.07643587932641283
2016-10-07,Sweden,Luxembourg,False,0.1442400897117615
2016-10-07,Netherlands,Belarus,False,5.443328539112002e-05
2016-10-07,Belarus,Netherlands,True,-2.773618013627639e-05
2016-10-07,Portugal,Andorra,False,1.2395862114544798e-11
2016-10-07,Andorra,Portugal,True,-6.216820468678244e-12
2016-10-08,Armenia,Romania,True,-8.75448945547175e-08
2016-10-08,Romania,Armenia,False,1.7175460520491015e-07
2016-10-08,Azerbaijan,Norway,False,0.4925609595651985
2016-10-08,Norway,Azerbaijan,True,-0.2887867159700353
2016-10-08,Burkina Faso,South Africa,False,-0.15725697243690373
2016-10-08,South Africa,Burkina Faso,False,-0.07277342544796417
2016-10-08,DR Congo,Libya,False,3.8439796665734605e-06
2016-10-08,Libya,DR Congo,True,-1.9610002168847724e-06
2016-10-08,England,Malta,False,0.000538655227896534
2016-10-08,Malta,England,True,-0.0002727481229071652
2016-10-08,Germany,Czech Republic,False,0.00032216433006215794
2016-10-08,Czech Republic,Germany,True,-0.00016648957345411348
2016-10-08,Ivory Coast,Mali,False,0.00960693502165677
2016-10-08,Mali,Ivory Coast,True,-0.005018925627017387
2016-10-08,Montenegro,Kazakhstan,False,6.52272251944197e-06
2016-10-08,Kazakhstan,Montenegro,True,-3.336527507564782e-06
2016-10-08,Northern Ireland,San Marino,False,0.020947371695004158
2016-10-08,San Marino,Northern Ireland,True,-0.010585455405242784
2016-10-08,Poland,Denmark,False,0.2982339794646842
2016-10-08,Denmark,Poland,True,-0.16561327067395853
2016-10-08,Scotland,Lithuania,True,0.6526741701923262
2016-10-08,Lithuania,Scotland,False,-1.4199525425559902
2016-10-08,Senegal,Cape Verde,False,0.11834112269140995
2016-10-08,Cape Verde,Senegal,True,-0.06197758841729975
2016-10-08,Slovenia,Slovakia,False,0.21218995650669958
2016-10-08,Slovakia,Slovenia,True,-0.11436763610410985
2016-10-09,Albania,Spain,True,-0.0018612076504434128
2016-10-09,Spain,Albania,False,0.0036186593074649664
2016-10-09,Algeria,Cameroon,False,-0.2540895418811995
2016-10-09,Cameroon,Algeria,False,-0.01001368436511263
2016-10-09,Congo,Egypt,True,-0.0808856598426996
2016-10-09,Egypt,Congo,False,0.15236772839894908
2016-10-09,Finland,Croatia,True,-0.093110357515391
2016-10-09,Croatia,Finland,False,0.1742987310497659
2016-10-09,Iceland,Turkey,False,0.03391939296703361
2016-10-09,Turkey,Iceland,True,-0.01841297301201172
2016-10-09,Israel,Liechtenstein,False,0.04319326270907897
2016-10-09,Liechtenstein,Israel,True,-0.02209408979868728
2016-10-09,Moldova,Republic of Ireland,True,-0.05435801417544103
2016-10-09,Republic of Ireland,Moldova,False,0.10439650616638341
2016-10-09,North Macedonia,Italy,False,-0.9446576771963987
2016-10-09,Italy,North Macedonia,False,1.693003420081911
2016-10-09,Serbia,Austria,False,0.27406787484521145
2016-10-09,Austria,Serbia,True,-0.15140728898118921
2016-10-09,Tunisia,Guinea,False,0.16019145426299986
2016-10-09,Guinea,Tunisia,True,-0.08525698564600195
2016-10-09,Ukraine,Kosovo,False,0.18422830666496726
2016-10-09,Kosovo,Ukraine,True,-0.09870959681585895
2016-10-09,Wales,Georgia,False,-0.25538136429318303
2016-10-09,Georgia,Wales,False,0.017221608064346694
2016-10-09,Zambia,Nigeria,True,-0.11576417622087222
2016-10-09,Nigeria,Zambia,False,0.21383669686369755
2016-10-10,Andorra,Switzerland,True,-0.02283214714793387
2016-10-10,Switzerland,Andorra,False,0.04473415746559706
2016-10-10,Belarus,Luxembourg,False,-0.20321133250695178
2016-10-10,Luxembourg,Belarus,False,-0.030893778364920577
2016-10-10,Bosnia and Herzegovina,Cyprus,False,0.14498762802264764
2016-10-10,Cyprus,Bosnia and Herzegovina,True,-0.07692758680862506
2016-10-10,Estonia,Greece,True,-0.0024534068801634213
2016-10-10,Greece,Estonia,False,0.004755251780426573
2016-10-10,Faroe Islands,Portugal,True,-1.7598268759147755e-07
2016-10-10,Portugal,Faroe Islands,False,3.4796123049574135e-07
2016-10-10,Gibraltar,Belgium,True,-1.457389677126756e-11
2016-10-10,Belgium,Gibraltar,False,2.9038549342885744e-11
2016-10-10,Latvia,Hungary,True,-0.07540920667405138
2016-10-10,Hungary,Latvia,False,0.142716919610534
2016-10-10,Netherlands,France,True,-0.16845827974571345
2016-10-10,France,Netherlands,False,0.3021639859187424
2016-10-10,Sweden,Bulgaria,False,0.0001283427820433225
2016-10-10,Bulgaria,Sweden,True,-6.574391883316102e-05
2016-10-11,Argentina,Paraguay,True,-0.2798358553031604
2016-10-11,Paraguay,Argentina,False,0.48034881250262496
2016-10-11,Australia,Japan,False,-0.1406584236612265
2016-10-11,Japan,Australia,False,-0.11360710517096972
2016-10-11,Bolivia,Ecuador,False,-1.577553062355137
2016-10-11,Ecuador,Bolivia,True,0.7566194835812999
2016-10-11,Chile,Peru,False,1.8024359209877443
2016-10-11,Peru,Chile,False,-1.0385334657012595
2016-10-11,Colombia,Uruguay,True,0.8274348465044018
2016-10-11,Uruguay,Colombia,False,-1.6894426778536782
2016-10-11,Denmark,Montenegro,True,-0.32241948784615104
2016-10-11,Montenegro,Denmark,False,0.5435611681614936
2016-10-11,Germany,Northern Ireland,False,0.0043704428229953685
2016-10-11,Northern Ireland,Germany,True,-0.002255882973698233
2016-10-11,Iran,South Korea,False,0.17409718950034314
2016-10-11,South Korea,Iran,True,-0.09281571821137606
2016-10-11,Iraq,Thailand,False,0.0077632829076295096
2016-10-11,Thailand,Iraq,True,-0.004039860603992395
2016-10-11,Lithuania,Malta,False,1.8347889750429855
2016-10-11,Malta,Lithuania,False,-1.0344122370224023
2016-10-11,Norway,San Marino,False,0.9050464499189328
2016-10-11,San Marino,Norway,False,-0.46303492645522
2016-10-11,Poland,Armenia,False,1.4029195291409995
2016-10-11,Armenia,Poland,False,-0.7904403887418888
2016-10-11,Qatar,Syria,False,0.22357769613037792
2016-10-11,Syria,Qatar,True,-0.12169202695366602
2016-10-11,Saudi Arabia,United Arab Emirates,False,0.20530048550837154
2016-10-11,United Arab Emirates,Saudi Arabia,True,-0.11073320400101935
2016-10-11,Slovakia,Scotland,False,0.0005374305991083794
2016-10-11,Scotland,Slovakia,True,-0.0002789172497883116
2016-10-11,Uzbekistan,China,False,0.15969154259999652
2016-10-11,China,Uzbekistan,True,-0.08483729236575456
2016-10-11,Venezuela,Brazil,True,-0.00363658748629823
2016-10-11,Brazil,Venezuela,False,0.006993529617053795
2016-11-10,Brazil,Argentina,False,0.0004241021079849361
2016-11-10,Argentina,Brazil,True,-0.00021947057148005917
2016-11-10,Paraguay,Peru,True,-0.1258969834159322
2016-11-10,Peru,Paraguay,False,0.23211878374855655
2016-11-10,Uruguay,Ecuador,False,0.1842664906267486
2016-11-10,Ecuador,Uruguay,True,-0.09868220269559608
2016-11-10,Venezuela,Bolivia,False,2.0015298884956678e-07
2016-11-10,Bolivia,Venezuela,True,-1.0209143509977282e-07
2016-11-11,Armenia,Montenegro,False,1.8857153433302134
2016-11-11,Montenegro,Armenia,False,-1.159889980428808
2016-11-11,Czech Republic,Norway,False,0.02387323561761301
2016-11-11,Norway,Czech Republic,True,-0.0127951343170584
2016-11-11,Denmark,Kazakhstan,False,0.07794358858871187
2016-11-11,Kazakhstan,Denmark,True,-0.040373032208245146
2016-11-11,England,Scotland,False,0.00011071709263843488
2016-11-11,Scotland,England,True,-5.6637290163160053e-05
2016-11-11,France,Sweden,False,0.15609609293511895
2016-11-11,Sweden,France,True,-0.08315897745131487
2016-11-11,Honduras,Panama,True,-0.14133757670662933
2016-11-11,Panama,Honduras,False,0.25776102452148475
2016-11-11,Libya,Tunisia,True,-0.07366829167708147
2016-11-11,Tunisia,Libya,False,0.13971919322448123
2016-11-11,Malta,Slovenia,True,-0.05417674987317791
2016-11-11,Slovenia,Malta,False,0.10405596485493174
2016-11-11,Northern Ireland,Azerbaijan,False,7.540025433794284e-05
2016-11-11,Azerbaijan,Northern Ireland,True,-3.8449031952356035e-05
2016-11-11,Romania,Poland,True,-0.15016591303090876
2016-11-11,Poland,Romania,False,0.2724909887559708
2016-11-11,San Marino,Germany,True,-2.484752961474181e-12
2016-11-11,Germany,San Marino,False,4.955591492716849e-12
2016-11-11,Slovakia,Lithuania,False,3.297603603824584e-05
2016-11-11,Lithuania,Slovakia,True,-1.6743434816813765e-05
2016-11-11,Trinidad and Tobago,Costa Rica,True,-0.09613194085176195
2016-11-11,Costa Rica,Trinidad and Tobago,False,0.17922163022836823
2016-11-11,United States,Mexico,False,-1.138812723728235
2016-11-11,Mexico,United States,False,1.8952986152873155
2016-11-12,Albania,Israel,True,-0.013753392276542844
2016-11-12,Israel,Albania,False,0.02563312085856717
2016-11-12,Austria,Republic of Ireland,True,-0.18145873022988868
2016-11-12,Republic of Ireland,Austria,False,0.32524907487302945
2016-11-12,Cameroon,Zambia,False,-0.27742672559169446
2016-11-12,Zambia,Cameroon,False,0.027776023542156025
2016-11-12,Cape Verde,Burkina Faso,True,-0.009288173946114715
2016-11-12,Burkina Faso,Cape Verde,False,0.01752430524563664
2016-11-12,Croatia,Iceland,False,0.16450021249111657
2016-11-12,Iceland,Croatia,True,-0.08803494914319523
2016-11-12,Georgia,Moldova,False,-1.895020364520624
2016-11-12,Moldova,Georgia,True,0.9451845086185624
2016-11-12,Liechtenstein,Italy,True,-2.7185318608573443e-09
2016-11-12,Italy,Liechtenstein,False,5.414562131988987e-09
2016-11-12,New Zealand,New Caledonia,False,0.002177857080743806
2016-11-12,New Caledonia,New Zealand,True,-0.0011144463724409863
2016-11-12,Nigeria,Algeria,False,0.2875065956644174
2016-11-12,Algeria,Nigeria,True,-0.15947306638731187
2016-11-12,Spain,North Macedonia,False,0.0023239772350605037
2016-11-12,North Macedonia,Spain,True,-0.0011909558321778107
2016-11-12,Turkey,Kosovo,False,0.011513619059337454
2016-11-12,Kosovo,Turkey,True,-0.00605485202766865
2016-11-12,Uganda,Congo,False,0.16006426469164703
2016-11-12,Congo,Uganda,True,-0.08497447360145612
2016-11-12,Ukraine,Finland,False,0.1567592806135023
2016-11-12,Finland,Ukraine,True,-0.08322471421753719
2016-11-12,Wales,Serbia,False,-1.7716487528261742
2016-11-12,Serbia,Wales,True,0.8759483305308203
2016-11-13,Belgium,Estonia,False,1.4418142235683717e-09
2016-11-13,Estonia,Belgium,True,-7.265105600060147e-10
2016-11-13,Bulgaria,Belarus,False,0.21619024551661337
2016-11-13,Belarus,Bulgaria,True,-0.11699297682539975
2016-11-13,Cyprus,Gibraltar,False,0.08850900942194073
2016-11-13,Gibraltar,Cyprus,True,-0.04597691665471997
2016-11-13,Egypt,Ghana,False,0.1673974883122349
2016-11-13,Ghana,Egypt,True,-0.0890318094375647
2016-11-13,Greece,Bosnia and Herzegovina,True,0.8229800091031718
2016-11-13,Bosnia and Herzegovina,Greece,False,-1.6822431287266797
2016-11-13,Guinea,DR Congo,True,-0.13641285531864458
2016-11-13,DR Congo,Guinea,False,0.249303321053024
2016-11-13,Hungary,Andorra,False,5.764303666389026e-06
2016-11-13,Andorra,Hungary,True,-2.907389753174375e-06
2016-11-13,Luxembourg,Netherlands,True,-0.057354216458632645
2016-11-13,Netherlands,Luxembourg,False,0.1092756188975299
2016-11-13,Portugal,Latvia,False,0.05436517308422317
2016-11-13,Latvia,Portugal,True,-0.02793390875829416
2016-11-13,Solomon Islands,Tahiti,False,1.798105377184703
2016-11-13,Tahiti,Solomon Islands,False,-1.0825350567051064
2016-11-13,Switzerland,Faroe Islands,False,0.07413830404174027
2016-11-13,Faroe Islands,Switzerland,True,-0.03837469844569212
2016-11-15,Argentina,Colombia,False,0.008293581399750671
2016-11-15,Colombia,Argentina,True,-0.004320970163427449
2016-11-15,Bolivia,Paraguay,False,1.9366530165130942
2016-11-15,Paraguay,Bolivia,False,-1.191040735895799
2016-11-15,Chile,Uruguay,False,0.018873171410985545
2016-11-15,Uruguay,Chile,True,-0.010029112479014024
2016-11-15,Costa Rica,United States,False,0.00122413383698472
2016-11-15,United States,Costa Rica,True,-0.0006424589806186896
2016-11-15,Ecuador,Venezuela,False,0.19027890650201895
2016-11-15,Venezuela,Ecuador,True,-0.10227964566755218
2016-11-15,Honduras,Trinidad and Tobago,False,0.17869050185248048
2016-11-15,Trinidad and Tobago,Honduras,True,-0.09579906438448463
2016-11-15,Japan,Saudi Arabia,False,0.14720817186056046
2016-11-15,Saudi Arabia,Japan,True,-0.07807268176261938
2016-11-15,Peru,Brazil,True,-0.08341303972486293
2016-11-15,Brazil,Peru,False,0.15714003754952444
2016-11-15,South Korea,Uzbekistan,False,1.7742394527528622
2016-11-15,Uzbekistan,South Korea,False,-1.0022385963755138
2016-11-15,Thailand,Australia,False,0.09246047823429904
2016-11-15,Australia,Thailand,False,-0.3792999867239317
2016-11-15,United Arab Emirates,Iraq,False,0.22285098744822918
2016-11-15,Iraq,United Arab Emirates,True,-0.12083139132775245
2017-01-14,Burkina Faso,Cameroon,False,-0.07174184312486931
2017-01-14,Cameroon,Burkina Faso,False,-0.13430613645963496
2017-01-14,Gabon,Guinea-Bissau,False,-1.8461317300559807
2017-01-14,Guinea-Bissau,Gabon,True,0.9184172076230461
2017-01-15,Algeria,Zimbabwe,True,0.7304423428195932
2017-01-15,Zimbabwe,Algeria,False,-1.5367867448465833
2017-01-15,Tunisia,Senegal,True,-0.004064943176990126
2017-01-15,Senegal,Tunisia,False,0.007815006033039307
2017-01-16,DR Congo,Morocco,False,0.31334459370295953
2017-01-16,Morocco,DR Congo,True,-0.17375255940316958
2017-01-17,Ghana,Uganda,False,0.13750664831758508
2017-01-17,Uganda,Ghana,True,-0.0722356673535669
2017-01-18,Cameroon,Guinea-Bissau,False,1.7280657816339318
2017-01-18,Guinea-Bissau,Cameroon,False,-0.9407084392955163
2017-01-18,Gabon,Burkina Faso,False,-0.10406557923946136
2017-01-18,Burkina Faso,Gabon,False,-0.13919195567281584
2017-01-19,Algeria,Tunisia,True,-0.01193874285306787
2017-01-19,Tunisia,Algeria,False,0.022357733388073786
2017-01-19,Senegal,Zimbabwe,False,0.004185582187893111
2017-01-19,Zimbabwe,Senegal,True,-0.002156823451657811
2017-01-20,Ivory Coast,DR Congo,False,-0.15689354072605566
2017-01-20,DR Congo,Ivory Coast,False,-0.056226700081859926
2017-01-20,Morocco,Togo,False,0.0016498464870338125
2017-01-20,Togo,Morocco,True,-0.0008407601579292757
2017-01-21,Egypt,Uganda,False,1.8236733023969174
2017-01-21,Uganda,Egypt,False,-0.9858946735042999
2017-01-21,Ghana,Mali,False,0.22282246757215196
2017-01-21,Mali,Ghana,True,-0.12034848351744287
2017-01-22,Guinea-Bissau,Burkina Faso,True,-0.0026649450659440607
2017-01-22,Burkina Faso,Guinea-Bissau,False,0.005157714276314618
2017-01-23,Senegal,Algeria,False,-0.16023678974185396
2017-01-23,Algeria,Senegal,False,-0.07659109955491239
2017-01-23,Zimbabwe,Tunisia,True,-0.003488875683575652
2017-01-23,Tunisia,Zimbabwe,False,0.006721848900356875
2017-01-24,Morocco,Ivory Coast,False,0.13833931388385912
2017-01-24,Ivory Coast,Morocco,True,-0.07275333499935593
2017-01-24,Togo,DR Congo,True,-0.07965249219123828
2017-01-24,DR Congo,Togo,False,0.150569133762831
2017-01-25,Egypt,Ghana,False,0.17305034026832278
2017-01-25,Ghana,Egypt,True,-0.09204915761977608
2017-01-25,Uganda,Mali,False,-0.0006943659845288774
2017-01-25,Mali,Uganda,False,-0.15896958600759947
2017-01-28,Burkina Faso,Tunisia,False,1.9460201060482534
2017-01-28,Tunisia,Burkina Faso,False,-1.1607263601340176
2017-01-29,DR Congo,Ghana,False,-1.1010851652041933
2017-01-29,Ghana,DR Congo,False,1.8922504692501056
2017-01-29,Egypt,Morocco,False,1.9929727251156253
2017-01-29,Morocco,Egypt,False,-1.1610771538581974
2017-02-01,Burkina Faso,Egypt,False,-0.03381560996084576
2017-02-01,Egypt,Burkina Faso,False,-0.16692816602344118
2017-02-02,Cameroon,Ghana,False,0.2052476275591455
2017-02-02,Ghana,Cameroon,True,-0.11032464342764553
2017-02-04,Burkina Faso,Ghana,False,1.9138957110460808
2017-02-04,Ghana,Burkina Faso,False,-1.1299923725859138
2017-02-05,Egypt,Cameroon,False,-1.1224441365790923
2017-02-05,Cameroon,Egypt,False,1.9431725295846338
2017-03-23,Argentina,Chile,False,0.13993975158817484
2017-03-23,Chile,Argentina,True,-0.073969561211136
2017-03-23,China,South Korea,False,0.332237510195883
2017-03-23,South Korea,China,True,-0.18577532467281632
2017-03-23,Colombia,Bolivia,False,1.4476578710217791
2017-03-23,Bolivia,Colombia,False,-0.792700211700536
2017-03-23,Iraq,Australia,True,0.9212320539111418
2017-03-23,Australia,Iraq,False,-1.8510578456757774
2017-03-23,Papua New Guinea,Tahiti,False,-1.1606196022786246
2017-03-23,Tahiti,Papua New Guinea,False,1.8871300626908425
2017-03-23,Paraguay,Ecuador,False,0.25294499726595276
2017-03-23,Ecuador,Paraguay,True,-0.1381854037774478
2017-03-23,Qatar,Iran,True,-0.1027059173750577
2017-03-23,Iran,Qatar,False,0.19107449122709408
2017-03-23,Syria,Uzbekistan,False,1.9711632602921394
2017-03-23,Uzbekistan,Syria,False,-1.1921939480214405
2017-03-23,Thailand,Saudi Arabia,True,-0.10588373885117036
2017-03-23,Saudi Arabia,Thailand,False,0.19671689413766735
2017-03-23,United Arab Emirates,Japan,True,-0.005488411473411781
2017-03-23,Japan,United Arab Emirates,False,0.010469989469268803
2017-03-23,Uruguay,Brazil,True,-0.0063299309538141675
2017-03-23,Brazil,Uruguay,False,0.012050649250900936
2017-03-23,Venezuela,Peru,False,-0.12446388105339246
2017-03-23,Peru,Venezuela,False,-0.10879998452512618
2017-03-24,Austria,Moldova,False,0.07198215936036512
2017-03-24,Moldova,Austria,True,-0.03720590257461524
2017-03-24,Croatia,Ukraine,False,0.1935487557442812
2017-03-24,Ukraine,Croatia,True,-0.10421854691542187
2017-03-24,Georgia,Serbia,True,-0.1367652845612699
2017-03-24,Serbia,Georgia,False,0.249576447156016
2017-03-24,Italy,Albania,False,0.0028146085602074322
2017-03-24,Albania,Italy,True,-0.0014423571699945024
2017-03-24,Kosovo,Iceland,True,-0.14101031688625665
2017-03-24,Iceland,Kosovo,False,0.256889875016467
2017-03-24,Liechtenstein,North Macedonia,True,-6.600970478277729e-06
2017-03-24,North Macedonia,Liechtenstein,False,1.3054050505445502e-05
2017-03-24,Mexico,Costa Rica,False,0.007112084276500674
2017-03-24,Costa Rica,Mexico,True,-0.003697880278261292
2017-03-24,Spain,Israel,False,0.0001131014147084386
2017-03-24,Israel,Spain,True,-5.795654382868083e-05
2017-03-24,Trinidad and Tobago,Panama,False,0.40743369697021325
2017-03-24,Panama,Trinidad and Tobago,True,-0.2337632801716268
2017-03-24,Turkey,Finland,False,0.008939429416154443
2017-03-24,Finland,Turkey,True,-0.004669479597377954
2017-03-24,United States,Honduras,False,2.389528575008626e-10
2017-03-24,Honduras,United States,True,-1.207028859728172e-10
2017-03-25,Belgium,Greece,True,0.7100335165023166
2017-03-25,Greece,Belgium,False,-1.5052316477996746
2017-03-25,Bosnia and Herzegovina,Gibraltar,False,8.873658252639416e-08
2017-03-25,Gibraltar,Bosnia and Herzegovina,True,-4.474269704613045e-08
2017-03-25,Bulgaria,Netherlands,False,0.092208053425884
2017-03-25,Netherlands,Bulgaria,True,-0.052418983027955404
2017-03-25,Fiji,New Zealand,True,-0.0017282933400117242
2017-03-25,New Zealand,Fiji,False,0.0033599797112362495
2017-03-25,Luxembourg,France,True,-0.043895710261534965
2017-03-25,France,Luxembourg,False,0.0844943251055863
2017-03-25,Portugal,Hungary,False,0.00013046618851131342
2017-03-25,Hungary,Portugal,True,-6.683413097844192e-05
2017-03-25,Sweden,Belarus,False,0.00010630271659861634
2017-03-25,Belarus,Sweden,True,-5.43742789355119e-05
2017-03-25,Switzerland,Latvia,False,0.07534573999014382
2017-03-25,Latvia,Switzerland,True,-0.03900596378746654
2017-03-26,Armenia,Kazakhstan,False,0.01982361661144605
2017-03-26,Kazakhstan,Armenia,True,-0.010568513317748966
2017-03-26,Azerbaijan,Germany,True,-0.0017365535074818001
2017-03-26,Germany,Azerbaijan,False,0.0033729147924401737
2017-03-26,England,Lithuania,False,0.0006360151562470051
2017-03-26,Lithuania,England,True,-0.00032228827120645714
2017-03-26,Malta,Slovakia,True,-0.05413964952645283
2017-03-26,Slovakia,Malta,False,0.10381220827208892
2017-03-26,Montenegro,Poland,False,-0.9967193747584181
2017-03-26,Poland,Montenegro,False,1.7256907431777626
2017-03-26,Northern Ireland,Norway,False,0.021669959278877826
2017-03-26,Norway,Northern Ireland,True,-0.01155795797150896
2017-03-26,San Marino,Czech Republic,True,-1.5324870474063867e-11
2017-03-26,Czech Republic,San Marino,False,3.0539126782969106e-11
2017-03-26,Scotland,Slovenia,False,1.8187116686994633
2017-03-26,Slovenia,Scotland,False,-1.0371722864640938
2017-03-28,Australia,United Arab Emirates,False,0.14897789099860015
2017-03-28,United Arab Emirates,Australia,True,-0.07903491843541353
2017-03-28,Bolivia,Argentina,False,0.09560518043258392
2017-03-28,Argentina,Bolivia,True,-0.054442482337191726
2017-03-28,Brazil,Paraguay,False,0.0031365492582238197
2017-03-28,Paraguay,Brazil,True,-0.0016107735948088426
2017-03-28,Chile,Venezuela,False,0.011107142447834395
2017-03-28,Venezuela,Chile,True,-0.0058297658109377065
2017-03-28,Ecuador,Colombia,True,-0.006422893053335988
2017-03-28,Colombia,Ecuador,False,0.012226123295441482
2017-03-28,Honduras,Costa Rica,False,-0.0672067070046447
2017-03-28,Costa Rica,Honduras,False,-0.17112472806489754
2017-03-28,Iran,China,False,0.10696265483622458
2017-03-28,China,Iran,True,-0.055862942307582986
2017-03-28,Japan,Thailand,False,6.137403100892058e-05
2017-03-28,Thailand,Japan,True,-3.129340294391392e-05
2017-03-28,New Zealand,Fiji,False,0.0018436165440438579
2017-03-28,Fiji,New Zealand,True,-0.0009423289958432718
2017-03-28,Panama,United States,False,-0.042644148155504435
2017-03-28,United States,Panama,False,-0.2144971878562345
2017-03-28,Peru,Uruguay,False,0.26077400872745926
2017-03-28,Uruguay,Peru,True,-0.14275619531865055
2017-03-28,Saudi Arabia,Iraq,False,0.1949935159802978
2017-03-28,Iraq,Saudi Arabia,True,-0.10473780865933753
2017-03-28,South Korea,Syria,False,0.13655201680606543
2017-03-28,Syria,South Korea,True,-0.07210042632201992
2017-03-28,Tahiti,Papua New Guinea,True,-0.02063277374961616
2017-03-28,Papua New Guinea,Tahiti,False,0.037888579207236095
2017-03-28,Trinidad and Tobago,Mexico,True,-0.06329319768956121
2017-03-28,Mexico,Trinidad and Tobago,False,0.12021096067886727
2017-03-28,Uzbekistan,Qatar,False,0.20980595982628714
2017-03-28,Qatar,Uzbekistan,True,-0.11348381002766825
2017-06-07,Fiji,New Caledonia,False,-0.13686393733552538
2017-06-07,New Caledonia,Fiji,False,-0.12487886405931814
2017-06-08,Australia,Saudi Arabia,False,0.15648229507366906
2017-06-08,Saudi Arabia,Australia,True,-0.08312368594449454
2017-06-08,Mexico,Honduras,False,8.370311489391824e-05
2017-06-08,Honduras,Mexico,True,-4.273548852181649e-05
2017-06-08,United States,Trinidad and Tobago,False,0.0032414816348267372
2017-06-08,Trinidad and Tobago,United States,True,-0.001667998389162688
2017-06-09,Andorra,Hungary,False,0.4980472599714414
2017-06-09,Hungary,Andorra,True,-0.29089048973196513
2017-06-09,Belarus,Bulgaria,False,0.2324023481727444
2017-06-09,Bulgaria,Belarus,True,-0.1263803498791239
2017-06-09,Estonia,Belgium,True,-0.045934050937391266
2017-06-09,Belgium,Estonia,False,0.088268061850441
2017-06-09,Faroe Islands,Switzerland,True,-0.0017469727772495755
2017-06-09,Switzerland,Faroe Islands,False,0.0033965942296947382
2017-06-09,Gibraltar,Cyprus,False,-0.8753283061319492
2017-06-09,Cyprus,Gibraltar,False,1.6199448015819944
2017-06-09,Latvia,Portugal,True,-1.624291619165983e-05
2017-06-09,Portugal,Latvia,False,3.198387622793675e-05
2017-06-09,Netherlands,Luxembourg,False,4.500727839307217e-07
2017-06-09,Luxembourg,Netherlands,True,-2.278568686758246e-07
2017-06-09,Solomon Islands,Papua New Guinea,False,0.2747396793437771
2017-06-09,Papua New Guinea,Solomon Islands,True,-0.15264755182851364
2017-06-09,Sweden,France,False,1.9810793710434618
2017-06-09,France,Sweden,False,-1.25244248828681
2017-06-10,Azerbaijan,Northern Ireland,False,-1.003962817562772
2017-06-10,Northern Ireland,Azerbaijan,False,1.7957632399204173
2017-06-10,Germany,San Marino,False,8.881784197001252e-16
2017-06-10,San Marino,Germany,True,-7.852837576648415e-16
2017-06-10,Kazakhstan,Denmark,True,-0.0018616264984986236
2017-06-10,Denmark,Kazakhstan,False,0.0036174784879765554
2017-06-10,Lithuania,Slovakia,True,-0.0018898326960168359
2017-06-10,Slovakia,Lithuania,False,0.0036742752695966274
2017-06-10,Montenegro,Armenia,False,0.000512944975996632
2017-06-10,Armenia,Montenegro,True,-0.0002662613050899079
2017-06-10,Norway,Czech Republic,False,-0.24073894377995297
2017-06-10,Czech Republic,Norway,False,-0.04332734627856949
2017-06-10,Poland,Romania,False,0.0004291548820396507
2017-06-10,Romania,Poland,True,-0.00022221036602532843
2017-06-10,Scotland,England,True,0.9096538562752388
2017-06-10,England,Scotland,False,-1.8306989573674115
2017-06-10,Slovenia,Malta,False,0.0763929887119903
2017-06-10,Malta,Slovenia,True,-0.039420233537400595
2017-06-11,Finland,Ukraine,True,-0.11330220556296103
2017-06-11,Ukraine,Finland,False,0.20996040847027508
2017-06-11,Iceland,Croatia,False,1.982647791267698
2017-06-11,Croatia,Iceland,False,-1.271496711991508
2017-06-11,Israel,Albania,True,-0.0007992183887563978
2017-06-11,Albania,Israel,False,0.0015174393144317122
2017-06-11,Italy,Liechtenstein,False,5.425837019679136e-07
2017-06-11,Liechtenstein,Italy,True,-2.7247582803475537e-07
2017-06-11,Kosovo,Turkey,True,-0.00641311685319765
2017-06-11,Turkey,Kosovo,False,0.012193696759889683
2017-06-11,Mexico,United States,False,-0.20880707245576513
2017-06-11,United States,Mexico,False,-0.03971048313125736
2017-06-11,Moldova,Georgia,False,0.048957706918862254
2017-06-11,Georgia,Moldova,False,-0.2952403757937163
2017-06-11,New Caledonia,Fiji,False,0.21878828430245756
2017-06-11,Fiji,New Caledonia,True,-0.11880438722524006
2017-06-11,North Macedonia,Spain,True,-0.06064790389171667
2017-06-11,Spain,North Macedonia,False,0.115418808588585
2017-06-11,Republic of Ireland,Austria,True,0.8781429022133993
2017-06-11,Austria,Republic of Ireland,False,-1.7750246756524075
2017-06-11,Serbia,Wales,False,-0.17296244854498233
2017-06-11,Wales,Serbia,False,-0.06738224427497785
2017-06-12,Iran,Uzbekistan,False,0.14267777064661713
2017-06-12,Uzbekistan,Iran,True,-0.0753495134907755
2017-06-13,Costa Rica,Trinidad and Tobago,False,0.13063373434075976
2017-06-13,Trinidad and Tobago,Costa Rica,True,-0.06901693386248503
2017-06-13,Iraq,Japan,False,0.051347459318097255
2017-06-13,Japan,Iraq,False,-0.2969983033482946
2017-06-13,Panama,Honduras,True,0.7941459103489523
2017-06-13,Honduras,Panama,False,-1.6359595912601081
2017-06-13,Papua New Guinea,Solomon Islands,True,-0.21080574485760178
2017-06-13,Solomon Islands,Papua New Guinea,False,0.36932962362762956
2017-06-13,Qatar,South Korea,False,0.32589906820902304
2017-06-13,South Korea,Qatar,True,-0.18233850355017658
2017-06-13,Syria,China,True,0.8691627427371784
2017-06-13,China,Syria,False,-1.7595739034804265
2017-06-13,Thailand,United Arab Emirates,False,-1.6610208347582311
2017-06-13,United Arab Emirates,Thailand,True,0.8095228627346126
2017-06-17,Russia,New Zealand,False,0.004088168967381733
2017-06-17,New Zealand,Russia,True,-0.002107304386188717
2017-06-18,Cameroon,Chile,False,-1.0078729319899535
2017-06-18,Chile,Cameroon,False,1.7916399643911511
2017-06-18,Portugal,Mexico,False,-0.2439258636195576
2017-06-18,Mexico,Portugal,False,0.006719474720522367
2017-06-19,Australia,Germany,True,-0.09281787159976637
2017-06-19,Germany,Australia,False,0.17346080351991144
2017-06-21,Mexico,New Zealand,False,0.11375295454019207
2017-06-21,New Zealand,Mexico,True,-0.05946701584985086
2017-06-21,Russia,Portugal,True,-0.11458659040108943
2017-06-21,Portugal,Russia,False,0.2115963063417694
2017-06-22,Cameroon,Australia,False,-0.057399915885253394
2017-06-22,Australia,Cameroon,False,-0.14547779078452328
2017-06-22,Germany,Chile,False,-0.24149231097918422
2017-06-22,Chile,Germany,False,-0.027044640467401848
2017-06-24,New Zealand,Portugal,True,-0.0009825506742699877
2017-06-24,Portugal,New Zealand,False,0.001923482319953429
2017-06-24,Russia,Mexico,True,-0.16367817236068474
2017-06-24,Mexico,Russia,False,0.29521398616592975
2017-06-25,Chile,Australia,False,-0.1718388079075921
2017-06-25,Australia,Chile,False,-0.05463051028612176
2017-06-25,Germany,Cameroon,False,0.0055467459138140995
2017-06-25,Cameroon,Germany,True,-0.0028719495334043354
2017-06-29,Germany,Mexico,False,0.00039756168102433875
2017-06-29,Mexico,Germany,True,-0.00020568744423135268
2017-07-02,Chile,Germany,True,-0.11725612740199177
2017-07-02,Germany,Chile,False,0.21612986160397574
2017-07-02,Portugal,Mexico,True,0.8017046181286658
2017-07-02,Mexico,Portugal,False,-1.6475689320200022
2017-07-07,French Guiana,Canada,True,-0.04907549275089861
2017-07-07,Canada,French Guiana,False,0.09421137020104187
2017-07-07,Honduras,Costa Rica,True,-0.09231327448976841
2017-07-07,Costa Rica,Honduras,False,0.17319641513060935
2017-07-08,Martinique,Nicaragua,False,0.014272648275742483
2017-07-08,Nicaragua,Martinique,True,-0.00752329204920772
2017-07-08,United States,Panama,False,-0.33333661639664003
2017-07-08,Panama,United States,False,0.05570446063825896
2017-07-09,Curaçao,Jamaica,True,-0.004393583582824224
2017-07-09,Jamaica,Curaçao,False,0.008433045076517764
2017-07-09,Mexico,El Salvador,False,0.0017715109744820268
2017-07-09,El Salvador,Mexico,True,-0.0009034795185338425
2017-07-11,Costa Rica,Canada,False,-0.0636019094011484
2017-07-11,Canada,Costa Rica,False,-0.16145257908748145
2017-07-12,Panama,Nicaragua,False,0.12397718733493424
2017-07-12,Nicaragua,Panama,True,-0.06509295218508335
2017-07-12,United States,Martinique,False,1.3607456424044952
2017-07-12,Martinique,United States,False,-0.7340290670353405
2017-07-13,El Salvador,Curaçao,False,0.011281648703330038
2017-07-13,Curaçao,El Salvador,True,-0.005909393107650319
2017-07-14,Costa Rica,French Guiana,False,0.10871399972376317
2017-07-14,French Guiana,Costa Rica,True,-0.056855671310994595
2017-07-15,Panama,Martinique,False,0.00012671950532849863
2017-07-15,Martinique,Panama,True,-6.487377490399359e-05
2017-07-15,United States,Nicaragua,False,0.0018832243049669017
2017-07-15,Nicaragua,United States,True,-0.0009625505785800098
2017-07-16,Curaçao,Mexico,True,-0.048932877250705525
2017-07-16,Mexico,Curaçao,False,0.09409458648393088
2017-07-16,Jamaica,El Salvador,False,-0.15844688491136982
2017-07-16,El Salvador,Jamaica,False,-0.020323874083602478
2017-07-19,Costa Rica,Panama,False,1.8510307180827863
2017-07-19,Panama,Costa Rica,False,-1.0749012698045122
2017-07-19,United States,El Salvador,False,0.002116793804760597
2017-07-19,El Salvador,United States,True,-0.001082124548811727
2017-07-20,Jamaica,Canada,False,0.3475685863770148
2017-07-20,Canada,Jamaica,True,-0.19507319373426657
2017-07-20,Mexico,Honduras,False,0.11924822342297592
2017-07-20,Honduras,Mexico,True,-0.06249191745200814
2017-07-22,United States,Costa Rica,False,0.1775699018328587
2017-07-22,Costa Rica,United States,True,-0.09504649880138318
2017-07-23,Mexico,Jamaica,False,-1.311578659048273
2017-07-23,Jamaica,Mexico,False,2.0760929614523724
2017-07-26,United States,Jamaica,False,1.6229926230171166
2017-07-26,Jamaica,United States,False,-0.8965491282570309
2017-08-29,United Arab Emirates,Saudi Arabia,False,0.24417918662099902
2017-08-29,Saudi Arabia,United Arab Emirates,True,-0.13325049133811234
2017-08-31,Belgium,Gibraltar,False,0.0
2017-08-31,Gibraltar,Belgium,True,-1.0304209812803601e-19
2017-08-31,Brazil,Ecuador,False,0.13449008225224723
2017-08-31,Ecuador,Brazil,True,-0.07096891146468534
2017-08-31,Bulgaria,Sweden,False,2.035050618582519
2017-08-31,Sweden,Bulgaria,False,-1.3107737172687748
2017-08-31,Chile,Paraguay,True,-0.01714202480111963
2017-08-31,Paraguay,Chile,False,0.031740452405158326
2017-08-31,China,Uzbekistan,False,1.930892449996223
2017-08-31,Uzbekistan,China,False,-1.1557710582114162
2017-08-31,Cyprus,Bosnia and Herzegovina,False,1.9984124538054333
2017-08-31,Bosnia and Herzegovina,Cyprus,False,-1.2672342951708044
2017-08-31,France,Netherlands,False,0.014676510837991597
2017-08-31,Netherlands,France,True,-0.007759883439493536
2017-08-31,Guinea,Libya,False,0.012149038032192472
2017-08-31,Libya,Guinea,True,-0.006387540745502649
2017-08-31,Hungary,Latvia,False,0.003315415921054665
2017-08-31,Latvia,Hungary,True,-0.0017037806544015184
2017-08-31,Japan,Australia,False,0.21694629496616935
2017-08-31,Australia,Japan,True,-0.1176422556726409
2017-08-31,Luxembourg,Belarus,False,0.24286375596980614
2017-08-31,Belarus,Luxembourg,True,-0.1323854348020532
2017-08-31,Peru,Bolivia,False,0.15363954267832858
2017-08-31,Bolivia,Peru,True,-0.08170780618218541
2017-08-31,Portugal,Faroe Islands,False,1.303615211156739e-05
2017-08-31,Faroe Islands,Portugal,True,-6.596849412122037e-06
2017-08-31,Switzerland,Andorra,False,2.583452714421952e-06
2017-08-31,Andorra,Switzerland,True,-1.3007894464873488e-06
2017-08-31,Syria,Qatar,False,0.30566586518898653
2017-08-31,Qatar,Syria,True,-0.16998032541550295
2017-08-31,Thailand,Iraq,False,-1.05043847884061
2017-08-31,Iraq,Thailand,False,1.8057113936437832
2017-08-31,Uganda,Egypt,False,0.24045388604659124
2017-08-31,Egypt,Uganda,True,-0.13039214756960585
2017-09-01,Cape Verde,South Africa,False,0.21144474901136334
2017-09-01,South Africa,Cape Verde,True,-0.11393210397170683
2017-09-01,Czech Republic,Germany,True,-0.12975430214823505
2017-09-01,Germany,Czech Republic,False,0.23670824732585372
2017-09-01,Denmark,Poland,False,0.0003592997433092826
2017-09-01,Poland,Denmark,True,-0.00018569551350156241
2017-09-01,Ghana,Congo,True,0.6848834174740492
2017-09-01,Congo,Ghana,False,-1.468688071811282
2017-09-01,Kazakhstan,Montenegro,True,-0.000336284012470889
2017-09-01,Montenegro,Kazakhstan,False,0.0006465277036484807
2017-09-01,Lithuania,Scotland,True,-4.629662567938887e-05
2017-09-01,Scotland,Lithuania,False,9.065626934523507e-05
2017-09-01,Malta,England,True,-0.02768679188464288
2017-09-01,England,Malta,False,0.05396289990051173
2017-09-01,Mexico,Panama,False,0.14267824701138832
2017-09-01,Panama,Mexico,True,-0.0755603805873391
2017-09-01,Morocco,Mali,False,9.469265767059198e-07
2017-09-01,Mali,Morocco,True,-4.80126201874036e-07
2017-09-01,New Zealand,Solomon Islands,False,3.3878995363778586e-05
2017-09-01,Solomon Islands,New Zealand,True,-1.72214418004438e-05
2017-09-01,Nigeria,Cameroon,False,0.00034580170328801785
2017-09-01,Cameroon,Nigeria,True,-0.00017855029192800402
2017-09-01,Norway,Azerbaijan,False,0.0034454304397297797
2017-09-01,Azerbaijan,Norway,True,-0.0017731767828422485
2017-09-01,Romania,Armenia,False,1.5613527315740252
2017-09-01,Armenia,Romania,False,-0.8760182661834954
2017-09-01,San Marino,Northern Ireland,True,-0.00014903495492452426
2017-09-01,Northern Ireland,San Marino,False,0.0002955138675897473
2017-09-01,Slovakia,Slovenia,False,1.8247835975592743
2017-09-01,Slovenia,Slovakia,False,-1.0333954644289784
2017-09-01,Trinidad and Tobago,Honduras,True,-0.13147409990106085
2017-09-01,Honduras,Trinidad and Tobago,False,0.24068356733801766
2017-09-01,Tunisia,DR Congo,False,0.19273113204012127
2017-09-01,DR Congo,Tunisia,True,-0.10348098484807858
2017-09-01,United States,Costa Rica,True,-0.22435766485652814
2017-09-01,Costa Rica,United States,False,0.3934653310998586
2017-09-02,Albania,Liechtenstein,False,0.033577282693895594
2017-09-02,Liechtenstein,Albania,True,-0.01704067281962522
2017-09-02,Croatia,Kosovo,False,0.14226279200385283
2017-09-02,Kosovo,Croatia,True,-0.07550542871191465
2017-09-02,Finland,Iceland,False,0.25496913868937066
2017-09-02,Iceland,Finland,True,-0.13975930211600962
2017-09-02,Gabon,Ivory Coast,True,-0.10480125867752164
2017-09-02,Ivory Coast,Gabon,False,0.1949394947043972
2017-09-02,Georgia,Republic of Ireland,False,-0.10158334185669715
2017-09-02,Republic of Ireland,Georgia,False,-0.10850094321199011
2017-09-02,Israel,North Macedonia,True,-0.24319979797288205
2017-09-02,North Macedonia,Israel,False,0.4210468707127717
2017-09-02,Serbia,Moldova,False,0.002133897910571836
2017-09-02,Moldova,Serbia,True,-0.0010919671864031452
2017-09-02,Spain,Italy,False,0.008110599308851274
2017-09-02,Italy,Spain,True,-0.004227010391257031
2017-09-02,Ukraine,Turkey,False,0.017847740047856053
2017-09-02,Turkey,Ukraine,True,-0.009481341780619237
2017-09-02,Wales,Austria,False,0.23520790060266394
2017-09-02,Austria,Wales,True,-0.1279452336902311
2017-09-02,Zambia,Algeria,False,0.43626754770799003
2017-09-02,Algeria,Zambia,True,-0.2527197218602595
2017-09-03,Belarus,Sweden,True,-0.00012480587015037837
2017-09-03,Sweden,Belarus,False,0.0002424133161591513
2017-09-03,Estonia,Cyprus,False,1.8446096117261224
2017-09-03,Cyprus,Estonia,False,-1.070322591804614
2017-09-03,Faroe Islands,Andorra,False,0.087675667788635
2017-09-03,Andorra,Faroe Islands,True,-0.045315755083888944
2017-09-03,Gibraltar,Bosnia and Herzegovina,True,-0.0005262834263742241
2017-09-03,Bosnia and Herzegovina,Gibraltar,False,0.0010355092435956337
2017-09-03,Greece,Belgium,True,-0.0927671068484117
2017-09-03,Belgium,Greece,False,0.17362904751023844
2017-09-03,Hungary,Portugal,True,-0.09510469294053167
2017-09-03,Portugal,Hungary,False,0.17754625316473094
2017-09-03,Latvia,Switzerland,True,-3.632597109287128e-05
2017-09-03,Switzerland,Latvia,False,7.122056193376025e-05
2017-09-03,Netherlands,Bulgaria,False,0.09544821677235138
2017-09-03,Bulgaria,Netherlands,True,-0.04991851694102884
2017-09-04,Armenia,Denmark,True,-0.06706731352675713
2017-09-04,Denmark,Armenia,False,0.12698112291259722
2017-09-04,Azerbaijan,San Marino,False,4.38834301030866e-06
2017-09-04,San Marino,Azerbaijan,True,-2.2117111134899233e-06
2017-09-04,Cameroon,Nigeria,False,-0.13245139281871854
2017-09-04,Nigeria,Cameroon,False,-0.08913656983511542
2017-09-04,England,Slovakia,False,0.12010937952150291
2017-09-04,Slovakia,England,True,-0.0630500760550005
2017-09-04,Germany,Norway,False,2.585964362644688e-07
2017-09-04,Norway,Germany,True,-1.3206264222440153e-07
2017-09-04,Libya,Guinea,False,0.281607294890339
2017-09-04,Guinea,Libya,True,-0.155247665290739
2017-09-04,Montenegro,Romania,False,0.2972089860725329
2017-09-04,Romania,Montenegro,True,-0.16454279326941562
2017-09-04,Northern Ireland,Czech Republic,False,0.01690932384087418
2017-09-04,Czech Republic,Northern Ireland,True,-0.008953825207367323
2017-09-04,Poland,Kazakhstan,False,0.004280361941541244
2017-09-04,Kazakhstan,Poland,True,-0.002210690104539333
2017-09-04,Scotland,Malta,False,0.00201662731636576
2017-09-04,Malta,Scotland,True,-0.0010308948261957723
2017-09-04,Slovenia,Lithuania,False,0.0020120926410056583
2017-09-04,Lithuania,Slovenia,True,-0.001027470727700283
2017-09-05,Algeria,Zambia,True,-0.34055786661990073
2017-09-05,Zambia,Algeria,False,0.5675668758285046
2017-09-05,Argentina,Venezuela,False,-0.43954495066933896
2017-09-05,Venezuela,Argentina,False,0.14335001029015948
2017-09-05,Australia,Thailand,False,0.10244054838748307
2017-09-05,Thailand,Australia,True,-0.053578572484484645
2017-09-05,Austria,Georgia,False,-0.3222920557756441
2017-09-05,Georgia,Austria,False,0.04638559348454563
2017-09-05,Bolivia,Chile,False,0.444468442176142
2017-09-05,Chile,Bolivia,True,-0.2579467940075332
2017-09-05,Burkina Faso,Senegal,True,0.8948620002271458
2017-09-05,Senegal,Burkina Faso,False,-1.8044575166481631
2017-09-05,Colombia,Brazil,False,-0.09522060363494833
2017-09-05,Brazil,Colombia,False,-0.1317630579335427
2017-09-05,Congo,Ghana,True,-0.00021235537416066058
2017-09-05,Ghana,Congo,False,0.000410227403037311
2017-09-05,Costa Rica,Mexico,True,0.885990216656402
2017-09-05,Mexico,Costa Rica,False,-1.789033211094956
2017-09-05,DR Congo,Tunisia,False,-1.9842253562071015
2017-09-05,Tunisia,DR Congo,True,0.9916607609199923
2017-09-05,Ecuador,Peru,True,-0.16677511777227166
2017-09-05,Peru,Ecuador,False,0.3009492906187554
2017-09-05,Egypt,Uganda,False,0.10248389414237868
2017-09-05,Uganda,Egypt,True,-0.05325147911934476
2017-09-05,Honduras,United States,False,-1.6087326314974595
2017-09-05,United States,Honduras,True,0.7770941196718787
2017-09-05,Iceland,Ukraine,False,0.02863006140017177
2017-09-05,Ukraine,Iceland,True,-0.015430190939166985
2017-09-05,Iran,Syria,False,-1.8842458200483065
2017-09-05,Syria,Iran,True,0.9392921412507844
2017-09-05,Iraq,United Arab Emirates,False,0.2302786501544838
2017-09-05,United Arab Emirates,Iraq,True,-0.12487957287920498
2017-09-05,Italy,Israel,False,0.14298367367128462
2017-09-05,Israel,Italy,True,-0.07598153452665353
2017-09-05,Ivory Coast,Gabon,True,-0.2509242938452885
2017-09-05,Gabon,Ivory Coast,False,0.43531399521248604
2017-09-05,Kosovo,Finland,False,-1.1014853710597412
2017-09-05,Finland,Kosovo,False,1.886867510736119
2017-09-05,Liechtenstein,Spain,True,-1.1089465240804182e-17
2017-09-05,Spain,Liechtenstein,False,0.0
2017-09-05,Moldova,Wales,False,-0.8823206928305929
2017-09-05,Wales,Moldova,False,1.6299947296274675
2017-09-05,North Macedonia,Albania,True,0.8745021078641029
2017-09-05,Albania,North Macedonia,False,-1.7685143299369406
2017-09-05,Panama,Trinidad and Tobago,False,0.007175980602336818
2017-09-05,Trinidad and Tobago,Panama,True,-0.003736058073150257
2017-09-05,Paraguay,Uruguay,False,-1.0414006377658693
2017-09-05,Uruguay,Paraguay,False,1.823045052870925
2017-09-05,Qatar,China,False,-1.2402443436863317
2017-09-05,China,Qatar,False,1.9789895935036843
2017-09-05,Republic of Ireland,Serbia,True,-0.13544528329400232
2017-09-05,Serbia,Republic of Ireland,False,0.2481715971211753
2017-09-05,Saudi Arabia,Japan,False,0.3602805285230297
2017-09-05,Japan,Saudi Arabia,True,-0.20355628528234584
2017-09-05,Solomon Islands,New Zealand,True,0.9449739231300183
2017-09-05,New Zealand,Solomon Islands,False,-1.8950536994013842
2017-09-05,South Africa,Cape Verde,True,-0.010609255165933742
2017-09-05,Cape Verde,South Africa,False,0.019956292216577243
2017-09-05,Turkey,Croatia,False,0.33870069960403404
2017-09-05,Croatia,Turkey,True,-0.19085151181451676
2017-10-05,Armenia,Poland,True,-5.4093408154740805e-06
2017-10-05,Poland,Armenia,False,1.0536021442852928e-05
2017-10-05,Azerbaijan,Czech Republic,True,-0.08197478576377475
2017-10-05,Czech Republic,Azerbaijan,False,0.15429021294386747
2017-10-05,Chile,Ecuador,False,0.23109382425451352
2017-10-05,Ecuador,Chile,True,-0.12571711126671078
2017-10-05,Colombia,Paraguay,False,-1.320122986746287
2017-10-05,Paraguay,Colombia,False,2.0767770537178363
2017-10-05,England,Slovenia,False,1.6221064902281912
2017-10-05,Slovenia,England,False,-0.878379943794068
2017-10-05,Malta,Lithuania,False,-0.11272091476459378
2017-10-05,Lithuania,Malta,False,-0.08303985371907263
2017-10-05,Montenegro,Denmark,True,-0.07077745108679447
2017-10-05,Denmark,Montenegro,False,0.13428724803988468
2017-10-05,Northern Ireland,Germany,True,-0.004017348919261789
2017-10-05,Germany,Northern Ireland,False,0.007713183610076779
2017-10-05,Romania,Kazakhstan,False,9.577798514071034e-05
2017-10-05,Kazakhstan,Romania,True,-4.8939196977123116e-05
2017-10-05,San Marino,Norway,True,-5.249675343190368e-17
2017-10-05,Norway,San Marino,False,0.0
2017-10-05,Scotland,Slovakia,False,1.8334464426285098
2017-10-05,Slovakia,Scotland,False,-1.073408223240313
2017-10-05,Syria,Australia,True,0.9245497596315713
2017-10-05,Australia,Syria,False,-1.8572444631500091
2017-10-06,Austria,Serbia,False,1.7809438781250828
2017-10-06,Serbia,Austria,False,-1.0544227634690144
2017-10-06,Croatia,Finland,False,-1.871532653074249
2017-10-06,Finland,Croatia,True,0.9323465081288747
2017-10-06,Georgia,Wales,True,-0.11571255510401196
2017-10-06,Wales,Georgia,False,0.21420544997714686
2017-10-06,Italy,North Macedonia,False,-1.8956978869120045
2017-10-06,North Macedonia,Italy,True,0.9455337811196567
2017-10-06,Kosovo,Ukraine,True,-0.09870959681585895
2017-10-06,Ukraine,Kosovo,False,0.18422830666496726
2017-10-06,Liechtenstein,Israel,True,-0.032114826691444796
2017-10-06,Israel,Liechtenstein,False,0.0623707811744727
2017-10-06,Mexico,Trinidad and Tobago,True,2.516761613110007
2017-10-06,Trinidad and Tobago,Mexico,False,-2.2329755483036826
2017-10-06,Republic of Ireland,Moldova,False,0.0017620741738850754
2017-10-06,Moldova,Republic of Ireland,True,-0.0008987858742738957
2017-10-06,Spain,Albania,False,3.231818952720289e-05
2017-10-06,Albania,Spain,True,-1.6409345928930664e-05
2017-10-06,Turkey,Iceland,True,-0.002450218517566919
2017-10-06,Iceland,Turkey,False,0.004547321033466556
2017-10-06,United States,Panama,False,4.882112046189491e-06
2017-10-06,Panama,United States,True,-2.4939241581886488e-06
2017-10-07,Andorra,Portugal,True,-0.01644567925387057
2017-10-07,Portugal,Andorra,False,0.0323665623082281
2017-10-07,Belarus,Netherlands,False,-0.8476627832167493
2017-10-07,Netherlands,Belarus,False,1.5231965276042456
2017-10-07,Bosnia and Herzegovina,Belgium,True,-0.09563036316666698
2017-10-07,Belgium,Bosnia and Herzegovina,False,0.17793574126300093
2017-10-07,Bulgaria,France,True,-0.054495073001507105
2017-10-07,France,Bulgaria,False,0.10414289555872669
2017-10-07,Cameroon,Algeria,False,0.29009265017417496
2017-10-07,Algeria,Cameroon,True,-0.16074634827881057
2017-10-07,Cape Verde,Senegal,False,-1.0023607737519897
2017-10-07,Senegal,Cape Verde,False,1.7844551613433617
2017-10-07,Costa Rica,Honduras,True,0.7769687794355363
2017-10-07,Honduras,Costa Rica,False,-1.6083775200246229
2017-10-07,Cyprus,Greece,True,-0.0777701237927454
2017-10-07,Greece,Cyprus,False,0.14704108934826587
2017-10-07,Gibraltar,Estonia,True,-1.4821771498354521e-09
2017-10-07,Estonia,Gibraltar,False,2.939323895390089e-09
2017-10-07,Guinea,Tunisia,True,-0.1167046543414256
2017-10-07,Tunisia,Guinea,False,0.21559700924947345
2017-10-07,Libya,DR Congo,True,-0.08603859870577156
2017-10-07,DR Congo,Libya,False,0.16196852862106725
2017-10-07,Morocco,Gabon,False,3.577928069731229e-05
2017-10-07,Gabon,Morocco,True,-1.817171068505362e-05
2017-10-07,Nigeria,Zambia,False,0.15837939179814997
2017-10-07,Zambia,Nigeria,True,-0.08429915885344128
2017-10-07,South Africa,Burkina Faso,False,0.00045677004750688255
2017-10-07,Burkina Faso,South Africa,True,-0.00023657515025451588
2017-10-07,Sweden,Luxembourg,False,5.968558980384842e-13
2017-10-07,Luxembourg,Sweden,True,-3.004738245265459e-13
2017-10-07,Switzerland,Hungary,False,0.0002851181047485163
2017-10-07,Hungary,Switzerland,True,-0.00014703464307999723
2017-10-08,Czech Republic,San Marino,False,2.7517175205105104e-09
2017-10-08,San Marino,Czech Republic,True,-1.380941120302344e-09
2017-10-08,Denmark,Romania,False,-1.8598033918805066
2017-10-08,Romania,Denmark,True,0.9260150044533471
2017-10-08,Egypt,Congo,False,0.11114691426081302
2017-10-08,Congo,Egypt,True,-0.05823986753275258
2017-10-08,Germany,Azerbaijan,False,2.9882497892153026e-05
2017-10-08,Azerbaijan,Germany,True,-1.5181266506895671e-05
2017-10-08,Kazakhstan,Armenia,False,-0.1919146521301256
2017-10-08,Armenia,Kazakhstan,False,-0.09299087770429937
2017-10-08,Lithuania,England,True,-0.030521568067083896
2017-10-08,England,Lithuania,False,0.05939735151743086
2017-10-08,Norway,Northern Ireland,False,0.16493107374329652
2017-10-08,Northern Ireland,Norway,True,-0.08781982916822983
2017-10-08,Poland,Montenegro,False,0.006277130924828178
2017-10-08,Montenegro,Poland,True,-0.0032593786581233924
2017-10-08,Slovakia,Malta,False,2.6947200525206938e-05
2017-10-08,Malta,Slovakia,True,-1.367066691833438e-05
2017-10-08,Slovenia,Scotland,False,-1.7787389379458047
2017-10-08,Scotland,Slovenia,True,0.8803175599132106
2017-10-09,Albania,Italy,True,-0.07008980991909862
2017-10-09,Italy,Albania,False,0.13337508396474673
2017-10-09,Finland,Turkey,True,0.8710836002713523
2017-10-09,Turkey,Finland,False,-1.763515076818095
2017-10-09,Iceland,Kosovo,False,0.017360117825434784
2017-10-09,Kosovo,Iceland,True,-0.009221149187213683
2017-10-09,Israel,Spain,False,-0.8480652843793977
2017-10-09,Spain,Israel,False,1.4836724725062487
2017-10-09,Moldova,Austria,True,-0.05256622589391701
2017-10-09,Austria,Moldova,False,0.10074526645958182
2017-10-09,North Macedonia,Liechtenstein,False,3.4928516967625e-08
2017-10-09,Liechtenstein,North Macedonia,True,-1.7576822976348285e-08
2017-10-09,Serbia,Georgia,False,0.18526975748619323
2017-10-09,Georgia,Serbia,True,-0.09958045542641683
2017-10-09,Ukraine,Croatia,True,-0.009828867817780898
2017-10-09,Croatia,Ukraine,False,0.018495706223976782
2017-10-09,Wales,Republic of Ireland,True,-0.14482399556388478
2017-10-09,Republic of Ireland,Wales,False,0.2647548291391515
2017-10-10,Australia,Syria,False,-0.3996138306591097
2017-10-10,Syria,Australia,False,0.10751326031466635
2017-10-10,Belgium,Cyprus,False,3.2240895908586253e-07
2017-10-10,Cyprus,Belgium,True,-1.6309711752800222e-07
2017-10-10,Brazil,Chile,False,0.005945138971810149
2017-10-10,Chile,Brazil,True,-0.0030828302367875674
2017-10-10,Ecuador,Argentina,True,-0.004689501664105429
2017-10-10,Argentina,Ecuador,False,0.008984623639096245
2017-10-10,Estonia,Bosnia and Herzegovina,False,-0.9988031124496668
2017-10-10,Bosnia and Herzegovina,Estonia,False,1.7549844088596924
2017-10-10,France,Belarus,False,0.06906583373758446
2017-10-10,Belarus,France,True,-0.03570345535672319
2017-10-10,Greece,Gibraltar,False,4.383660839213377e-06
2017-10-10,Gibraltar,Greece,True,-2.2101119577359834e-06
2017-10-10,Honduras,Mexico,False,0.4156068477433785
2017-10-10,Mexico,Honduras,True,-0.23826784200555765
2017-10-10,Hungary,Faroe Islands,False,1.5756252681863048
2017-10-10,Faroe Islands,Hungary,False,-0.8589156298600917
2017-10-10,Latvia,Andorra,False,2.9344151952770403e-07
2017-10-10,Andorra,Latvia,True,-1.4825732129916299e-07
2017-10-10,Luxembourg,Bulgaria,False,-0.11375620574989687
2017-10-10,Bulgaria,Luxembourg,False,-0.12031222521685092
2017-10-10,Netherlands,Sweden,False,0.01205494782672556
2017-10-10,Sweden,Netherlands,True,-0.006346558934075615
2017-10-10,Panama,Costa Rica,False,1.866495960818153
2017-10-10,Costa Rica,Panama,False,-1.1134065233016897
2017-10-10,Paraguay,Venezuela,False,-1.1673002256742067
2017-10-10,Venezuela,Paraguay,False,1.9338081213496485
2017-10-10,Peru,Colombia,True,0.9020109021365461
2017-10-10,Colombia,Peru,False,-1.8167154726353987
2017-10-10,Portugal,Switzerland,False,0.011195900728095953
2017-10-10,Switzerland,Portugal,True,-0.005879564965488164
2017-10-10,Trinidad and Tobago,United States,False,0.5677541827165964
2017-10-10,United States,Trinidad and Tobago,True,-0.34009575885537136
2017-10-10,Uruguay,Bolivia,False,0.004565071597002479
2017-10-10,Bolivia,Uruguay,True,-0.0023592681824078825
2017-11-09,Croatia,Greece,False,0.00016736177055820534
2017-11-09,Greece,Croatia,True,-8.585567914653415e-05
2017-11-09,Northern Ireland,Switzerland,True,-0.0971480980328647
2017-11-09,Switzerland,Northern Ireland,False,0.18162283235983256
2017-11-10,South Africa,Senegal,True,-0.004667192945153013
2017-11-10,Senegal,South Africa,False,0.008945885036399037
2017-11-10,Sweden,Italy,False,0.28712016064880963
2017-11-10,Italy,Sweden,True,-0.15873527464445425
2017-11-11,DR Congo,Guinea,False,1.7333740488922147
2017-11-11,Guinea,DR Congo,False,-0.9943002680606265
2017-11-11,Ivory Coast,Morocco,True,-0.004427303044168619
2017-11-11,Morocco,Ivory Coast,False,0.008497975185713269
2017-11-11,Zambia,Cameroon,False,-1.7037326246806357
2017-11-11,Cameroon,Zambia,True,0.8358841915722979
2017-11-12,Congo,Uganda,False,-0.07959161420820893
2017-11-12,Uganda,Congo,False,-0.13488543898351368
2017-11-12,Ghana,Egypt,False,-0.09815673001331571
2017-11-12,Egypt,Ghana,False,-0.11104655085276183
2017-11-14,Burkina Faso,Cape Verde,False,0.0003447150061322013
2017-11-14,Cape Verde,Burkina Faso,True,-0.00017798771597524302
2017-11-14,Republic of Ireland,Denmark,True,-0.00010247883410426607
2017-11-14,Denmark,Republic of Ireland,False,0.0001995588031213913
2017-11-14,Senegal,South Africa,False,1.7114034961881368
2017-11-14,South Africa,Senegal,False,-0.9488919021593295
2017-11-15,Australia,Honduras,False,0.005109657684232438
2017-11-15,Honduras,Australia,True,-0.0026424823204883666
2017-11-15,Peru,New Zealand,False,0.003340131173801275
2017-11-15,New Zealand,Peru,True,-0.0017161067086434246
2018-05-30,Estonia,Lithuania,False,0.006817359504914577
2018-05-30,Lithuania,Estonia,True,-0.0035373430720627157
2018-06-02,Latvia,Estonia,False,0.19842917346940858
2018-06-02,Estonia,Latvia,True,-0.10649071040642448
2018-06-05,Lithuania,Latvia,True,0.8821262114921543
2018-06-05,Latvia,Lithuania,False,-1.7816016741060765
2018-06-14,Russia,Saudi Arabia,False,0.00016823702549206843
2018-06-14,Saudi Arabia,Russia,True,-8.632999110702233e-05
2018-06-15,Egypt,Uruguay,False,-1.0011454804043844
2018-06-15,Uruguay,Egypt,False,1.8066256551154267
2018-06-15,Morocco,Iran,False,-1.1421374136685245
2018-06-15,Iran,Morocco,False,1.9686686216545126
2018-06-15,Portugal,Spain,True,0.8783862935420998
2018-06-15,Spain,Portugal,False,-1.7758585667989233
2018-06-16,Argentina,Iceland,False,-0.4148991728307374
2018-06-16,Iceland,Argentina,False,0.1315250994955014
2018-06-16,Croatia,Nigeria,False,0.008011156445755674
2018-06-16,Nigeria,Croatia,True,-0.004172332831804107
2018-06-16,France,Australia,False,1.6779508660986522
2018-06-16,Australia,France,False,-0.9312465399246913
2018-06-16,Peru,Denmark,True,-0.08531351463703342
2018-06-16,Denmark,Peru,False,0.16094146473840487
2018-06-17,Brazil,Switzerland,False,-0.2560885865076643
2018-06-17,Switzerland,Brazil,False,0.012518796733276494
2018-06-17,Costa Rica,Serbia,True,-0.10351970350682631
2018-06-17,Serbia,Costa Rica,False,0.19271506398490246
2018-06-17,Germany,Mexico,True,-0.2152365789563905
2018-06-17,Mexico,Germany,False,0.37876603352866844
2018-06-18,Belgium,Panama,False,9.094811359577903e-05
2018-06-18,Panama,Belgium,True,-4.647045621447069e-05
2018-06-18,Sweden,South Korea,False,0.19318724421876032
2018-06-18,South Korea,Sweden,True,-0.10363814818643671
2018-06-18,Tunisia,England,False,-0.9255452750125461
2018-06-18,England,Tunisia,False,1.6908045673194692
2018-06-19,Colombia,Japan,True,-0.1863304544919912
2018-06-19,Japan,Colombia,False,0.3332008455941806
2018-06-19,Poland,Senegal,True,-0.008339239080007619
2018-06-19,Senegal,Poland,False,0.0157746437928985
2018-06-19,Russia,Egypt,False,0.009487664920397432
2018-06-19,Egypt,Russia,True,-0.004956462438134905
2018-06-20,Iran,Spain,True,-0.06786404833554435
2018-06-20,Spain,Iran,False,0.12907502822616612
2018-06-20,Portugal,Morocco,False,0.16953063519594913
2018-06-20,Morocco,Portugal,True,-0.09009768248946515
2018-06-20,Uruguay,Saudi Arabia,False,0.11104199239920742
2018-06-20,Saudi Arabia,Uruguay,True,-0.05799272506407525
2018-06-21,Argentina,Croatia,True,-0.18026404782275257
2018-06-21,Croatia,Argentina,False,0.32331995474473896
2018-06-21,Denmark,Australia,False,-0.21201998884117979
2018-06-21,Australia,Denmark,False,-0.003730599556665659
2018-06-21,France,Peru,False,0.1370103323299463
2018-06-21,Peru,France,True,-0.07218067997265666
2018-06-22,Brazil,Costa Rica,False,1.567317666651122
2018-06-22,Costa Rica,Brazil,False,-0.8476943260145706
2018-06-22,Nigeria,Iceland,False,0.01599061761181586
2018-06-22,Iceland,Nigeria,True,-0.008459638425056924
2018-06-22,Serbia,Switzerland,False,-1.0501817330029475
2018-06-22,Switzerland,Serbia,False,1.7974310139451353
2018-06-23,Belgium,Tunisia,False,0.0001499171830654511
2018-06-23,Tunisia,Belgium,True,-7.684975426079328e-05
2018-06-23,Germany,Sweden,False,1.7355040551060705
2018-06-23,Sweden,Germany,False,-1.0137551453472147
2018-06-23,South Korea,Mexico,True,-0.004670851544524253
2018-06-23,Mexico,South Korea,False,0.008955565580750946
2018-06-24,England,Panama,False,3.96962462900774e-11
2018-06-24,Panama,England,True,-1.9999297540143576e-11
2018-06-24,Japan,Senegal,True,0.8764637671719402
2018-06-24,Senegal,Japan,False,-1.7721585716209902
2018-06-24,Poland,Colombia,True,-0.0001380877726088709
2018-06-24,Colombia,Poland,False,0.00026807705742681875
2018-06-25,Iran,Portugal,True,0.9207175484026294
2018-06-25,Portugal,Iran,False,-1.8501564444610006
2018-06-25,Russia,Uruguay,True,-0.00787597894116785
2018-06-25,Uruguay,Russia,False,0.01491458902568743
2018-06-25,Saudi Arabia,Egypt,False,1.987216110467779
2018-06-25,Egypt,Saudi Arabia,False,-1.180427764974942
2018-06-25,Spain,Morocco,False,-0.19970419987624943
2018-06-25,Morocco,Spain,False,-0.002250274270777286
2018-06-26,Australia,Peru,True,-0.00564231267096377
2018-06-26,Peru,Australia,False,0.01077766327029428
2018-06-26,Iceland,Croatia,True,-0.09364089814627984
2018-06-26,Croatia,Iceland,False,0.17493202297124588
2018-06-26,Nigeria,Argentina,False,-0.9059163856399196
2018-06-26,Argentina,Nigeria,False,1.6629125994280276
2018-06-27,Mexico,Sweden,True,-0.00035570236937516235
2018-06-27,Sweden,Mexico,False,0.0006834928073358171
2018-06-27,Serbia,Brazil,True,-0.002811467398118595
2018-06-27,Brazil,Serbia,False,0.0054322786211677965
2018-06-27,South Korea,Germany,False,2.0529303060754156
2018-06-27,Germany,South Korea,False,-1.3169886647631937
2018-06-27,Switzerland,Costa Rica,False,-0.2917520523541772
2018-06-27,Costa Rica,Switzerland,False,0.04044789625205969
2018-06-28,England,Belgium,True,-0.1512952462907999
2018-06-28,Belgium,England,False,0.2747609783286302
2018-06-28,Japan,Poland,True,-0.1495083335895447
2018-06-28,Poland,Japan,False,0.2713385631458687
2018-06-28,Panama,Tunisia,True,-0.0970018381314438
2018-06-28,Tunisia,Panama,False,0.18150815625480066
2018-06-28,Senegal,Colombia,True,-0.08256234269803059
2018-06-28,Colombia,Senegal,False,0.15594829702754298
2018-06-30,France,Argentina,False,0.015262031985204594
2018-06-30,Argentina,France,True,-0.008057295804221334
2018-06-30,Uruguay,Portugal,False,0.2814527372466724
2018-06-30,Portugal,Uruguay,True,-0.15504510905861796
2018-07-01,Croatia,Denmark,False,-0.09131411618738339
2018-07-01,Denmark,Croatia,False,-0.12407209493346971
2018-07-01,Russia,Spain,False,0.028996867358738965
2018-07-01,Spain,Russia,False,-0.30699022295893785
2018-07-02,Belgium,Japan,False,1.7227898017928218
2018-07-02,Japan,Belgium,False,-0.9913864489945239
2018-07-02,Brazil,Mexico,False,0.1362666411647897
2018-07-02,Mexico,Brazil,True,-0.07180766078161284
2018-07-03,Colombia,England,True,0.8927054167174555
2018-07-03,England,Colombia,False,-1.8001304450348723
2018-07-03,Sweden,Switzerland,False,0.3020968578219456
2018-07-03,Switzerland,Sweden,True,-0.1678319429441447
2018-07-06,Brazil,Belgium,True,-0.013812542823580524
2018-07-06,Belgium,Brazil,False,0.025749794286592742
2018-07-06,Uruguay,France,True,-0.004771830418177662
2018-07-06,France,Uruguay,False,0.009142054802067534
2018-07-07,Russia,Croatia,False,-0.10478856383944701
2018-07-07,Croatia,Russia,False,-0.1534171594829612
2018-07-07,Sweden,England,True,-0.0038695220516306965
2018-07-07,England,Sweden,False,0.007439824914616366
2018-07-10,France,Belgium,False,0.24611211165462965
2018-07-10,Belgium,France,True,-0.13454619631019316
2018-07-11,Croatia,England,False,-0.03097136818065782
2018-07-11,England,Croatia,False,-0.19727194516421065
2018-07-14,Belgium,England,False,0.2747609783286302
2018-07-14,England,Belgium,True,-0.1512952462907999
2018-07-15,France,Croatia,False,0.010159601442222055
2018-07-15,Croatia,France,True,-0.005317649798163989
2018-09-06,Armenia,Liechtenstein,False,1.4532944919171835
2018-09-06,Liechtenstein,Armenia,False,-0.7735782274765711
2018-09-06,Czech Republic,Ukraine,False,-1.155667821179892
2018-09-06,Ukraine,Czech Republic,False,1.8974569758081914
2018-09-06,Gibraltar,North Macedonia,True,-0.0010309150270198571
2018-09-06,North Macedonia,Gibraltar,False,0.002016786688218808
2018-09-06,Kazakhstan,Georgia,True,-0.006668594258366075
2018-09-06,Georgia,Kazakhstan,False,0.012673706852313948
2018-09-06,Norway,Cyprus,False,0.00389250434437427
2018-09-06,Cyprus,Norway,True,-0.0020077846599319284
2018-09-06,Slovenia,Bulgaria,True,-0.20438110589624153
2018-09-06,Bulgaria,Slovenia,False,0.36259934318451803
2018-09-06,Wales,Republic of Ireland,False,0.0001849968040898986
2018-09-06,Republic of Ireland,Wales,True,-9.493188316765583e-05
2018-09-07,Albania,Israel,False,0.24343360337527287
2018-09-07,Israel,Albania,True,-0.13300403365583183
2018-09-07,Faroe Islands,Malta,False,0.0069053453944034615
2018-09-07,Malta,Faroe Islands,True,-0.0035844536441583374
2018-09-07,Italy,Poland,True,0.7727188263945939
2018-09-07,Poland,Italy,False,-1.6020645174433272
2018-09-07,Lithuania,Serbia,True,-0.06030125307685946
2018-09-07,Serbia,Lithuania,False,0.1150220840119367
2018-09-07,Turkey,Russia,True,-0.18926288257979024
2018-09-07,Russia,Turkey,False,0.33633161894335695
2018-09-08,Belarus,San Marino,False,2.8724748997177585e-06
2018-09-08,San Marino,Belarus,True,-1.4464329585940006e-06
2018-09-08,England,Spain,True,-0.15411765973007704
2018-09-08,Spain,England,False,0.27919877581113006
2018-09-08,Estonia,Greece,True,-0.06877594866732094
2018-09-08,Greece,Estonia,False,0.13092597464525157
2018-09-08,Finland,Hungary,False,0.2511865903362951
2018-09-08,Hungary,Finland,True,-0.1372153908676247
2018-09-08,Luxembourg,Moldova,False,0.00017164206837883
2018-09-08,Moldova,Luxembourg,True,-8.805447273624767e-05
2018-09-08,Northern Ireland,Bosnia and Herzegovina,True,-0.010873163520334145
2018-09-08,Bosnia and Herzegovina,Northern Ireland,False,0.020427639601559022
2018-09-08,Switzerland,Iceland,False,1.2420821571268448e-07
2018-09-08,Iceland,Switzerland,True,-6.32462827574193e-08
2018-09-09,Bulgaria,Norway,False,0.43119428656653813
2018-09-09,Norway,Bulgaria,True,-0.24893262668431967
2018-09-09,Cyprus,Slovenia,False,2.0174009845559184
2018-09-09,Slovenia,Cyprus,False,-1.2453595594759304
2018-09-09,Denmark,Wales,False,0.006002792874570062
2018-09-09,Wales,Denmark,True,-0.003109332538155093
2018-09-09,France,Netherlands,False,0.22518514313115645
2018-09-09,Netherlands,France,True,-0.12273376259955933
2018-09-09,Georgia,Latvia,False,1.6575624052859155
2018-09-09,Latvia,Georgia,False,-0.9158276596698065
2018-09-09,Liechtenstein,Gibraltar,False,0.007288927186302807
2018-09-09,Gibraltar,Liechtenstein,True,-0.0037834425904775646
2018-09-09,North Macedonia,Armenia,False,0.011967634204410604
2018-09-09,Armenia,North Macedonia,True,-0.006298276578745774
2018-09-09,Ukraine,Slovakia,False,1.8006060462441802
2018-09-09,Slovakia,Ukraine,False,-1.0419092771698484
2018-09-10,Andorra,Kazakhstan,True,0.9420561166644144
2018-09-10,Kazakhstan,Andorra,False,-1.8888376143182941
2018-09-10,Kosovo,Faroe Islands,False,0.005375523055707543
2018-09-10,Faroe Islands,Kosovo,True,-0.0027821990515980288
2018-09-10,Malta,Azerbaijan,False,-0.06654273736197336
2018-09-10,Azerbaijan,Malta,False,-0.14240295427767746
2018-09-10,Montenegro,Lithuania,False,0.004352421580413601
2018-09-10,Lithuania,Montenegro,True,-0.002243697371153266
2018-09-10,Portugal,Italy,False,0.1952957134244051
2018-09-10,Italy,Portugal,True,-0.10501207875434669
2018-09-10,Scotland,Albania,False,0.007291206415135143
2018-09-10,Albania,Scotland,True,-0.003788809042428457
2018-09-10,Serbia,Romania,False,-0.2050447415727823
2018-09-10,Romania,Serbia,False,-0.04485266291083878
2018-09-10,Sweden,Turkey,False,-2.753770114272713
2018-09-10,Turkey,Sweden,True,2.864873438357306
2018-09-11,Bosnia and Herzegovina,Austria,False,1.9285670662292977
2018-09-11,Austria,Bosnia and Herzegovina,False,-1.1942314499242583
2018-09-11,Finland,Estonia,False,0.12156213407200811
2018-09-11,Estonia,Finland,True,-0.06371285162180305
2018-09-11,Hungary,Greece,False,0.20409286478321498
2018-09-11,Greece,Hungary,True,-0.10983164156977474
2018-09-11,Iceland,Belgium,True,-0.005994607958324188
2018-09-11,Belgium,Iceland,False,0.011395038664919532
2018-09-11,San Marino,Luxembourg,True,-4.670998538340514e-06
2018-09-11,Luxembourg,San Marino,False,9.24875406260739e-06
2018-09-11,Spain,Croatia,False,1.3030181378326233e-09
2018-09-11,Croatia,Spain,True,-6.603842761288891e-10
2018-10-11,Faroe Islands,Azerbaijan,True,-0.008357986843657999
2018-10-11,Azerbaijan,Faroe Islands,False,0.015817333057532412
2018-10-11,Israel,Scotland,False,0.337838295305962
2018-10-11,Scotland,Israel,True,-0.1907666910396549
2018-10-11,Kosovo,Malta,False,0.10686981135644213
2018-10-11,Malta,Kosovo,True,-0.055889704440736696
2018-10-11,Lithuania,Romania,True,-0.05802497002898913
2018-10-11,Romania,Lithuania,False,0.11109068752303353
2018-10-11,Montenegro,Serbia,True,-0.11152197897926204
2018-10-11,Serbia,Montenegro,False,0.20634953547657053
2018-10-11,Poland,Portugal,True,-0.008489533596221715
2018-10-11,Portugal,Poland,False,0.016022763126175565
2018-10-12,Austria,Northern Ireland,False,0.15460808281344862
2018-10-12,Northern Ireland,Austria,True,-0.08198281576937534
2018-10-12,Belarus,Luxembourg,False,0.19273113204012127
2018-10-12,Luxembourg,Belarus,True,-0.10348098484807858
2018-10-12,Belgium,Switzerland,False,0.21430062307046027
2018-10-12,Switzerland,Belgium,True,-0.11649730623458379
2018-10-12,Estonia,Finland,False,-1.0133714100031213
2018-10-12,Finland,Estonia,False,1.8009417919030875
2018-10-12,Greece,Hungary,False,0.20258386605530188
2018-10-12,Hungary,Greece,True,-0.10896960799184358
2018-10-12,Moldova,San Marino,False,0.0007949967795464197
2018-10-12,San Marino,Moldova,True,-0.00040287976189260855
2018-10-13,Armenia,Gibraltar,True,-0.4693761832905464
2018-10-13,Gibraltar,Armenia,False,0.7484640964937377
2018-10-13,Bulgaria,Cyprus,False,0.18604457788099005
2018-10-13,Cyprus,Bulgaria,True,-0.09985133909161387
2018-10-13,Georgia,Andorra,False,0.054479413615386996
2018-10-13,Andorra,Georgia,True,-0.02787974587579987
2018-10-13,Latvia,Kazakhstan,False,-0.11906457780564161
2018-10-13,Kazakhstan,Latvia,False,-0.1047347253648192
2018-10-13,Netherlands,Germany,False,0.30789127606323863
2018-10-13,Germany,Netherlands,True,-0.1726905933407401
2018-10-13,North Macedonia,Liechtenstein,False,3.4928516967625e-08
2018-10-13,Liechtenstein,North Macedonia,True,-1.7576822976348285e-08
2018-10-13,Norway,Slovenia,False,0.17621787826509516
2018-10-13,Slovenia,Norway,True,-0.09415457584241957
2018-10-13,Slovakia,Czech Republic,False,-1.1708250816720867
2018-10-13,Czech Republic,Slovakia,False,1.9213068382850267
2018-10-14,Azerbaijan,Malta,False,-0.23554866375126404
2018-10-14,Malta,Azerbaijan,False,0.014295792911851679
2018-10-14,Faroe Islands,Kosovo,False,-0.0012859013799282337
2018-10-14,Kosovo,Faroe Islands,False,-0.24799353136670477
2018-10-14,Israel,Albania,False,0.2331157662445693
2018-10-14,Albania,Israel,True,-0.12697553063636527
2018-10-14,Lithuania,Montenegro,True,-0.00011088509314308575
2018-10-14,Montenegro,Lithuania,False,0.00021574561501935818
2018-10-14,Poland,Italy,False,-1.0850540745996864
2018-10-14,Italy,Poland,False,1.835427008774714
2018-10-14,Russia,Turkey,False,0.2524735808735663
2018-10-14,Turkey,Russia,True,-0.13865870539456496
2018-10-15,Bosnia and Herzegovina,Northern Ireland,False,0.012051948632536558
2018-10-15,Northern Ireland,Bosnia and Herzegovina,True,-0.006328673998222879
2018-10-15,Estonia,Hungary,False,0.03658904215686398
2018-10-15,Hungary,Estonia,False,-0.27777771298228604
2018-10-15,Finland,Greece,False,0.22168918768617685
2018-10-15,Greece,Finland,True,-0.11978131195182944
2018-10-15,Iceland,Switzerland,True,-0.008503743377314042
2018-10-15,Switzerland,Iceland,False,0.016042846464437766
2018-10-15,Luxembourg,San Marino,False,3.967412139260773e-06
2018-10-15,San Marino,Luxembourg,True,-1.9991734221200692e-06
2018-10-15,Spain,England,True,-0.01725207032069456
2018-10-15,England,Spain,False,0.03191764217012949
2018-10-16,Armenia,North Macedonia,False,0.033974644027067846
2018-10-16,North Macedonia,Armenia,True,-0.01843126552929867
2018-10-16,France,Germany,False,1.7358697718648368
2018-10-16,Germany,France,False,-1.0314662691370655
2018-10-16,Gibraltar,Liechtenstein,False,0.14277282391209756
2018-10-16,Liechtenstein,Gibraltar,True,-0.07511860649194703
2018-10-16,Kazakhstan,Andorra,False,2.956341411675112e-07
2018-10-16,Andorra,Kazakhstan,True,-1.4938377503185147e-07
2018-10-16,Latvia,Georgia,True,-0.0001254081637608286
2018-10-16,Georgia,Latvia,False,0.00024368810489994175
2018-10-16,Norway,Bulgaria,False,0.1384382956539092
2018-10-16,Bulgaria,Norway,True,-0.07335543953400703
2018-10-16,Republic of Ireland,Wales,True,-0.11370472731618433
2018-10-16,Wales,Republic of Ireland,False,0.21123320703869686
2018-10-16,Slovenia,Cyprus,True,0.7410524422790894
2018-10-16,Cyprus,Slovenia,False,-1.5516413780273508
2018-10-16,Ukraine,Czech Republic,False,0.22791493062208268
2018-10-16,Czech Republic,Ukraine,True,-0.12404539767594523
2018-11-15,Andorra,Georgia,False,0.127980578651806
2018-11-15,Georgia,Andorra,False,-0.3596935947841313
2018-11-15,Belgium,Iceland,False,0.13838164237160067
2018-11-15,Iceland,Belgium,True,-0.07359834031360711
2018-11-15,Croatia,Spain,False,0.36459789597017966
2018-11-15,Spain,Croatia,True,-0.20663667653613055
2018-11-15,Greece,Finland,False,0.15785893599915335
2018-11-15,Finland,Greece,True,-0.08364258773883852
2018-11-15,Hungary,Estonia,False,0.003567212735461567
2018-11-15,Estonia,Hungary,True,-0.0018348016809269316
2018-11-15,Kazakhstan,Latvia,False,-0.20057254115422785
2018-11-15,Latvia,Kazakhstan,False,-0.029121983673488838
2018-11-15,Luxembourg,Belarus,True,-0.009253984397069868
2018-11-15,Belarus,Luxembourg,False,0.017458327718556266
2018-11-15,San Marino,Moldova,False,-0.8848594522223893
2018-11-15,Moldova,San Marino,False,1.6721075255785278
2018-11-16,Cyprus,Bulgaria,False,-1.710299130670382
2018-11-16,Bulgaria,Cyprus,True,0.83962922328333
2018-11-16,Gibraltar,Armenia,True,-1.0595656141924355e-06
2018-11-16,Armenia,Gibraltar,False,2.082107451339965e-06
2018-11-16,Liechtenstein,North Macedonia,True,-0.031053207485695098
2018-11-16,North Macedonia,Liechtenstein,False,0.060534810854321996
2018-11-16,Netherlands,France,False,0.31021056770154853
2018-11-16,France,Netherlands,True,-0.17334613783575553
2018-11-16,Slovakia,Ukraine,False,0.0006837447118082096
2018-11-16,Ukraine,Slovakia,True,-0.0003558845055425581
2018-11-16,Slovenia,Norway,False,-1.7314267758553528
2018-11-16,Norway,Slovenia,True,0.8524540367785957
2018-11-16,Wales,Denmark,True,-0.1050032374879942
2018-11-16,Denmark,Wales,False,0.19569640156641022
2018-11-17,Albania,Scotland,True,-5.865731752352252e-06
2018-11-17,Scotland,Albania,False,1.1433007029992837e-05
2018-11-17,Azerbaijan,Faroe Islands,False,0.009303679246866814
2018-11-17,Faroe Islands,Azerbaijan,True,-0.004857326462234651
2018-11-17,Malta,Kosovo,True,-0.0032278069952972393
2018-11-17,Kosovo,Malta,False,0.006223089356682365
2018-11-17,Romania,Lithuania,False,3.1346143255728265e-05
2018-11-17,Lithuania,Romania,True,-1.591082844104496e-05
2018-11-17,Serbia,Montenegro,False,0.15216026303943453
2018-11-17,Montenegro,Serbia,True,-0.08087842985228551
2018-11-17,Turkey,Sweden,True,-0.18521569147934144
2018-11-17,Sweden,Turkey,False,0.32944116095047926
2018-11-18,England,Croatia,True,2.7742688521978587
2018-11-18,Croatia,England,False,-2.6044237552918514
2018-11-18,Greece,Estonia,True,-0.24879459286854239
2018-11-18,Estonia,Greece,False,0.433133985208062
2018-11-18,Hungary,Finland,False,0.008984623639096245
2018-11-18,Finland,Hungary,True,-0.004689501664105429
2018-11-18,Moldova,Luxembourg,False,-0.0638073389645677
2018-11-18,Luxembourg,Moldova,False,-0.1518029444659117
2018-11-18,Northern Ireland,Austria,False,-1.0623321685439595
2018-11-18,Austria,Northern Ireland,False,1.84123922965596
2018-11-18,San Marino,Belarus,True,-0.0003642938175657141
2018-11-18,Belarus,San Marino,False,0.000719100959268193
2018-11-18,Switzerland,Belgium,False,0.031276561864497676
2018-11-18,Belgium,Switzerland,True,-0.016918361122378836
2018-11-19,Bulgaria,Slovenia,False,-0.04565481874554811
2018-11-19,Slovenia,Bulgaria,False,-0.16825675145569785
2018-11-19,Cyprus,Norway,True,-0.0036385468226247035
2018-11-19,Norway,Cyprus,False,0.006991998094695084
2018-11-19,Czech Republic,Slovakia,False,0.2321112338341571
2018-11-19,Slovakia,Czech Republic,True,-0.12635873814428272
2018-11-19,Georgia,Kazakhstan,False,0.15791747224181663
2018-11-19,Kazakhstan,Georgia,True,-0.08402961126450059
2018-11-19,Germany,Netherlands,False,-1.975424521743954
2018-11-19,Netherlands,Germany,True,0.9867938662542076
2018-11-19,Liechtenstein,Armenia,False,-1.4885172251252192
2018-11-19,Armenia,Liechtenstein,True,0.6994537405050845
2018-11-19,North Macedonia,Gibraltar,False,0.0011027326799304404
2018-11-19,Gibraltar,North Macedonia,True,-0.0005608941563827423
2018-11-20,Kosovo,Azerbaijan,False,0.000181772183368345
2018-11-20,Azerbaijan,Kosovo,True,-9.334120690928345e-05
2018-11-20,Malta,Faroe Islands,False,-0.08786961478101674
2018-11-20,Faroe Islands,Malta,False,-0.1156812084664216
2018-11-20,Montenegro,Romania,True,-0.10560814106147474
2018-11-20,Romania,Montenegro,False,0.1965673465489597
2018-11-20,Portugal,Poland,False,-0.37018658659319414
2018-11-20,Poland,Portugal,False,0.0663814724177515
2018-11-20,Scotland,Israel,False,0.2401887324870966
2018-11-20,Israel,Scotland,True,-0.13184334429857678
2018-11-20,Serbia,Lithuania,False,3.792081504228051e-05
2018-11-20,Lithuania,Serbia,True,-1.92740773706801e-05
2018-11-20,Sweden,Russia,False,0.015457566387567567
2018-11-20,Russia,Sweden,True,-0.008177510982844437
2019-01-05,United Arab Emirates,Bahrain,False,-0.22410827887806217
2019-01-05,Bahrain,United Arab Emirates,False,-0.008874297130143871
2019-01-06,Australia,Jordan,True,-0.19435744079923803
2019-01-06,Jordan,Australia,False,0.3462684909049867
2019-01-06,Thailand,India,True,-0.014420101851669356
2019-01-06,India,Thailand,False,0.026871722687229482
2019-01-07,China,Kyrgyzstan,False,1.774936612917995
2019-01-07,Kyrgyzstan,China,False,-1.000261880088142
2019-01-07,Iran,Yemen,False,6.592361634361055e-08
2019-01-07,Yemen,Iran,True,-3.321152584451185e-08
2019-01-07,South Korea,Philippines,False,0.07027556152360726
2019-01-07,Philippines,South Korea,True,-0.03627325749695681
2019-01-08,Iraq,Vietnam,False,1.7695603619946338
2019-01-08,Vietnam,Iraq,False,-0.9881301090576611
2019-01-08,Saudi Arabia,North Korea,False,0.00023373641587420835
2019-01-08,North Korea,Saudi Arabia,True,-0.00012027977790650008
2019-01-09,Japan,Turkmenistan,False,0.001581925251982419
2019-01-09,Turkmenistan,Japan,True,-0.0008075275170699639
2019-01-09,Qatar,Lebanon,False,0.14024367755186828
2019-01-09,Lebanon,Qatar,True,-0.0739055510199882
2019-01-09,Uzbekistan,Oman,False,1.8185947379103748
2019-01-09,Oman,Uzbekistan,False,-1.0148417414689281
2019-01-10,Bahrain,Thailand,True,-0.1433665969512898
2019-01-10,Thailand,Bahrain,False,0.2620027583876605
2019-01-10,Jordan,Syria,False,0.012617034319599263
2019-01-10,Syria,Jordan,True,-0.0066330101615853145
2019-01-10,United Arab Emirates,India,False,0.0996375711736448
2019-01-10,India,United Arab Emirates,True,-0.05195234056405601
2019-01-11,Kyrgyzstan,South Korea,True,-0.04938816103161478
2019-01-11,South Korea,Kyrgyzstan,False,0.09500050111338343
2019-01-11,Palestine,Australia,True,-0.0021510739844311016
2019-01-11,Australia,Palestine,False,0.004174041883033386
2019-01-11,Philippines,China,True,-0.002382562060796004
2019-01-11,China,Philippines,False,0.0046156095247540385
2019-01-12,Lebanon,Saudi Arabia,True,-0.0019203437282471353
2019-01-12,Saudi Arabia,Lebanon,False,0.0037360834193371772
2019-01-12,Vietnam,Iran,True,-0.0010940373460126313
2019-01-12,Iran,Vietnam,False,0.002140486063636704
2019-01-12,Yemen,Iraq,True,-0.001315357816584589
2019-01-12,Iraq,Yemen,False,0.0025685423729719936
2019-01-13,North Korea,Qatar,True,-1.4030650468275314e-09
2019-01-13,Qatar,North Korea,False,2.76353695483067e-09
2019-01-13,Oman,Japan,True,-0.05949874446356575
2019-01-13,Japan,Oman,False,0.11375821302132394
2019-01-13,Turkmenistan,Uzbekistan,True,-3.512991070921139e-07
2019-01-13,Uzbekistan,Turkmenistan,False,6.933102985051676e-07
2019-01-14,India,Bahrain,False,-0.9578634586447203
2019-01-14,Bahrain,India,False,1.7534660471331174
2019-01-14,United Arab Emirates,Thailand,False,-0.3222920557756441
2019-01-14,Thailand,United Arab Emirates,False,0.04638559348454563
2019-01-15,Australia,Syria,False,0.14275553684999087
2019-01-15,Syria,Australia,True,-0.07545024036842868
2019-01-16,Kyrgyzstan,Philippines,False,0.01045209567979466
2019-01-16,Philippines,Kyrgyzstan,True,-0.005474892001927716
2019-01-16,South Korea,China,False,0.004849930372857081
2019-01-16,China,South Korea,True,-0.0025030965120193547
2019-01-16,Vietnam,Yemen,False,0.005866829530709605
2019-01-16,Yemen,Vietnam,True,-0.0030373678347345974
2019-01-17,Japan,Uzbekistan,False,0.1644035678854583
2019-01-17,Uzbekistan,Japan,True,-0.08744233395455946
2019-01-17,Lebanon,North Korea,False,0.23632701990824412
2019-01-17,North Korea,Lebanon,True,-0.12837506451648537
2019-01-17,Oman,Turkmenistan,False,1.6994244665770395
2019-01-17,Turkmenistan,Oman,False,-0.9386366800790491
2019-01-17,Saudi Arabia,Qatar,True,-0.14507747405999094
2019-01-17,Qatar,Saudi Arabia,False,0.26444230214013853
2019-01-20,Iran,Oman,False,0.003015524918121848
2019-01-20,Oman,Iran,True,-0.0015462869872448284
2019-01-20,Jordan,Vietnam,False,-0.24639188186048555
2019-01-20,Vietnam,Jordan,False,0.01871838581254681
2019-01-20,Thailand,China,True,-0.10175442953049815
2019-01-20,China,Thailand,False,0.189858905097267
2019-01-21,Japan,Saudi Arabia,False,0.15512492666469369
2019-01-21,Saudi Arabia,Japan,True,-0.08228577241371353
2019-01-21,United Arab Emirates,Kyrgyzstan,False,-1.8578815255495145
2019-01-21,Kyrgyzstan,United Arab Emirates,True,0.924724856942793
2019-01-22,Qatar,Iraq,False,0.24176961349900594
2019-01-22,Iraq,Qatar,True,-0.1317420573670835
2019-01-22,South Korea,Bahrain,False,-1.8826623938183356
2019-01-22,Bahrain,South Korea,True,0.9386660706386888
2019-01-24,China,Iran,True,-0.0018585259760197396
2019-01-24,Iran,China,False,0.003615475151811154
2019-01-24,Vietnam,Japan,True,-0.0476865495842748
2019-01-24,Japan,Vietnam,False,0.09169932102937972
2019-01-25,South Korea,Qatar,False,-1.2247493941839882
2019-01-25,Qatar,South Korea,False,1.9925871559901056
2019-01-25,United Arab Emirates,Australia,False,0.34966529199237506
2019-01-25,Australia,United Arab Emirates,True,-0.19691570365037125
2019-01-28,Iran,Japan,True,-0.007326472804936221
2019-01-28,Japan,Iran,False,0.013908416853075867
2019-01-29,United Arab Emirates,Qatar,True,-0.015474040294203026
2019-01-29,Qatar,United Arab Emirates,False,0.028715295166975796
2019-02-01,Japan,Qatar,True,-0.2548311630863731
2019-02-01,Qatar,Japan,False,0.4408475563589862
2019-03-21,Austria,Poland,True,-0.19564423010166077
2019-03-21,Poland,Austria,False,0.34659479307435426
2019-03-21,Belgium,Russia,False,0.17037062365611044
2019-03-21,Russia,Belgium,True,-0.09127514344470625
2019-03-21,Croatia,Azerbaijan,False,1.4083130928668015
2019-03-21,Azerbaijan,Croatia,False,-0.7580922622589391
2019-03-21,Cyprus,San Marino,False,1.6252110768277817e-10
2019-03-21,San Marino,Cyprus,True,-8.16582484699732e-11
2019-03-21,Israel,Slovenia,False,-0.15566782117989209
2019-03-21,Slovenia,Israel,False,-0.10254302419180861
2019-03-21,Kazakhstan,Scotland,False,0.003079053308019386
2019-03-21,Scotland,Kazakhstan,True,-0.0016430839133427704
2019-03-21,Netherlands,Belarus,False,5.443328539112002e-05
2019-03-21,Belarus,Netherlands,True,-2.773618013627639e-05
2019-03-21,North Macedonia,Latvia,False,0.005339509128746922
2019-03-21,Latvia,North Macedonia,True,-0.002761696598842013
2019-03-21,Northern Ireland,Estonia,False,0.0033061957193414315
2019-03-21,Estonia,Northern Ireland,True,-0.0016974930317138126
2019-03-21,Slovakia,Hungary,False,0.2120582144101113
2019-03-21,Hungary,Slovakia,True,-0.11459884770419757
2019-03-22,Albania,Turkey,True,-0.0069340145436349145
2019-03-22,Turkey,Albania,False,0.013175191278110177
2019-03-22,Andorra,Iceland,True,-0.03907008720377405
2019-03-22,Iceland,Andorra,False,0.07571815585230501
2019-03-22,Bulgaria,Montenegro,True,0.8487047537092001
2019-03-22,Montenegro,Bulgaria,False,-1.7252390216713698
2019-03-22,England,Czech Republic,False,2.4084988954342634e-06
2019-03-22,Czech Republic,England,True,-1.2262689666219122e-06
2019-03-22,Luxembourg,Lithuania,False,0.15511746660039805
2019-03-22,Lithuania,Luxembourg,True,-0.08218501318841145
2019-03-22,Moldova,France,True,-7.439651503671948e-06
2019-03-22,France,Moldova,False,1.4696772911104716e-05
2019-03-23,Bosnia and Herzegovina,Armenia,False,0.18314722419795837
2019-03-23,Armenia,Bosnia and Herzegovina,True,-0.09876286645403808
2019-03-23,Georgia,Switzerland,True,-0.10714170342774171
2019-03-23,Switzerland,Georgia,False,0.19859591710689894
2019-03-23,Gibraltar,Republic of Ireland,True,-0.027322682948654847
2019-03-23,Republic of Ireland,Gibraltar,False,0.053354555834513206
2019-03-23,Italy,Finland,False,0.003279173741163266
2019-03-23,Finland,Italy,True,-0.0016842910758542062
2019-03-23,Liechtenstein,Greece,True,-0.020910097971879357
2019-03-23,Greece,Liechtenstein,False,0.041079907736430776
2019-03-23,Malta,Faroe Islands,False,0.23131367341175224
2019-03-23,Faroe Islands,Malta,True,-0.12539142922297963
2019-03-23,Spain,Norway,False,0.14298367367128462
2019-03-23,Norway,Spain,True,-0.07598153452665353
2019-03-23,Sweden,Romania,False,0.1932994578749594
2019-03-23,Romania,Sweden,True,-0.10393674670947023
2019-03-24,Cyprus,Belgium,True,-0.0016717843286044843
2019-03-24,Belgium,Cyprus,False,0.0032479172871413553
2019-03-24,Hungary,Croatia,False,1.9501602080408191
2019-03-24,Croatia,Hungary,False,-1.2072043237716175
2019-03-24,Israel,Austria,False,0.04331693909244727
2019-03-24,Austria,Israel,True,-0.023751475983121186
2019-03-24,Kazakhstan,Russia,True,-2.1221438538200377e-06
2019-03-24,Russia,Kazakhstan,False,4.157745187693962e-06
2019-03-24,Netherlands,Germany,False,-1.2104738260877423
2019-03-24,Germany,Netherlands,False,1.8973993360569255
2019-03-24,Northern Ireland,Belarus,False,1.7511799645041581
2019-03-24,Belarus,Northern Ireland,False,-0.9733070984757539
2019-03-24,Poland,Latvia,False,1.4551661568744785
2019-03-24,Latvia,Poland,False,-0.7899957869755339
2019-03-24,San Marino,Scotland,True,-0.00014394650918188472
2019-03-24,Scotland,San Marino,False,0.00028530419014671793
2019-03-24,Slovenia,North Macedonia,False,-0.21260026029747858
2019-03-24,North Macedonia,Slovenia,False,-0.006935275690568954
2019-03-24,Wales,Slovakia,False,0.19193015685949355
2019-03-24,Slovakia,Wales,True,-0.1029045958998865
2019-03-25,Andorra,Albania,True,-0.03142378078210255
2019-03-25,Albania,Andorra,False,0.0613699106552863
2019-03-25,France,Iceland,False,0.004421436708938131
2019-03-25,Iceland,France,True,-0.002285317387505705
2019-03-25,Kosovo,Bulgaria,False,-0.2663722322395987
2019-03-25,Bulgaria,Kosovo,False,-0.002027326899971982
2019-03-25,Luxembourg,Ukraine,False,-0.9416309893072199
2019-03-25,Ukraine,Luxembourg,False,1.6793883509047152
2019-03-25,Montenegro,England,True,-3.955134962236081e-05
2019-03-25,England,Montenegro,False,7.751213632367637e-05
2019-03-25,Portugal,Serbia,False,-0.39639341532343675
2019-03-25,Serbia,Portugal,False,0.09059222792630961
2019-03-25,Turkey,Moldova,False,4.827437578569516e-07
2019-03-25,Moldova,Turkey,True,-2.4439977810536474e-07
2019-03-26,Armenia,Finland,True,-0.12730078604486153
2019-03-26,Finland,Armenia,False,0.23342085481540042
2019-03-26,Bosnia and Herzegovina,Greece,False,-1.758490276511877
2019-03-26,Greece,Bosnia and Herzegovina,True,0.8684396976089218
2019-03-26,Italy,Liechtenstein,False,5.425837019679136e-07
2019-03-26,Liechtenstein,Italy,True,-2.7247582803475537e-07
2019-03-26,Malta,Spain,True,-0.00046334495025821
2019-03-26,Spain,Malta,False,0.0009118439168833703
2019-03-26,Norway,Sweden,False,-1.7225317211019378
2019-03-26,Sweden,Norway,True,0.8464040112999585
2019-03-26,Republic of Ireland,Georgia,False,0.1702841205150043
2019-03-26,Georgia,Republic of Ireland,True,-0.09065776418593534
2019-03-26,Romania,Faroe Islands,False,4.7706105452238745e-05
2019-03-26,Faroe Islands,Romania,True,-2.4267942229981765e-05
2019-03-26,Switzerland,Denmark,False,-1.9828044447593576
2019-03-26,Denmark,Switzerland,True,0.9908840642479347
2019-06-05,Portugal,Switzerland,False,1.704808200316487
2019-06-05,Switzerland,Portugal,False,-0.9863138863511158
2019-06-06,Bhutan,Guam,False,0.34364561411149097
2019-06-06,Guam,Bhutan,True,-0.1932284608097805
2019-06-06,Cambodia,Pakistan,False,1.8036539263869376
2019-06-06,Pakistan,Cambodia,False,-1.0510378534858942
2019-06-06,England,Netherlands,False,-0.16147335102516713
2019-06-06,Netherlands,England,False,-0.07806373912343223
2019-06-06,Laos,Bangladesh,True,-0.14278887878860524
2019-06-06,Bangladesh,Laos,False,0.26017588013266835
2019-06-06,Macau,Sri Lanka,False,0.23433536283774492
2019-06-06,Sri Lanka,Macau,True,-0.12713392909455895
2019-06-06,Mongolia,Brunei,False,0.008928500676140594
2019-06-06,Brunei,Mongolia,True,-0.004670544893823106
2019-06-07,Austria,Slovenia,False,0.16426571485645125
2019-06-07,Slovenia,Austria,True,-0.08735676955869366
2019-06-07,Czech Republic,Bulgaria,False,0.14994308308628224
2019-06-07,Bulgaria,Czech Republic,True,-0.07967036288961879
2019-06-07,Denmark,Republic of Ireland,False,-0.2746609994942646
2019-06-07,Republic of Ireland,Denmark,False,0.052914440383858063
2019-06-07,Faroe Islands,Spain,True,-1.0297698067698167e-05
2019-06-07,Spain,Faroe Islands,False,2.0315023552264222e-05
2019-06-07,Georgia,Gibraltar,False,0.0009469519824976125
2019-06-07,Gibraltar,Georgia,True,-0.0004811834991739987
2019-06-07,Latvia,Israel,True,-0.006024383546066312
2019-06-07,Israel,Latvia,False,0.011463529181493293
2019-06-07,Lithuania,Luxembourg,False,-0.07594738778468213
2019-06-07,Luxembourg,Lithuania,False,-0.13321569075281348
2019-06-07,Malaysia,Timor-Leste,False,4.75765112195603e-07
2019-06-07,Timor-Leste,Malaysia,True,-2.40942868309297e-07
2019-06-07,Montenegro,Kosovo,False,-0.12938808276534042
2019-06-07,Kosovo,Montenegro,False,-0.12045633010374002
2019-06-07,North Macedonia,Poland,True,-0.1179412810868252
2019-06-07,Poland,North Macedonia,False,0.2172276042897905
2019-06-07,Norway,Romania,False,-1.9877635728337193
2019-06-07,Romania,Norway,True,0.9935658280112754
2019-06-07,Sweden,Malta,False,0.0015472330392354294
2019-06-07,Malta,Sweden,True,-0.0007893196620078189
2019-06-07,Ukraine,Serbia,False,4.840853993215433e-07
2019-06-07,Serbia,Ukraine,True,-2.477825756577307e-07
2019-06-08,Armenia,Liechtenstein,False,0.0015213543692627063
2019-06-08,Liechtenstein,Armenia,True,-0.0007755082571437035
2019-06-08,Azerbaijan,Hungary,True,-0.003634895072343983
2019-06-08,Hungary,Azerbaijan,False,0.006995267915558934
2019-06-08,Belarus,Germany,True,-0.002681372507559463
2019-06-08,Germany,Belarus,False,0.0051760766431514504
2019-06-08,Belgium,Kazakhstan,False,3.4941203659766273e-05
2019-06-08,Kazakhstan,Belgium,True,-1.7765699640638522e-05
2019-06-08,Croatia,Wales,False,0.008233859567187363
2019-06-08,Wales,Croatia,True,-0.0042914815431329585
2019-06-08,Estonia,Northern Ireland,False,-2.705200653245325
2019-06-08,Northern Ireland,Estonia,True,2.8372853482330975
2019-06-08,Finland,Bosnia and Herzegovina,False,0.014936593242524943
2019-06-08,Bosnia and Herzegovina,Finland,True,-0.007887254859263658
2019-06-08,Greece,Italy,True,-0.0001032477103971103
2019-06-08,Italy,Greece,False,0.00020103488911527023
2019-06-08,Iceland,Albania,False,0.2045844589005883
2019-06-08,Albania,Iceland,True,-0.11023078736983047
2019-06-08,Moldova,Andorra,False,0.10054580530769597
2019-06-08,Andorra,Moldova,True,-0.05217632418155371
2019-06-08,Russia,San Marino,False,3.929301328753354e-12
2019-06-08,San Marino,Russia,True,-1.9695273878049636e-12
2019-06-08,Scotland,Cyprus,False,0.11746568558483617
2019-06-08,Cyprus,Scotland,True,-0.06173313285808069
2019-06-08,Turkey,France,False,0.051446536706716284
2019-06-08,France,Turkey,True,-0.028379472753139418
2019-06-09,Portugal,Netherlands,False,0.24638101917759814
2019-06-09,Netherlands,Portugal,True,-0.13518614400375156
2019-06-10,Bulgaria,Kosovo,False,-1.1047867160603364
2019-06-10,Kosovo,Bulgaria,False,1.84781665964123
2019-06-10,Czech Republic,Montenegro,False,0.007409184852158468
2019-06-10,Montenegro,Czech Republic,True,-0.003856703663812809
2019-06-10,Denmark,Georgia,False,9.577798514071034e-05
2019-06-10,Georgia,Denmark,True,-4.8939196977123116e-05
2019-06-10,Faroe Islands,Norway,True,-0.0678009375955698
2019-06-10,Norway,Faroe Islands,False,0.1286108113912996
2019-06-10,Latvia,Slovenia,True,-9.804635910777972e-09
2019-06-10,Slovenia,Latvia,False,1.9370324455536547e-08
2019-06-10,Malta,Romania,True,-2.9991679368862742e-05
2019-06-10,Romania,Malta,False,5.889362348909799e-05
2019-06-10,North Macedonia,Austria,True,-0.11203965360094688
2019-06-10,Austria,North Macedonia,False,0.20728623717220174
2019-06-10,Poland,Israel,False,0.0006489475454745097
2019-06-10,Israel,Poland,True,-0.0003382279468641225
2019-06-10,Republic of Ireland,Gibraltar,False,0.03756949497842088
2019-06-10,Gibraltar,Republic of Ireland,True,-0.019135985340956858
2019-06-10,Serbia,Lithuania,False,0.0022367516132657528
2019-06-10,Lithuania,Serbia,True,-0.0011448930791699964
2019-06-10,Spain,Sweden,False,0.1459346003176254
2019-06-10,Sweden,Spain,True,-0.07754903649012675
2019-06-10,Ukraine,Luxembourg,False,0.10821280581533
2019-06-10,Luxembourg,Ukraine,True,-0.056629300457923526
2019-06-11,Albania,Moldova,False,0.0869429452983046
2019-06-11,Moldova,Albania,True,-0.045003825811896055
2019-06-11,Andorra,France,True,-4.861314851440147e-09
2019-06-11,France,Andorra,False,9.676202505914944e-09
2019-06-11,Azerbaijan,Slovakia,True,-7.860258362213154e-05
2019-06-11,Slovakia,Azerbaijan,False,0.00015333535164741008
2019-06-11,Belarus,Northern Ireland,False,-1.052781031862065
2019-06-11,Northern Ireland,Belarus,False,1.8449295311205325
2019-06-11,Belgium,Scotland,False,0.007008984844136368
2019-06-11,Scotland,Belgium,True,-0.0036482687539165152
2019-06-11,Brunei,Mongolia,False,0.4131931174607839
2019-06-11,Mongolia,Brunei,True,-0.23783952287813132
2019-06-11,Germany,Estonia,False,1.3129941578426951e-11
2019-06-11,Estonia,Germany,True,-6.608073582184357e-12
2019-06-11,Greece,Armenia,True,-0.03777373844963822
2019-06-11,Armenia,Greece,False,0.06764373387549316
2019-06-11,Guam,Bhutan,False,0.0002010738428341874
2019-06-11,Bhutan,Guam,True,-0.00010334532050574271
2019-06-11,Hungary,Wales,False,1.87756463308413
2019-06-11,Wales,Hungary,False,-1.099657946687818
2019-06-11,Iceland,Turkey,False,0.3501441754950041
2019-06-11,Turkey,Iceland,True,-0.19832945862728385
2019-06-11,Italy,Bosnia and Herzegovina,False,1.6064878737076085
2019-06-11,Bosnia and Herzegovina,Italy,False,-0.8890720037141087
2019-06-11,Kazakhstan,San Marino,False,4.5201755347612504e-06
2019-06-11,San Marino,Kazakhstan,True,-2.278617072464371e-06
2019-06-11,Liechtenstein,Finland,True,-0.00041777491470895825
2019-06-11,Finland,Liechtenstein,False,0.0008241086458715685
2019-06-11,Malaysia,Timor-Leste,False,4.75765112195603e-07
2019-06-11,Timor-Leste,Malaysia,True,-2.40942868309297e-07
2019-06-11,Pakistan,Cambodia,False,-1.0905459052913362
2019-06-11,Cambodia,Pakistan,False,1.8705565083321427
2019-06-11,Russia,Cyprus,False,0.10420915734227254
2019-06-11,Cyprus,Russia,True,-0.05454045160936169
2019-06-14,Brazil,Bolivia,False,0.0024279921815408834
2019-06-14,Bolivia,Brazil,True,-0.0012456208097058683
2019-06-15,Argentina,Colombia,True,-0.13435898125553422
2019-06-15,Colombia,Argentina,False,0.24686775993113086
2019-06-15,Canada,Martinique,False,7.932075614114353e-07
2019-06-15,Martinique,Canada,True,-4.0211456688125703e-07
2019-06-15,Mexico,Cuba,False,3.651745572597065e-12
2019-06-15,Cuba,Mexico,True,-1.8351385851174e-12
2019-06-16,Costa Rica,Nicaragua,False,8.871441239399758e-07
2019-06-16,Nicaragua,Costa Rica,True,-4.4981745894422466e-07
2019-06-16,Haiti,Bermuda,False,0.16014812065659978
2019-06-16,Bermuda,Haiti,True,-0.08580028146077437
2019-06-16,Paraguay,Qatar,False,-1.835885229699385
2019-06-16,Qatar,Paraguay,True,0.9127324650722676
2019-06-16,Uruguay,Ecuador,False,0.0003169771954394385
2019-06-16,Ecuador,Uruguay,True,-0.0001634853642581691
2019-06-17,Curaçao,El Salvador,True,-0.11194714061473196
2019-06-17,El Salvador,Curaçao,False,0.2082324606943966
2019-06-17,Jamaica,Honduras,False,0.012036794101374593
2019-06-17,Honduras,Jamaica,True,-0.00632101956016899
2019-06-17,Japan,Chile,True,-0.008290820698145622
2019-06-17,Chile,Japan,False,0.015680901872253905
2019-06-18,Bolivia,Peru,True,-0.08621598143134343
2019-06-18,Peru,Bolivia,False,0.16208576098980165
2019-06-18,Panama,Trinidad and Tobago,False,0.007640218029614676
2019-06-18,Trinidad and Tobago,Panama,True,-0.003978069547572743
2019-06-18,United States,Guyana,False,3.523341624100951e-05
2019-06-18,Guyana,United States,True,-1.7930520323080553e-05
2019-06-19,Argentina,Paraguay,False,-0.29495199242293646
2019-06-19,Paraguay,Argentina,False,0.07360709778092489
2019-06-19,Colombia,Qatar,False,1.5615603227505672
2019-06-19,Qatar,Colombia,False,-0.8489340229894312
2019-06-19,Cuba,Martinique,True,-0.005552847533772862
2019-06-19,Martinique,Cuba,False,0.010601134576681659
2019-06-19,Mexico,Canada,False,0.1981166836288093
2019-06-19,Canada,Mexico,True,-0.10648984921724808
2019-06-20,Costa Rica,Bermuda,False,0.10096986957926113
2019-06-20,Bermuda,Costa Rica,True,-0.05290852574262909
2019-06-20,Nicaragua,Haiti,True,-0.003999850482429914
2019-06-20,Haiti,Nicaragua,False,0.007683921653931947
2019-06-20,Uruguay,Japan,False,-0.18659948626144596
2019-06-20,Japan,Uruguay,False,-0.03899191389625223
2019-06-21,Ecuador,Chile,True,-0.13012113996076513
2019-06-21,Chile,Ecuador,False,0.239145240548305
2019-06-21,Egypt,Zimbabwe,False,0.12872948867349
2019-06-21,Zimbabwe,Egypt,True,-0.0677200323667391
2019-06-21,Honduras,Curaçao,True,-0.16158943771381612
2019-06-21,Curaçao,Honduras,False,0.29246398204379176
2019-06-22,Bolivia,Venezuela,True,-0.006252346145228509
2019-06-22,Venezuela,Bolivia,False,0.011895554181010848
2019-06-22,Brazil,Peru,False,1.297912208819696e-06
2019-06-22,Peru,Brazil,True,-6.590402848887055e-07
2019-06-22,DR Congo,Uganda,True,-0.007273136154544986
2019-06-22,Uganda,DR Congo,False,0.013825921709538669
2019-06-22,Guinea,Madagascar,False,-0.20709378177012416
2019-06-22,Madagascar,Guinea,False,-0.03764976357200789
2019-06-22,Guyana,Panama,True,-0.0026520820455841056
2019-06-22,Panama,Guyana,False,0.0051188348658981475
2019-06-22,Nigeria,Burundi,False,1.6717849486095058
2019-06-22,Burundi,Nigeria,False,-0.9252782827337234
2019-06-22,United States,Trinidad and Tobago,False,9.851858280285342e-07
2019-06-22,Trinidad and Tobago,United States,True,-4.999923851894258e-07
2019-06-23,Algeria,Kenya,False,0.004750002044223489
2019-06-23,Kenya,Algeria,True,-0.0024533953020505644
2019-06-23,Canada,Cuba,False,1.518785097687214e-11
2019-06-23,Cuba,Canada,True,-7.643448881710857e-12
2019-06-23,Colombia,Paraguay,False,0.1262084975008433
2019-06-23,Paraguay,Colombia,True,-0.06616816849987314
2019-06-23,Martinique,Mexico,True,-0.0009482065810423191
2019-06-23,Mexico,Martinique,False,0.0018564485582732715
2019-06-23,Morocco,Namibia,False,1.6346172720977783
2019-06-23,Namibia,Morocco,False,-0.8640586220065405
2019-06-23,Qatar,Argentina,True,-0.04258386738520735
2019-06-23,Argentina,Qatar,False,0.0821539649471017
2019-06-23,Senegal,Tanzania,False,0.0020549347436444876
2019-06-23,Tanzania,Senegal,True,-0.0010494475365262147
2019-06-24,Bermuda,Nicaragua,False,0.036040783797898435
2019-06-24,Nicaragua,Bermuda,True,-0.019581610853504506
2019-06-24,Chile,Uruguay,False,-1.0602405209985868
2019-06-24,Uruguay,Chile,False,1.8428193215884199
2019-06-24,Ecuador,Japan,False,-0.13626436304870682
2019-06-24,Japan,Ecuador,False,-0.09016112757706085
2019-06-24,Haiti,Costa Rica,False,1.986952776094825
2019-06-24,Costa Rica,Haiti,False,-1.2348227969213017
2019-06-24,Ivory Coast,South Africa,False,0.17549654040574048
2019-06-24,South Africa,Ivory Coast,True,-0.09349674703294009
2019-06-24,Mali,Mauritania,False,5.339970602102895e-05
2019-06-24,Mauritania,Mali,True,-2.716602082132098e-05
2019-06-24,Tunisia,Angola,False,-0.19889598846715906
2019-06-24,Angola,Tunisia,False,0.006498453440008323
2019-06-25,Cameroon,Guinea-Bissau,False,0.0034131433743023187
2019-06-25,Guinea-Bissau,Cameroon,True,-0.001752808356779865
2019-06-25,Ghana,Benin,False,-0.19077381748736677
2019-06-25,Benin,Ghana,False,-0.018789473875663987
2019-06-25,Honduras,El Salvador,False,0.00015315993197484445
2019-06-25,El Salvador,Honduras,True,-7.8466979872366e-05
2019-06-25,Jamaica,Curaçao,False,-1.8235555028516872
2019-06-25,Curaçao,Jamaica,True,0.9059179771172386
2019-06-26,Egypt,DR Congo,False,0.0077384594164304765
2019-06-26,DR Congo,Egypt,True,-0.00402599828817799
2019-06-26,Nigeria,Guinea,False,0.17200975637881388
2019-06-26,Guinea,Nigeria,True,-0.0917371170553066
2019-06-26,Trinidad and Tobago,Guyana,True,0.7298738269607195
2019-06-26,Guyana,Trinidad and Tobago,False,-1.5376123988089558
2019-06-26,Uganda,Zimbabwe,False,-0.09750214515820588
2019-06-26,Zimbabwe,Uganda,False,-0.07983316184920719
2019-06-26,United States,Panama,False,0.16194734777048714
2019-06-26,Panama,United States,True,-0.08633628928515573
2019-06-27,Kenya,Tanzania,False,1.8973250755010327
2019-06-27,Tanzania,Kenya,False,-1.0771296923431466
2019-06-27,Madagascar,Burundi,False,1.8758222634288906
2019-06-27,Burundi,Madagascar,False,-1.112733113789929
2019-06-27,Senegal,Algeria,True,-0.16041226070318748
2019-06-27,Algeria,Senegal,False,0.2900178144849739
2019-06-28,Morocco,Ivory Coast,False,0.13833931388385912
2019-06-28,Ivory Coast,Morocco,True,-0.07275333499935593
2019-06-28,South Africa,Namibia,False,0.13252765570480163
2019-06-28,Namibia,South Africa,True,-0.06959706133885771
2019-06-28,Tunisia,Mali,False,-0.0963024962405239
2019-06-28,Mali,Tunisia,False,-0.08928147133153352
2019-06-28,Venezuela,Argentina,True,-0.00210459729874159
2019-06-28,Argentina,Venezuela,False,0.0040855678842914855
2019-06-29,Haiti,Canada,False,2.0376812781898828
2019-06-29,Canada,Haiti,False,-1.3049800876232762
2019-06-29,Mexico,Costa Rica,False,-0.22362518111867247
2019-06-29,Costa Rica,Mexico,False,-0.0015600247665741307
2019-06-30,Burundi,Guinea,True,-0.005656222993448407
2019-06-30,Guinea,Burundi,False,0.010792936075757709
2019-06-30,Egypt,Uganda,False,0.002877722209873923
2019-06-30,Uganda,Egypt,True,-0.0014742724301960277
2019-06-30,Jamaica,Panama,False,0.27050585114317016
2019-06-30,Panama,Jamaica,True,-0.148446206613141
2019-06-30,Madagascar,Nigeria,False,0.04798947905135309
2019-06-30,Nigeria,Madagascar,True,-0.0263446526500304
2019-06-30,United States,Curaçao,False,0.09956075210529347
2019-06-30,Curaçao,United States,True,-0.05200781762957942
2019-06-30,Zimbabwe,DR Congo,True,-0.00014390293596477344
2019-06-30,DR Congo,Zimbabwe,False,0.00027928010068301035
2019-07-01,Kenya,Senegal,True,-0.0013043376688641173
2019-07-01,Senegal,Kenya,False,0.0025478419839677358
2019-07-01,Namibia,Ivory Coast,True,-0.05902940381718076
2019-07-01,Ivory Coast,Namibia,False,0.11300960221782574
2019-07-01,South Africa,Morocco,False,-0.9578682140066701
2019-07-01,Morocco,South Africa,False,1.7685491891875431
2019-07-01,Tanzania,Algeria,True,-6.206917868138166e-07
2019-07-01,Algeria,Tanzania,False,1.2226861425546076e-06
2019-07-02,Angola,Mali,True,-0.06596161655973524
2019-07-02,Mali,Angola,False,0.1259992978053699
2019-07-02,Brazil,Argentina,False,0.011823401209345441
2019-07-02,Argentina,Brazil,True,-0.00620716459274387
2019-07-02,Guinea-Bissau,Ghana,True,-0.002098084822149472
2019-07-02,Ghana,Guinea-Bissau,False,0.004075205349313826
2019-07-03,Chile,Peru,True,-0.008508714031541569
2019-07-03,Peru,Chile,False,0.016096985829374244
2019-07-03,United States,Jamaica,False,0.12372351620842137
2019-07-03,Jamaica,United States,True,-0.06503975344120481
2019-07-05,Morocco,Benin,True,0.7782855128639374
2019-07-05,Benin,Morocco,False,-1.608903063710231
2019-07-05,Uganda,Senegal,True,-0.04949748610994582
2019-07-05,Senegal,Uganda,False,0.0955086540650445
2019-07-06,Argentina,Chile,False,0.14710433032475168
2019-07-06,Chile,Argentina,True,-0.07776864926800389
2019-07-06,Egypt,South Africa,False,-1.2093650331684107
2019-07-06,South Africa,Egypt,False,2.0000958249298266
2019-07-06,Nigeria,Cameroon,False,0.20082095548333
2019-07-06,Cameroon,Nigeria,True,-0.10782572159226728
2019-07-07,Algeria,Guinea,False,0.009062262441013047
2019-07-07,Guinea,Algeria,True,-0.004736531701637752
2019-07-07,Brazil,Peru,False,0.11582684141807587
2019-07-07,Peru,Brazil,True,-0.060689766646766584
2019-07-07,Madagascar,DR Congo,False,0.034638737601942804
2019-07-07,DR Congo,Madagascar,False,-0.2807144921891278
2019-07-07,United States,Mexico,True,-0.15417804457414372
2019-07-07,Mexico,United States,False,0.2794063177143822
2019-07-08,Ghana,Tunisia,True,0.8935092895935756
2019-07-08,Tunisia,Ghana,False,-1.8015708265305914
2019-07-08,Mali,Ivory Coast,False,-1.078032869016377
2019-07-08,Ivory Coast,Mali,False,1.887130344707788
2019-07-10,Nigeria,South Africa,False,1.8515559265037775
2019-07-10,South Africa,Nigeria,False,-1.0533635462533195
2019-07-10,Senegal,Benin,False,0.11357566910123262
2019-07-10,Benin,Senegal,True,-0.05934636468364337
2019-07-11,Ivory Coast,Algeria,False,-0.0988938609652743
2019-07-11,Algeria,Ivory Coast,False,-0.14450832990718032
2019-07-11,Madagascar,Tunisia,True,-0.0026037256195251186
2019-07-11,Tunisia,Madagascar,False,0.005038662350902889
2019-07-14,Algeria,Nigeria,False,1.8386848874979873
2019-07-14,Nigeria,Algeria,False,-1.0841732401023725
2019-07-17,Tunisia,Nigeria,True,-0.12021283059943363
2019-07-17,Nigeria,Tunisia,False,0.22231748996115153
2019-07-19,Senegal,Algeria,True,-0.16041226070318748
2019-07-19,Algeria,Senegal,False,0.2900178144849739
2019-09-04,Burundi,Tanzania,False,-0.1579099088057334
2019-09-04,Tanzania,Burundi,False,-0.06467614053445936
2019-09-04,Djibouti,Eswatini,False,0.4898563881906344
2019-09-04,Eswatini,Djibouti,True,-0.287570641145805
2019-09-04,Eritrea,Namibia,True,-0.0674736870319126
2019-09-04,Namibia,Eritrea,False,0.12819653662142771
2019-09-04,Liberia,Sierra Leone,False,1.8608476374022929
2019-09-04,Sierra Leone,Liberia,False,-1.0799207619211753
2019-09-04,Mauritius,Mozambique,True,-0.09108747584795641
2019-09-04,Mozambique,Mauritius,False,0.17066248739519718
2019-09-04,South Sudan,Equatorial Guinea,False,0.056631693559185736
2019-09-04,Equatorial Guinea,South Sudan,False,-0.2650431862736855
2019-09-04,São Tomé and Príncipe,Guinea-Bissau,False,-0.977727633852649
2019-09-04,Guinea-Bissau,São Tomé and Príncipe,False,1.708342722987303
2019-09-05,Armenia,Italy,False,-0.8350195831368954
2019-09-05,Italy,Armenia,False,1.5050692036630249
2019-09-05,Bahrain,Iraq,False,-1.7585226023702014
2019-09-05,Iraq,Bahrain,True,0.868596873593555
2019-09-05,Bosnia and Herzegovina,Liechtenstein,False,0.03872248001980649
2019-09-05,Liechtenstein,Bosnia and Herzegovina,True,-0.01973053433706412
2019-09-05,Cambodia,Hong Kong,False,0.02525830193907541
2019-09-05,Hong Kong,Cambodia,False,-0.2889809224637796
2019-09-05,Chad,Sudan,True,-0.00011752886082987452
2019-09-05,Sudan,Chad,False,0.0002286123915378191
2019-09-05,Faroe Islands,Sweden,True,-7.914721586264592e-07
2019-09-05,Sweden,Faroe Islands,False,1.55744807228686e-06
2019-09-05,Finland,Greece,False,0.22168918768617685
2019-09-05,Greece,Finland,True,-0.11978131195182944
2019-09-05,Gibraltar,Denmark,True,-4.583694925045216e-11
2019-09-05,Denmark,Gibraltar,False,9.125855626734847e-11
2019-09-05,Guam,Maldives,True,-0.12058433811797709
2019-09-05,Maldives,Guam,False,0.22225775976903872
2019-09-05,India,Oman,False,-2.6683158896868298
2019-09-05,Oman,India,True,2.8147912078926813
2019-09-05,Indonesia,Malaysia,False,-1.2815904949687131
2019-09-05,Malaysia,Indonesia,False,1.9812364827992957
2019-09-05,Israel,North Macedonia,False,-0.2655788465152056
2019-09-05,North Macedonia,Israel,False,-0.035537509076274176
2019-09-05,Kuwait,Nepal,False,1.8481034480544167e-09
2019-09-05,Nepal,Kuwait,True,-9.314168696878785e-10
2019-09-05,Mongolia,Myanmar,False,0.33589755287536205
2019-09-05,Myanmar,Mongolia,True,-0.18902129710608676
2019-09-05,North Korea,Lebanon,False,0.012633613839443392
2019-09-05,Lebanon,North Korea,True,-0.0066440195878135645
2019-09-05,Norway,Malta,False,0.0018058555913897933
2019-09-05,Malta,Norway,True,-0.0009227307117768567
2019-09-05,Palestine,Uzbekistan,False,0.3253238970878618
2019-09-05,Uzbekistan,Palestine,True,-0.18173789706257712
2019-09-05,Philippines,Syria,True,-0.00014105144091734634
2019-09-05,Syria,Philippines,False,0.00027355976811405114
2019-09-05,Qatar,Afghanistan,False,3.115463442782129e-11
2019-09-05,Afghanistan,Qatar,True,-1.569444128068428e-11
2019-09-05,Republic of Ireland,Switzerland,True,0.8928686573334139
2019-09-05,Switzerland,Republic of Ireland,False,-1.8007476488074716
2019-09-05,Romania,Spain,True,-0.0793989764714724
2019-09-05,Spain,Romania,False,0.14968534243117082
2019-09-05,Seychelles,Rwanda,True,-0.0009624782352707332
2019-09-05,Rwanda,Seychelles,False,0.0018853538396381708
2019-09-05,Singapore,Yemen,False,-0.13919195567281584
2019-09-05,Yemen,Singapore,False,-0.10406557923946136
2019-09-05,Somalia,Zimbabwe,False,2.1539437272715345
2019-09-05,Zimbabwe,Somalia,False,-1.4172549382376416
2019-09-05,Sri Lanka,Turkmenistan,True,-0.0018285136553344026
2019-09-05,Turkmenistan,Sri Lanka,False,0.0035549670286458834
2019-09-05,Taiwan,Jordan,True,-0.0014213909660621242
2019-09-05,Jordan,Taiwan,False,0.0027661240179388535
2019-09-05,Tajikistan,Kyrgyzstan,False,0.24165209092398943
2019-09-05,Kyrgyzstan,Tajikistan,True,-0.13191895172923146
2019-09-06,Austria,Latvia,False,4.388626888873759e-05
2019-09-06,Latvia,Austria,True,-2.2321906582812224e-05
2019-09-06,Comoros,Togo,False,-0.11795211658497862
2019-09-06,Togo,Comoros,False,-0.11200108117446961
2019-09-06,Cyprus,Kazakhstan,False,-0.15007647199377505
2019-09-06,Kazakhstan,Cyprus,False,-0.0978228692211649
2019-09-06,Estonia,Belarus,False,-1.0913141161873834
2019-09-06,Belarus,Estonia,False,1.8759279050665303
2019-09-06,Gambia,Angola,True,-0.1414805568624561
2019-09-06,Angola,Gambia,False,0.2585458833480554
2019-09-06,Germany,Netherlands,False,-1.237115201022483
2019-09-06,Netherlands,Germany,False,1.9222175002807382
2019-09-06,San Marino,Belgium,True,-2.257754771912134e-07
2019-09-06,Belgium,San Marino,False,4.4955198363894056e-07
2019-09-06,Scotland,Russia,True,-0.15777593752449934
2019-09-06,Russia,Scotland,False,0.2852218953237231
2019-09-06,Slovakia,Croatia,True,-0.00029724869205598355
2019-09-06,Croatia,Slovakia,False,0.0005722557397800365
2019-09-06,Slovenia,Poland,False,0.020402283883198535
2019-09-06,Poland,Slovenia,True,-0.010862884479858639
2019-09-06,Wales,Azerbaijan,False,1.5925176038487838
2019-09-06,Azerbaijan,Wales,False,-0.8612064985145212
2019-09-07,England,Bulgaria,False,3.191948731995353e-07
2019-09-07,Bulgaria,England,True,-1.6140217477390507e-07
2019-09-07,France,Albania,False,3.769744823012289e-05
2019-09-07,Albania,France,True,-1.9153243816797292e-05
2019-09-07,Iceland,Moldova,False,0.0035337762828335784
2019-09-07,Moldova,Iceland,True,-0.0018189374533295706
2019-09-07,Kosovo,Czech Republic,False,0.3326448383541494
2019-09-07,Czech Republic,Kosovo,True,-0.1869415607800738
2019-09-07,Lithuania,Ukraine,True,-3.4077725447919793e-05
2019-09-07,Ukraine,Lithuania,False,6.685774109316256e-05
2019-09-07,Serbia,Portugal,True,-0.11673609354884334
2019-09-07,Portugal,Serbia,False,0.21503820002336305
2019-09-07,Turkey,Andorra,False,1.3347735948860984
2019-09-07,Andorra,Turkey,False,-0.6961809684940417
2019-09-08,Armenia,Bosnia and Herzegovina,False,1.9611377123643312
2019-09-08,Bosnia and Herzegovina,Armenia,False,-1.2620619675706293
2019-09-08,Equatorial Guinea,South Sudan,False,0.104122893295862
2019-09-08,South Sudan,Equatorial Guinea,True,-0.05426652899425187
2019-09-08,Finland,Italy,False,-0.9703513235690067
2019-09-08,Italy,Finland,False,1.7431364065651227
2019-09-08,Greece,Liechtenstein,False,-1.9707691573539599
2019-09-08,Liechtenstein,Greece,True,0.9851810830764539
2019-09-08,Lesotho,Ethiopia,False,-0.11511173556882026
2019-09-08,Ethiopia,Lesotho,False,-0.11511173556882026
2019-09-08,Romania,Malta,False,0.07457863661946362
2019-09-08,Malta,Romania,True,-0.038508710522278805
2019-09-08,Sierra Leone,Liberia,False,0.1969000619302781
2019-09-08,Liberia,Sierra Leone,True,-0.10576078556263227
2019-09-08,Spain,Faroe Islands,False,0.0008633865180005529
2019-09-08,Faroe Islands,Spain,True,-0.0004383153908363801
2019-09-08,Sweden,Norway,False,-0.21728181592711793
2019-09-08,Norway,Sweden,False,-0.06430412091797155
2019-09-08,Switzerland,Gibraltar,False,2.6301747508838957e-06
2019-09-08,Gibraltar,Switzerland,True,-1.3252957169471581e-06
2019-09-08,Tanzania,Burundi,False,-0.15583293978699286
2019-09-08,Burundi,Tanzania,False,-0.06660249810472951
2019-09-09,Azerbaijan,Croatia,False,0.14808175072297014
2019-09-09,Croatia,Azerbaijan,False,-0.4478596211525818
2019-09-09,Estonia,Netherlands,True,-0.0015220455810703872
2019-09-09,Netherlands,Estonia,False,0.002962947032046692
2019-09-09,Hungary,Slovakia,True,-0.15513979742436843
2019-09-09,Slovakia,Hungary,False,0.2812269577181623
2019-09-09,Latvia,North Macedonia,True,-0.004827639755073737
2019-09-09,North Macedonia,Latvia,False,0.00924512984262238
2019-09-09,Northern Ireland,Germany,True,-0.0867207724265688
2019-09-09,Germany,Northern Ireland,False,0.162732821670462
2019-09-09,Russia,Kazakhstan,False,1.5238728039344829
2019-09-09,Kazakhstan,Russia,False,-0.8390229046791144
2019-09-09,San Marino,Cyprus,True,-5.371806643998334e-08
2019-09-09,Cyprus,San Marino,False,1.0654686866118368e-07
2019-09-09,Scotland,Belgium,True,-0.00024288915881901806
2019-09-09,Belgium,Scotland,False,0.00046842869084118277
2019-09-09,Slovenia,Israel,False,1.7865726946355176
2019-09-09,Israel,Slovenia,False,-1.04894330769385
2019-09-10,Afghanistan,Bangladesh,False,0.13470721287210985
2019-09-10,Bangladesh,Afghanistan,True,-0.0708331481437203
2019-09-10,Albania,Iceland,False,1.8558294667292974
2019-09-10,Iceland,Albania,False,-1.0836289170321887
2019-09-10,Angola,Gambia,False,0.19526781919418168
2019-09-10,Gambia,Angola,True,-0.10483993671100209
2019-09-10,Cambodia,Bahrain,False,-0.7737106061724266
2019-09-10,Bahrain,Cambodia,False,1.427757187345634
2019-09-10,England,Kosovo,False,0.003214656954128703
2019-09-10,Kosovo,England,True,-0.0016530429089337596
2019-09-10,France,Andorra,False,0.00016300109808886631
2019-09-10,Andorra,France,True,-8.208993232777978e-05
2019-09-10,Guam,Philippines,True,-0.0023498920910076226
2019-09-10,Philippines,Guam,False,0.004552084197853468
2019-09-10,Guinea-Bissau,São Tomé and Príncipe,False,1.5802242637703712
2019-09-10,São Tomé and Príncipe,Guinea-Bissau,False,-0.8803945513076556
2019-09-10,Hong Kong,Iran,True,-0.0007215470049102639
2019-09-10,Iran,Hong Kong,False,0.0014165377090842313
2019-09-10,Indonesia,Thailand,True,-0.0005065649472786449
2019-09-10,Thailand,Indonesia,False,0.000967975254015041
2019-09-10,Kuwait,Australia,True,-7.877164187428621e-05
2019-09-10,Australia,Kuwait,False,0.00015357834903406697
2019-09-10,Lithuania,Portugal,True,-0.000744616541545828
2019-09-10,Portugal,Lithuania,False,0.0014606929876159747
2019-09-10,Luxembourg,Serbia,True,-0.08582687404263528
2019-09-10,Serbia,Luxembourg,False,0.16105183608846518
2019-09-10,Malawi,Botswana,False,1.8774224781143638
2019-09-10,Botswana,Malawi,False,-1.0630749037051184
2019-09-10,Malaysia,United Arab Emirates,True,-0.0817297287367455
2019-09-10,United Arab Emirates,Malaysia,False,0.15343036043934433
2019-09-10,Maldives,China,True,-2.9350258905516152e-05
2019-09-10,China,Maldives,False,5.758609391648406e-05
2019-09-10,Moldova,Turkey,True,-0.0021234434071277296
2019-09-10,Turkey,Moldova,False,0.004117236667335433
2019-09-10,Mongolia,Tajikistan,False,-0.8633785281760109
2019-09-10,Tajikistan,Mongolia,False,1.5629932794736603
2019-09-10,Montenegro,Czech Republic,True,-0.006775606855048992
2019-09-10,Czech Republic,Montenegro,False,0.012870924804885053
2019-09-10,Mozambique,Mauritius,False,0.12549024439318623
2019-09-10,Mauritius,Mozambique,True,-0.06603899011294662
2019-09-10,Myanmar,Japan,True,-0.0005326607079500422
2019-09-10,Japan,Myanmar,False,0.0010451332966745497
2019-09-10,Namibia,Eritrea,False,0.09309219421775872
2019-09-10,Eritrea,Namibia,True,-0.048449254128264216
2019-09-10,Rwanda,Seychelles,False,2.6223467841646197e-12
2019-09-10,Seychelles,Rwanda,True,-1.3174766014586732e-12
2019-09-10,Singapore,Palestine,False,0.46029683546352684
2019-09-10,Palestine,Singapore,True,-0.2675860361179143
2019-09-10,Sri Lanka,North Korea,True,-0.03962605553988997
2019-09-10,North Korea,Sri Lanka,False,0.07648667496807526
2019-09-10,Taiwan,Nepal,True,-0.016589581392730538
2019-09-10,Nepal,Taiwan,False,0.0307427422774027
2019-09-10,Togo,Comoros,False,0.010062547833227242
2019-09-10,Comoros,Togo,True,-0.005264999264254535
2019-09-10,Turkmenistan,South Korea,True,-0.05023357714520384
2019-09-10,South Korea,Turkmenistan,False,0.09629896963935591
2019-09-10,Yemen,Saudi Arabia,False,0.1531239157840376
2019-09-10,Saudi Arabia,Yemen,False,-0.4228510051717509
2019-09-10,Zimbabwe,Somalia,False,1.4678961178988097
2019-09-10,Somalia,Zimbabwe,False,-0.7844701806869486
2019-10-10,Australia,Nepal,False,7.878337537903235e-09
2019-10-10,Nepal,Australia,True,-3.958056451038421e-09
2019-10-10,Austria,Israel,False,0.21016939333810303
2019-10-10,Israel,Austria,True,-0.11442912431042455
2019-10-10,Bangladesh,Qatar,True,-0.030501391926688163
2019-10-10,Qatar,Bangladesh,False,0.05924931382302656
2019-10-10,Belgium,San Marino,False,4.440892098500626e-16
2019-10-10,San Marino,Belgium,True,-4.890109201500246e-16
2019-10-10,China,Guam,False,4.440892098500626e-16
2019-10-10,Guam,China,True,-5.19493488872631e-16
2019-10-10,Croatia,Hungary,False,0.00024883690681232196
2019-10-10,Hungary,Croatia,True,-0.00012815180229898337
2019-10-10,Iran,Cambodia,False,4.440892098500626e-16
2019-10-10,Cambodia,Iran,True,-6.292093332994623e-22
2019-10-10,Iraq,Hong Kong,False,0.08799327141687208
2019-10-10,Hong Kong,Iraq,True,-0.045657987817029316
2019-10-10,Japan,Mongolia,False,3.426769978887023e-11
2019-10-10,Mongolia,Japan,True,-1.7204044563976935e-11
2019-10-10,Kazakhstan,Cyprus,False,-1.203102874310272
2019-10-10,Cyprus,Kazakhstan,False,1.9514217781537384
2019-10-10,Kyrgyzstan,Myanmar,False,2.9861579875500865e-10
2019-10-10,Myanmar,Kyrgyzstan,True,-1.5092336035732931e-10
2019-10-10,Latvia,Poland,True,-0.002535319890205702
2019-10-10,Poland,Latvia,False,0.004904265775766081
2019-10-10,Lebanon,Turkmenistan,False,0.1486043026752073
2019-10-10,Turkmenistan,Lebanon,True,-0.07863594835675247
2019-10-10,Netherlands,Northern Ireland,True,2.6931319754827774
2019-10-10,Northern Ireland,Netherlands,False,-2.4799057039690617
2019-10-10,North Macedonia,Slovenia,False,0.015233841060995346
2019-10-10,Slovenia,North Macedonia,True,-0.008041630058022104
2019-10-10,Oman,Afghanistan,False,3.9117413085154595e-05
2019-10-10,Afghanistan,Oman,True,-1.988160529186752e-05
2019-10-10,Russia,Scotland,False,0.0004889828453484846
2019-10-10,Scotland,Russia,True,-0.0002535585152242498
2019-10-10,Saudi Arabia,Singapore,False,3.184148575918755e-05
2019-10-10,Singapore,Saudi Arabia,True,-1.6174054953093645e-05
2019-10-10,Slovakia,Wales,False,-0.1339875281836267
2019-10-10,Wales,Slovakia,False,-0.08147819981698357
2019-10-10,South Korea,Sri Lanka,False,4.440892098500626e-16
2019-10-10,Sri Lanka,South Korea,True,-9.621965470115984e-18
2019-10-10,Syria,Maldives,False,0.07365117679941813
2019-10-10,Maldives,Syria,True,-0.03816868181279745
2019-10-10,United Arab Emirates,Indonesia,False,2.6918398652320263e-06
2019-10-10,Indonesia,United Arab Emirates,True,-1.371488039841188e-06
2019-10-10,Uzbekistan,Yemen,False,2.645871508555331e-07
2019-10-10,Yemen,Uzbekistan,True,-1.337097514977504e-07
2019-10-10,Vietnam,Malaysia,False,0.17068009830586028
2019-10-10,Malaysia,Vietnam,True,-0.09132635838576145
2019-10-11,Andorra,Moldova,False,0.21377547820738307
2019-10-11,Moldova,Andorra,True,-0.11491736119232238
2019-10-11,Czech Republic,England,False,2.016803766138332
2019-10-11,England,Czech Republic,False,-1.2813880277652547
2019-10-11,Iceland,France,True,-0.08585395145084168
2019-10-11,France,Iceland,False,0.160696904089896
2019-10-11,Portugal,Luxembourg,False,0.0015437232514452504
2019-10-11,Luxembourg,Portugal,True,-0.0007878029878839867
2019-10-11,Turkey,Albania,False,1.7448276361050523
2019-10-11,Albania,Turkey,False,-0.9860158494987346
2019-10-11,Ukraine,Lithuania,False,0.0018824440968607803
2019-10-11,Lithuania,Ukraine,True,-0.0009615037936292757
2019-10-12,Bosnia and Herzegovina,Finland,False,1.1888691035633059e-05
2019-10-12,Finland,Bosnia and Herzegovina,True,-6.1026140111707245e-06
2019-10-12,Denmark,Switzerland,False,1.7955429676264627
2019-10-12,Switzerland,Denmark,False,-1.0437474889500846
2019-10-12,Faroe Islands,Romania,True,-0.06743079538783744
2019-10-12,Romania,Faroe Islands,False,0.12831128899297495
2019-10-12,Italy,Greece,False,0.12165846248621559
2019-10-12,Greece,Italy,True,-0.06374447291031521
2019-10-12,Liechtenstein,Armenia,False,0.14189051324314716
2019-10-12,Armenia,Liechtenstein,False,-0.41470314995973023
2019-10-12,Malta,Sweden,True,-3.494254182604803e-07
2019-10-12,Sweden,Malta,False,6.895560997755013e-07
2019-10-12,Norway,Spain,True,0.8937998557543639
2019-10-12,Spain,Norway,False,-1.803437045996906
2019-10-13,Belarus,Netherlands,True,-0.06662319398817476
2019-10-13,Netherlands,Belarus,False,0.12621634981076735
2019-10-13,Cyprus,Russia,True,-0.003242185159401288
2019-10-13,Russia,Cyprus,False,0.006246492402088855
2019-10-13,Estonia,Germany,True,-3.0912160761387646e-05
2019-10-13,Germany,Estonia,False,6.063763515351539e-05
2019-10-13,Hungary,Azerbaijan,False,0.11509968472192789
2019-10-13,Azerbaijan,Hungary,True,-0.06032739263110623
2019-10-13,Kazakhstan,Belgium,True,-0.0019303176352869094
2019-10-13,Belgium,Kazakhstan,False,0.003743748216283649
2019-10-13,Poland,North Macedonia,False,0.15975116026109193
2019-10-13,North Macedonia,Poland,True,-0.08522561159847875
2019-10-13,Scotland,San Marino,False,6.5991656583719305e-12
2019-10-13,San Marino,Scotland,True,-3.3085438457887057e-12
2019-10-13,Slovenia,Austria,True,-0.11841820266798928
2019-10-13,Austria,Slovenia,False,0.2189832909198275
2019-10-13,Wales,Croatia,False,-0.0810660906264784
2019-10-13,Croatia,Wales,False,-0.1516275060894401
2019-10-14,Bulgaria,England,True,-5.0831158161786325e-09
2019-10-14,England,Bulgaria,False,1.0054591381702949e-08
2019-10-14,France,Turkey,False,-0.4423030661165612
2019-10-14,Turkey,France,False,0.1206542622643011
2019-10-14,Iceland,Andorra,False,0.0009661528049766943
2019-10-14,Andorra,Iceland,True,-0.0004905829656618885
2019-10-14,Kosovo,Montenegro,False,0.012177213276170384
2019-10-14,Montenegro,Kosovo,True,-0.006402486233677547
2019-10-14,Lithuania,Serbia,True,-0.002065534613096727
2019-10-14,Serbia,Lithuania,False,0.0040083836516982
2019-10-14,Moldova,Albania,True,-3.977662684584661e-05
2019-10-14,Albania,Moldova,False,7.800061908724842e-05
2019-10-14,Ukraine,Portugal,False,0.369407218112626
2019-10-14,Portugal,Ukraine,True,-0.20939896953696852
2019-10-15,Bahrain,Iran,False,0.3758027933178525
2019-10-15,Iran,Bahrain,True,-0.2125578072801883
2019-10-15,Cambodia,Iraq,True,-1.8465789727915502e-07
2019-10-15,Iraq,Cambodia,False,3.6496730082546947e-07
2019-10-15,Faroe Islands,Malta,False,0.15888837748268925
2019-10-15,Malta,Faroe Islands,True,-0.08424715524338545
2019-10-15,Finland,Armenia,False,0.008817976947613548
2019-10-15,Armenia,Finland,True,-0.004607192352142534
2019-10-15,Gibraltar,Georgia,False,-0.7670338752308261
2019-10-15,Georgia,Gibraltar,False,1.4344422682767226
2019-10-15,Greece,Bosnia and Herzegovina,False,1.7966737546464222
2019-10-15,Bosnia and Herzegovina,Greece,False,-1.0281979871705436
2019-10-15,India,Bangladesh,True,0.7252716382021271
2019-10-15,Bangladesh,India,False,-1.5270593730962858
2019-10-15,Indonesia,Vietnam,True,-0.0004940914714382005
2019-10-15,Vietnam,Indonesia,False,0.0009447497840309182
2019-10-15,Israel,Latvia,False,0.00649621176695403
2019-10-15,Latvia,Israel,True,-0.003376858960319207
2019-10-15,Jordan,Nepal,False,0.04181288429803098
2019-10-15,Nepal,Jordan,True,-0.02135344004500955
2019-10-15,Liechtenstein,Italy,True,-0.00011711351884622231
2019-10-15,Italy,Liechtenstein,False,0.00023234143858363865
2019-10-15,Mongolia,Kyrgyzstan,True,-0.06173313285808069
2019-10-15,Kyrgyzstan,Mongolia,False,0.11746568558483617
2019-10-15,Qatar,Oman,False,0.18904753717034994
2019-10-15,Oman,Qatar,True,-0.10149530860332763
2019-10-15,Romania,Norway,False,-1.7313660835112943
2019-10-15,Norway,Romania,True,0.8521474423695331
2019-10-15,Singapore,Uzbekistan,True,-0.05080845454591891
2019-10-15,Uzbekistan,Singapore,False,0.09738029132692683
2019-10-15,Sri Lanka,Lebanon,True,-0.0005741046427022201
2019-10-15,Lebanon,Sri Lanka,False,0.0011299342950970015
2019-10-15,Sweden,Spain,False,-1.5740819129761587
2019-10-15,Spain,Sweden,True,0.7543587079216323
2019-10-15,Switzerland,Republic of Ireland,False,0.14868183651333222
2019-10-15,Republic of Ireland,Switzerland,True,-0.0787058335568721
2019-10-15,Syria,Guam,False,0.0006195515907512217
2019-10-15,Guam,Syria,True,-0.0003138331745999652
2019-10-15,Taiwan,Australia,True,-7.467659125339182e-08
2019-10-15,Australia,Taiwan,False,1.4788271185395274e-07
2019-10-15,Tajikistan,Japan,True,-0.0019087385456808708
2019-10-15,Japan,Tajikistan,False,0.0037045982082699602
2019-10-15,Thailand,United Arab Emirates,False,0.33897916524176885
2019-10-15,United Arab Emirates,Thailand,True,-0.19047713726538737
2019-11-14,Afghanistan,India,False,-1.7178654624501188
2019-11-14,India,Afghanistan,True,0.8447475687325171
2019-11-14,Albania,Andorra,False,-0.4009790021569337
2019-11-14,Andorra,Albania,False,0.1690467971410493
2019-11-14,Czech Republic,Kosovo,False,1.6972192971487252
2019-11-14,Kosovo,Czech Republic,False,-0.9839533718686424
2019-11-14,England,Montenegro,False,1.9966694964068665e-11
2019-11-14,Montenegro,England,True,-1.0051935533836259e-11
2019-11-14,France,Moldova,False,1.1386012625452606
2019-11-14,Moldova,France,False,-0.5954728337084144
2019-11-14,Iraq,Iran,False,2.037928881302715
2019-11-14,Iran,Iraq,False,-1.2531816104469544
2019-11-14,Jordan,Australia,True,-0.10917431301382481
2019-11-14,Australia,Jordan,False,0.20249658116498903
2019-11-14,Kuwait,Taiwan,False,1.1408651801048109e-12
2019-11-14,Taiwan,Kuwait,True,-5.747377559730781e-13
2019-11-14,Kyrgyzstan,Japan,True,-0.002089368482772037
2019-11-14,Japan,Kyrgyzstan,False,0.004049798963922768
2019-11-14,Malaysia,Thailand,False,0.39538943559291173
2019-11-14,Thailand,Malaysia,True,-0.22627128700913873
2019-11-14,Maldives,Philippines,True,-0.007335315857185938
2019-11-14,Philippines,Maldives,False,0.013884534454670305
2019-11-14,Myanmar,Tajikistan,False,0.06374445746743573
2019-11-14,Tajikistan,Myanmar,True,-0.03551921349386857
2019-11-14,Oman,Bangladesh,False,0.0007149589975994353
2019-11-14,Bangladesh,Oman,True,-0.000362385554218581
2019-11-14,Portugal,Lithuania,False,1.474820265912058e-12
2019-11-14,Lithuania,Portugal,True,-7.406795412436498e-13
2019-11-14,Serbia,Luxembourg,False,0.11713563291041407
2019-11-14,Luxembourg,Serbia,True,-0.061566285424194886
2019-11-14,Syria,China,False,1.8864942163264444
2019-11-14,China,Syria,False,-1.1039606357462315
2019-11-14,Turkmenistan,North Korea,False,0.043291691089847095
2019-11-14,North Korea,Turkmenistan,True,-0.023723165667075538
2019-11-14,Uzbekistan,Saudi Arabia,False,-2.80173207880554
2019-11-14,Saudi Arabia,Uzbekistan,True,2.8934127063260373
2019-11-14,Vietnam,United Arab Emirates,False,0.3382460040978925
2019-11-14,United Arab Emirates,Vietnam,True,-0.1897883402675389
2019-11-14,Yemen,Palestine,False,0.3969688070468207
2019-11-14,Palestine,Yemen,True,-0.2259451995720999
2019-11-15,Armenia,Greece,True,-0.10041430810206851
2019-11-15,Greece,Armenia,False,0.18693847639896344
2019-11-15,Bosnia and Herzegovina,Italy,True,-0.00013011609154851643
2019-11-15,Italy,Bosnia and Herzegovina,False,0.0002526890441743035
2019-11-15,Denmark,Gibraltar,False,6.52375886645018e-09
2019-11-15,Gibraltar,Denmark,True,-3.2769576213861284e-09
2019-11-15,Finland,Liechtenstein,False,3.502159756862966e-06
2019-11-15,Liechtenstein,Finland,True,-1.764161283381713e-06
2019-11-15,Norway,Faroe Islands,False,7.089576969931954e-07
2019-11-15,Faroe Islands,Norway,True,-3.5933363141703076e-07
2019-11-15,Romania,Sweden,True,-0.00955932683683807
2019-11-15,Sweden,Romania,False,0.018010684099491137
2019-11-15,Spain,Malta,False,4.289901767151605e-13
2019-11-15,Malta,Spain,True,-2.1546595335031352e-13
2019-11-15,Switzerland,Georgia,False,1.604306138891403
2019-11-15,Georgia,Switzerland,False,-0.9018174819689457
2019-11-16,Austria,North Macedonia,False,0.006959230413279727
2019-11-16,North Macedonia,Austria,True,-0.003618795854592129
2019-11-16,Azerbaijan,Wales,True,-0.002417326900364304
2019-11-16,Wales,Azerbaijan,False,0.004684473711189963
2019-11-16,Croatia,Slovakia,False,0.0083129122770087
2019-11-16,Slovakia,Croatia,True,-0.0043355590290509866
2019-11-16,Cyprus,Scotland,True,-0.08595008915985988
2019-11-16,Scotland,Cyprus,False,0.16130532107540008
2019-11-16,Germany,Belarus,False,5.657603242115172e-05
2019-11-16,Belarus,Germany,True,-2.884053108817149e-05
2019-11-16,Israel,Poland,True,-0.014112611731587229
2019-11-16,Poland,Israel,False,0.026196248456484827
2019-11-16,Russia,Belgium,True,-9.77145323502861e-06
2019-11-16,Belgium,Russia,False,1.8968216611181532e-05
2019-11-16,San Marino,Kazakhstan,True,-5.348501122334958e-06
2019-11-16,Kazakhstan,San Marino,False,1.058479513682542e-05
2019-11-16,Slovenia,Latvia,False,0.09683542895837371
2019-11-16,Latvia,Slovenia,True,-0.05030647823434968
2019-11-17,Albania,France,True,-0.0020691882987026217
2019-11-17,France,Albania,False,0.004018208085086794
2019-11-17,Andorra,Turkey,True,-0.0005736004580194082
2019-11-17,Turkey,Andorra,False,0.001128448080683242
2019-11-17,Bulgaria,Czech Republic,False,0.3811072831413207
2019-11-17,Czech Republic,Bulgaria,True,-0.21679592543736098
2019-11-17,Kosovo,England,True,-0.07291488603834369
2019-11-17,England,Kosovo,False,0.13783582597007715
2019-11-17,Luxembourg,Portugal,True,-0.048615900374308955
2019-11-17,Portugal,Luxembourg,False,0.09328581412440062
2019-11-17,Moldova,Iceland,True,-0.07706424063182912
2019-11-17,Iceland,Moldova,False,0.1453976607756884
2019-11-17,Serbia,Ukraine,False,-1.7454798443215873
2019-11-17,Ukraine,Serbia,True,0.8603160899171294
2019-11-18,Gibraltar,Switzerland,True,-3.404782435750406e-06
2019-11-18,Switzerland,Gibraltar,False,6.741809065236026e-06
2019-11-18,Greece,Finland,False,0.15785893599915335
2019-11-18,Finland,Greece,True,-0.08364258773883852
2019-11-18,Italy,Armenia,False,2.6201263381153694e-13
2019-11-18,Armenia,Italy,True,-1.3177936647230846e-13
2019-11-18,Liechtenstein,Bosnia and Herzegovina,True,-5.407948419258835e-06
2019-11-18,Bosnia and Herzegovina,Liechtenstein,False,1.0700560841847562e-05
2019-11-18,Malta,Norway,True,-0.053207690778939595
2019-11-18,Norway,Malta,False,0.10184276339872067
2019-11-18,Republic of Ireland,Denmark,True,0.9134362044685829
2019-11-18,Denmark,Republic of Ireland,False,-1.83688175969296
2019-11-18,Spain,Romania,False,1.179734076206529e-06
2019-11-18,Romania,Spain,True,-5.989310772342841e-07
2019-11-18,Sweden,Faroe Islands,False,0.002403884942899559
2019-11-18,Faroe Islands,Sweden,True,-0.0012315643356840844
2019-11-19,Afghanistan,Qatar,False,-0.7888444426357569
2019-11-19,Qatar,Afghanistan,False,1.4586871224718396
2019-11-19,Belgium,Cyprus,False,3.2240895908586253e-07
2019-11-19,Cyprus,Belgium,True,-1.6309711752800222e-07
2019-11-19,Germany,Northern Ireland,False,1.632529642137115e-06
2019-11-19,Northern Ireland,Germany,True,-8.298552295789093e-07
2019-11-19,Hong Kong,Cambodia,False,0.12729292854551044
2019-11-19,Cambodia,Hong Kong,True,-0.06708914054457998
2019-11-19,Jordan,Taiwan,False,1.8903154597182947e-09
2019-11-19,Taiwan,Jordan,True,-9.530939074615309e-10
2019-11-19,Kyrgyzstan,Tajikistan,True,0.8212870381006284
2019-11-19,Tajikistan,Kyrgyzstan,False,-1.6800527994736605
2019-11-19,Latvia,Austria,False,0.4842964849446325
2019-11-19,Austria,Latvia,True,-0.28284466191499175
2019-11-19,Malaysia,Indonesia,False,0.029727595893687564
2019-11-19,Indonesia,Malaysia,True,-0.0160577086300578
2019-11-19,Maldives,Guam,False,0.1652039897247466
2019-11-19,Guam,Maldives,True,-0.08808541357827084
2019-11-19,Myanmar,Mongolia,False,0.20188663231553106
2019-11-19,Mongolia,Myanmar,True,-0.10922688668379271
2019-11-19,Nepal,Kuwait,True,-0.03972820379378405
2019-11-19,Kuwait,Nepal,False,0.0769454652870194
2019-11-19,Netherlands,Estonia,False,2.4420626992593952e-05
2019-11-19,Estonia,Netherlands,True,-1.2390994737714945e-05
2019-11-19,North Macedonia,Israel,False,0.3177015585813354
2019-11-19,Israel,North Macedonia,True,-0.17826582623983228
2019-11-19,Oman,India,False,0.1072667311676816
2019-11-19,India,Oman,True,-0.055961935336606844
2019-11-19,Poland,Slovenia,False,1.7489544092793001
2019-11-19,Slovenia,Poland,False,-0.9931062457885973
2019-11-19,San Marino,Russia,True,-2.7665435248350103e-09
2019-11-19,Russia,San Marino,False,5.509677603043883e-09
2019-11-19,Scotland,Kazakhstan,False,0.1268209413155681
2019-11-19,Kazakhstan,Scotland,True,-0.06684232260942306
2019-11-19,Slovakia,Azerbaijan,False,0.10580284441631971
2019-11-19,Azerbaijan,Slovakia,True,-0.05525391208492349
2019-11-19,Syria,Philippines,False,0.13105653622601743
2019-11-19,Philippines,Syria,True,-0.06912424099713302
2019-11-19,Turkmenistan,Sri Lanka,False,0.001987586166374289
2019-11-19,Sri Lanka,Turkmenistan,True,-0.001015892152393637
2019-11-19,Uzbekistan,Palestine,False,0.0061241370019717856
2019-11-19,Palestine,Uzbekistan,True,-0.003175485611584074
2019-11-19,Wales,Hungary,False,0.009790236012203746
2019-11-19,Hungary,Wales,True,-0.00511826115279911
2019-11-19,Yemen,Singapore,True,-0.009456201509792607
2019-11-19,Singapore,Yemen,False,0.01783487549503482
2020-09-03,Bulgaria,Republic of Ireland,False,-1.7149038676209547
2020-09-03,Republic of Ireland,Bulgaria,True,0.8428979131197711
2020-09-03,Faroe Islands,Malta,True,2.832180875042397
2020-09-03,Malta,Faroe Islands,False,-2.6969335118636684
2020-09-03,Finland,Wales,False,-1.063933676414835
2020-09-03,Wales,Finland,False,1.8573285821251782
2020-09-03,Germany,Spain,False,-1.6530016051662235
2020-09-03,Spain,Germany,True,0.8036612728913172
2020-09-03,Moldova,Kosovo,False,0.08026011683242151
2020-09-03,Kosovo,Moldova,False,-0.3259201400721041
2020-09-03,Russia,Serbia,False,0.01677814216664908
2020-09-03,Serbia,Russia,True,-0.008896471402100134
2020-09-03,Turkey,Hungary,False,-1.240039161385278
2020-09-03,Hungary,Turkey,False,1.9653692489250483
2020-09-03,Ukraine,Switzerland,False,0.2971977838066229
2020-09-03,Switzerland,Ukraine,True,-0.16510374984375686
2020-09-04,Belarus,Albania,True,-0.10061177095542534
2020-09-04,Albania,Belarus,False,0.18811342256975783
2020-09-04,Italy,Bosnia and Herzegovina,False,-0.3935121262923915
2020-09-04,Bosnia and Herzegovina,Italy,False,0.11092799628589134
2020-09-04,Lithuania,Kazakhstan,True,-0.11634738255093491
2020-09-04,Kazakhstan,Lithuania,False,0.21540627291104508
2020-09-04,Netherlands,Poland,False,0.20391552388479672
2020-09-04,Poland,Netherlands,True,-0.11067732962815159
2020-09-04,Norway,Austria,True,-0.19183253969708056
2020-09-04,Austria,Norway,False,0.34048706883274926
2020-09-04,Romania,Northern Ireland,False,-1.8384389347814531
2020-09-04,Northern Ireland,Romania,True,0.9142965354011839
2020-09-04,Scotland,Israel,False,-0.29140506464510607
2020-09-04,Israel,Scotland,False,-0.017203117458925554
2020-09-04,Slovakia,Czech Republic,True,-0.013586387490206171
2020-09-04,Czech Republic,Slovakia,False,0.025333827714111745
2020-09-05,Azerbaijan,Luxembourg,True,-0.1433577679559756
2020-09-05,Luxembourg,Azerbaijan,False,0.2616890675773873
2020-09-05,Cyprus,Montenegro,True,-0.007293508676020937
2020-09-05,Montenegro,Cyprus,False,0.013836451062454458
2020-09-05,Denmark,Belgium,True,-0.15489670632265054
2020-09-05,Belgium,Denmark,False,0.2803292731503735
2020-09-05,Estonia,Georgia,True,-0.09468580030307715
2020-09-05,Georgia,Estonia,False,0.17727310617556347
2020-09-05,Gibraltar,San Marino,False,0.09769648243879914
2020-09-05,San Marino,Gibraltar,True,-0.050662651811306365
2020-09-05,Iceland,England,False,-0.925466158282463
2020-09-05,England,Iceland,False,1.6331734582109485
2020-09-05,North Macedonia,Armenia,False,0.011967634204410604
2020-09-05,Armenia,North Macedonia,True,-0.006298276578745774
2020-09-05,Portugal,Croatia,False,0.000410227403037311
2020-09-05,Croatia,Portugal,True,-0.00021235537416066058
2020-09-05,Sweden,France,True,-0.11506630782852302
2020-09-05,France,Sweden,False,0.2123032820923667
2020-09-06,Andorra,Faroe Islands,True,-0.06099557659293676
2020-09-06,Faroe Islands,Andorra,False,0.11691559251872308
2020-09-06,Hungary,Russia,True,-0.14851164268350392
2020-09-06,Russia,Hungary,False,0.2697918678170774
2020-09-06,Kosovo,Greece,True,-0.008005812590005237
2020-09-06,Greece,Kosovo,False,0.015159327014339308
2020-09-06,Malta,Latvia,False,-0.08107474263986059
2020-09-06,Latvia,Malta,False,-0.12028909068210858
2020-09-06,Republic of Ireland,Finland,True,-0.1524475412884411
2020-09-06,Finland,Republic of Ireland,False,0.2775905174769471
2020-09-06,Slovenia,Moldova,False,0.08059769512055803
2020-09-06,Moldova,Slovenia,True,-0.04165099811966472
2020-09-06,Spain,Ukraine,False,0.0001324835095188881
2020-09-06,Ukraine,Spain,True,-6.788149692141042e-05
2020-09-06,Switzerland,Germany,False,-0.12567202239463438
2020-09-06,Germany,Switzerland,False,-0.17095673739747985
2020-09-06,Wales,Bulgaria,False,1.6581460818112783
2020-09-06,Bulgaria,Wales,False,-0.9153019037342417
2020-09-07,Albania,Lithuania,True,-0.22933878879750047
2020-09-07,Lithuania,Albania,False,0.40302348418976175
2020-09-07,Austria,Romania,True,-0.016559568772102108
2020-09-07,Romania,Austria,False,0.03069054915627012
2020-09-07,Bosnia and Herzegovina,Poland,True,-0.14244780683896274
2020-09-07,Poland,Bosnia and Herzegovina,False,0.2587637842025865
2020-09-07,Czech Republic,Scotland,True,-0.18889200400134465
2020-09-07,Scotland,Czech Republic,False,0.3361793586440984
2020-09-07,Israel,Slovakia,True,0.8288869016443563
2020-09-07,Slovakia,Israel,False,-1.6937312506234008
2020-09-07,Kazakhstan,Belarus,False,-1.129516611252289
2020-09-07,Belarus,Kazakhstan,False,1.8911377902921556
2020-09-07,Netherlands,Italy,True,-0.18913660495958814
2020-09-07,Italy,Netherlands,False,0.3367654752053775
2020-09-07,Northern Ireland,Norway,True,-6.857768874036083e-06
2020-09-07,Norway,Northern Ireland,False,1.3350591021588087e-05
2020-09-08,Armenia,Estonia,False,0.013678084562831927
2020-09-08,Estonia,Armenia,True,-0.0072134553066547915
2020-09-08,Belgium,Iceland,False,0.00018472930685398126
2020-09-08,Iceland,Belgium,True,-9.498350815357218e-05
2020-09-08,Cyprus,Azerbaijan,True,-0.15948910492589768
2020-09-08,Azerbaijan,Cyprus,False,0.28856743279768393
2020-09-08,France,Croatia,False,0.18182553846248872
2020-09-08,Croatia,France,True,-0.09760549101496108
2020-09-08,Georgia,North Macedonia,False,-0.20208887168588574
2020-09-08,North Macedonia,Georgia,False,-0.04579234807125521
2020-09-08,Luxembourg,Montenegro,False,-1.0849559340104902
2020-09-08,Montenegro,Luxembourg,False,1.8568199268142345
2020-09-08,San Marino,Liechtenstein,True,-0.0010070372427228005
2020-09-08,Liechtenstein,San Marino,False,0.001975174265557378
2020-09-08,Sweden,Portugal,True,-0.008068120834640247
2020-09-08,Portugal,Sweden,False,0.01525305775722785
2020-10-08,Argentina,Ecuador,False,0.131681030829653
2020-10-08,Ecuador,Argentina,True,-0.06934658732064973
2020-10-08,Bosnia and Herzegovina,Northern Ireland,False,-0.15583293978699286
2020-10-08,Northern Ireland,Bosnia and Herzegovina,False,-0.06660249810472951
2020-10-08,Bulgaria,Hungary,True,-0.00022333404449142487
2020-10-08,Hungary,Bulgaria,False,0.000431370479862192
2020-10-08,Georgia,Belarus,False,0.17362904751023844
2020-10-08,Belarus,Georgia,True,-0.0927671068484117
2020-10-08,Iceland,Romania,False,0.2745637678956614
2020-10-08,Romania,Iceland,True,-0.1514418036146743
2020-10-08,North Macedonia,Kosovo,False,0.2579994354689279
2020-10-08,Kosovo,North Macedonia,True,-0.14165924920219444
2020-10-08,Norway,Serbia,False,-0.22141599813483293
2020-10-08,Serbia,Norway,False,-0.06438262881525847
2020-10-08,Paraguay,Peru,False,-0.11280374097207235
2020-10-08,Peru,Paraguay,False,-0.09454483136011738
2020-10-08,Uruguay,Chile,False,1.7719957261330348
2020-10-08,Chile,Uruguay,False,-1.01904606655393
2020-10-09,Brazil,Bolivia,False,5.635965472094995e-09
2020-10-09,Bolivia,Brazil,True,-2.8467255668202574e-09
2020-10-09,Colombia,Venezuela,False,0.00013287230145442308
2020-10-09,Venezuela,Colombia,True,-6.805702966013958e-05
2020-10-10,Faroe Islands,Latvia,False,-0.13917503385674923
2020-10-10,Latvia,Faroe Islands,False,-0.06700127343306583
2020-10-10,Liechtenstein,Gibraltar,True,-0.10023090862986533
2020-10-10,Gibraltar,Liechtenstein,False,0.18785721972220504
2020-10-10,Luxembourg,Cyprus,False,0.012223283984730937
2020-10-10,Cyprus,Luxembourg,True,-0.006424164911647127
2020-10-10,Montenegro,Azerbaijan,False,0.00700723358105293
2020-10-10,Azerbaijan,Montenegro,True,-0.0036404387326396913
2020-10-10,Spain,Switzerland,False,0.16768265218492218
2020-10-10,Switzerland,Spain,True,-0.08972034118197891
2020-10-10,Ukraine,Germany,True,-0.00911560258863533
2020-10-10,Germany,Ukraine,False,0.017167059699727538
2020-10-11,Armenia,Georgia,True,0.8939619208092411
2020-10-11,Georgia,Armenia,False,-1.803297175403808
2020-10-11,Croatia,Sweden,False,1.746717948202428
2020-10-11,Sweden,Croatia,False,-1.0219161436761601
2020-10-11,England,Belgium,False,0.23195064558526468
2020-10-11,Belgium,England,True,-0.1264329683915063
2020-10-11,Estonia,North Macedonia,False,-1.6967316521742184
2020-10-11,North Macedonia,Estonia,True,0.8318227267987943
2020-10-11,Finland,Bulgaria,False,0.008013772958529675
2020-10-11,Bulgaria,Finland,True,-0.004173608057769286
2020-10-11,Greece,Moldova,False,0.0018135197926762991
2020-10-11,Moldova,Greece,True,-0.0009254026406442366
2020-10-11,Iceland,Denmark,True,-0.00019472945818223487
2020-10-11,Denmark,Iceland,False,0.00037657584098482744
2020-10-11,Israel,Czech Republic,True,-0.1852037654379544
2020-10-11,Czech Republic,Israel,False,0.32838011418367286
2020-10-11,Kosovo,Slovenia,True,-0.13363003507480437
2020-10-11,Slovenia,Kosovo,False,0.2450836458331218
2020-10-11,Lithuania,Belarus,False,-0.04261767657132953
2020-10-11,Belarus,Lithuania,False,-0.1713598246985506
2020-10-11,Northern Ireland,Austria,True,-0.11074197747434153
2020-10-11,Austria,Northern Ireland,False,0.2056137592501237
2020-10-11,Norway,Romania,False,1.1753064444341987e-05
2020-10-11,Romania,Norway,True,-6.033476929219188e-06
2020-10-11,Russia,Turkey,False,-0.2083939936996213
2020-10-11,Turkey,Russia,False,-0.06786415576317606
2020-10-11,Scotland,Slovakia,False,0.2283812841392412
2020-10-11,Slovakia,Scotland,True,-0.1240776497497896
2020-10-11,Serbia,Hungary,True,-0.2082246424425643
2020-10-11,Hungary,Serbia,False,0.3673200468269959
2020-10-13,Bolivia,Argentina,False,-0.8347125977299612
2020-10-13,Argentina,Bolivia,False,1.510048912597785
2020-10-13,Chile,Colombia,False,-1.7050975803900439
2020-10-13,Colombia,Chile,True,0.836660466440686
2020-10-13,Ecuador,Uruguay,False,2.2070179457767125e-05
2020-10-13,Uruguay,Ecuador,True,-1.1376005120087193e-05
2020-10-13,Faroe Islands,Andorra,False,0.002114384181124418
2020-10-13,Andorra,Faroe Islands,True,-0.0010795266342509336
2020-10-13,Germany,Switzerland,False,-0.30417790337954065
2020-10-13,Switzerland,Germany,False,-0.0047546611699009755
2020-10-13,Latvia,Malta,False,-1.2083739336248567
2020-10-13,Malta,Latvia,False,1.9976892810973577
2020-10-13,Montenegro,Luxembourg,False,-1.2433849808493964
2020-10-13,Luxembourg,Montenegro,False,2.003705745229407
2020-10-13,Peru,Brazil,False,-0.9776227112443446
2020-10-13,Brazil,Peru,False,1.7385834275943552
2020-10-13,Ukraine,Spain,False,2.0320598291558607
2020-10-13,Spain,Ukraine,False,-1.3074814108079273
2020-10-13,Venezuela,Paraguay,False,-1.1620462049338243
2020-10-13,Paraguay,Venezuela,False,1.9289326233168556
2020-10-14,Belarus,Kazakhstan,False,0.20179834806927488
2020-10-14,Kazakhstan,Belarus,True,-0.10875280867152469
2020-10-14,Bulgaria,Wales,False,-1.0003791946330132
2020-10-14,Wales,Bulgaria,False,1.7676274822129248
2020-10-14,Croatia,France,False,-1.073385738888238
2020-10-14,France,Croatia,False,1.8119067325723455
2020-10-14,England,Denmark,True,-0.19019456792885248
2020-10-14,Denmark,England,False,0.3393410057166477
2020-10-14,Estonia,Armenia,False,-0.14243697497463748
2020-10-14,Armenia,Estonia,False,-0.11565680320339689
2020-10-14,Finland,Republic of Ireland,False,0.21183135325291902
2020-10-14,Republic of Ireland,Finland,True,-0.1140654985119423
2020-10-14,Iceland,Belgium,True,-0.10421306159413615
2020-10-14,Belgium,Iceland,False,0.19266766094054777
2020-10-14,Italy,Netherlands,False,-0.16085179816420858
2020-10-14,Netherlands,Italy,False,-0.09358010261855654
2020-10-14,Moldova,Slovenia,True,-4.522861332703662e-07
2020-10-14,Slovenia,Moldova,False,8.921243255244349e-07
2020-10-14,North Macedonia,Georgia,True,0.8433555851170798
2020-10-14,Georgia,North Macedonia,False,-1.7164598939294504
2020-10-14,Norway,Northern Ireland,False,0.16493107374329652
2020-10-14,Northern Ireland,Norway,True,-0.08781982916822983
2020-10-14,Poland,Bosnia and Herzegovina,False,0.0003932179777552669
2020-10-14,Bosnia and Herzegovina,Poland,True,-0.00020353088354478
2020-10-14,Portugal,Sweden,False,1.3030181378326233e-09
2020-10-14,Sweden,Portugal,True,-6.603842761288891e-10
2020-10-14,Romania,Austria,False,-1.118007634724674
2020-10-14,Austria,Romania,False,1.881992365275326
2020-10-14,Scotland,Czech Republic,False,0.25349695655798055
2020-10-14,Czech Republic,Scotland,True,-0.1390516713798974
2020-10-14,Slovakia,Israel,False,-2.772298664226441
2020-10-14,Israel,Slovakia,True,2.875679407106902
2020-10-14,Turkey,Serbia,True,0.7926727206298269
2020-10-14,Serbia,Turkey,False,-1.6350955318401668
2020-11-12,Argentina,Paraguay,False,-0.38673071573971907
2020-11-12,Paraguay,Argentina,False,0.12369630778065299
2020-11-12,Bolivia,Ecuador,False,-0.9918979445870083
2020-11-12,Ecuador,Bolivia,False,1.7106098766911018
2020-11-12,Georgia,North Macedonia,True,-0.18470949486155558
2020-11-12,North Macedonia,Georgia,False,0.3298647311606242
2020-11-12,Hungary,Iceland,True,2.7887262555355252
2020-11-12,Iceland,Hungary,False,-2.628104878298584
2020-11-12,Northern Ireland,Slovakia,True,0.8826081642447724
2020-11-12,Slovakia,Northern Ireland,False,-1.7825495949105892
2020-11-12,Serbia,Scotland,True,0.79693173299577
2020-11-12,Scotland,Serbia,False,-1.64106710207545
2020-11-13,Brazil,Venezuela,False,0.11170038883161437
2020-11-13,Venezuela,Brazil,True,-0.05859205428901538
2020-11-13,Chile,Peru,False,0.01099603025013618
2020-11-13,Peru,Chile,True,-0.0057644461295750515
2020-11-13,Colombia,Uruguay,True,-0.0006752409142384371
2020-11-13,Uruguay,Colombia,False,0.0012861566906510191
2020-11-14,Cyprus,Luxembourg,False,0.24067372734158
2020-11-14,Luxembourg,Cyprus,True,-0.1312138735672258
2020-11-14,Germany,Ukraine,False,0.009814277702637764
2020-11-14,Ukraine,Germany,True,-0.005143616005601471
2020-11-14,Latvia,Faroe Islands,False,-0.15168719732125013
2020-11-14,Faroe Islands,Latvia,False,-0.055405027267565465
2020-11-14,Malta,Andorra,False,0.10419914087688209
2020-11-14,Andorra,Malta,True,-0.054131704201680085
2020-11-14,Portugal,France,True,-0.16875325676907574
2020-11-14,France,Portugal,False,0.3032480151978296
2020-11-14,Sweden,Croatia,False,0.023958748721236045
2020-11-14,Croatia,Sweden,True,-0.012835803614082566
2020-11-14,Switzerland,Spain,False,-1.618922427376321
2020-11-14,Spain,Switzerland,True,0.7829257991817752
2020-11-15,Albania,Kazakhstan,False,0.004785257332263981
2020-11-15,Kazakhstan,Albania,True,-0.0024698473157532806
2020-11-15,Austria,Northern Ireland,True,2.7961452587766447
2020-11-15,Northern Ireland,Austria,False,-2.638464690871682
2020-11-15,Belarus,Lithuania,False,0.00542788349372092
2020-11-15,Lithuania,Belarus,True,-0.002807121677979742
2020-11-15,Belgium,England,False,0.01943189582794691
2020-11-15,England,Belgium,True,-0.010343184492200369
2020-11-15,Bulgaria,Finland,True,-0.1224295036719606
2020-11-15,Finland,Bulgaria,False,0.22582774260276794
2020-11-15,Czech Republic,Israel,False,0.24279315934927492
2020-11-15,Israel,Czech Republic,True,-0.1335796248251614
2020-11-15,Denmark,Iceland,False,0.142069960044505
2020-11-15,Iceland,Denmark,True,-0.07529036987690912
2020-11-15,Georgia,Armenia,False,-1.3644693002583064
2020-11-15,Armenia,Georgia,False,2.0557692062645976
2020-11-15,Hungary,Serbia,False,-0.13983758225850562
2020-11-15,Serbia,Hungary,False,-0.11989001324055493
2020-11-15,Italy,Poland,False,0.18215297508054462
2020-11-15,Poland,Italy,True,-0.09767920614234066
2020-11-15,Moldova,Greece,True,-0.0016397757402352889
2020-11-15,Greece,Moldova,False,0.003194761452917305
2020-11-15,Netherlands,Bosnia and Herzegovina,False,0.006161099576281082
2020-11-15,Bosnia and Herzegovina,Netherlands,True,-0.0032016855891027563
2020-11-15,North Macedonia,Estonia,False,0.14159694578688198
2020-11-15,Estonia,North Macedonia,True,-0.07478628677096698
2020-11-15,Slovakia,Scotland,False,0.2241414332010767
2020-11-15,Scotland,Slovakia,True,-0.12161370645790012
2020-11-15,Slovenia,Kosovo,False,1.7931489880626192
2020-11-15,Kosovo,Slovenia,False,-1.0236510574729527
2020-11-15,Turkey,Russia,False,0.2691811785049758
2020-11-15,Russia,Turkey,True,-0.14856332284176313
2020-11-15,Wales,Republic of Ireland,False,0.15981941114584286
2020-11-15,Republic of Ireland,Wales,True,-0.0846825793369617
2020-11-17,Andorra,Latvia,True,-4.268205833771186e-07
2020-11-17,Latvia,Andorra,False,8.422461035273443e-07
2020-11-17,Croatia,Portugal,False,-1.1022180794012648
2020-11-17,Portugal,Croatia,False,1.839466824364043
2020-11-17,Ecuador,Colombia,False,0.0009867939953838167
2020-11-17,Colombia,Ecuador,True,-0.0005160624870691145
2020-11-17,France,Sweden,False,0.00736616491818598
2020-11-17,Sweden,France,True,-0.0038360082740149046
2020-11-17,Gibraltar,Liechtenstein,False,-0.13697655676099796
2020-11-17,Liechtenstein,Gibraltar,False,-0.03098818583054541
2020-11-17,Malta,Faroe Islands,False,-0.08786961478101674
2020-11-17,Faroe Islands,Malta,False,-0.1156812084664216
2020-11-17,Montenegro,Cyprus,False,5.109058524244148e-06
2020-11-17,Cyprus,Montenegro,True,-2.610068688812302e-06
2020-11-17,Paraguay,Bolivia,False,-0.30711584839265793
2020-11-17,Bolivia,Paraguay,False,0.035493734009743205
2020-11-17,Peru,Argentina,True,-0.0034803598939574234
2020-11-17,Argentina,Peru,False,0.006706284230817872
2020-11-17,Spain,Germany,False,4.2171470981955395e-07
2020-11-17,Germany,Spain,True,-2.1578558044466e-07
2020-11-17,Uruguay,Brazil,True,-0.0063299309538141675
2020-11-17,Brazil,Uruguay,False,0.012050649250900936
2020-11-17,Venezuela,Chile,False,1.8974569758081914
2020-11-17,Chile,Venezuela,False,-1.155667821179892
2020-11-18,Albania,Belarus,False,0.005508784493864383
2020-11-18,Belarus,Albania,True,-0.002848664604031943
2020-11-18,Armenia,North Macedonia,False,0.36447290900529783
2020-11-18,North Macedonia,Armenia,True,-0.20633383558991228
2020-11-18,Austria,Norway,True,0.799976951927228
2020-11-18,Norway,Austria,False,-1.646304488506665
2020-11-18,Belgium,Denmark,False,0.012467532716599727
2020-11-18,Denmark,Belgium,True,-0.006559746722442758
2020-11-18,Bosnia and Herzegovina,Italy,True,-0.004305427375432774
2020-11-18,Italy,Bosnia and Herzegovina,False,0.008258393197022151
2020-11-18,Czech Republic,Slovakia,False,0.014896133583366833
2020-11-18,Slovakia,Czech Republic,True,-0.007869066073106059
2020-11-18,England,Iceland,False,0.004271932678103774
2020-11-18,Iceland,England,True,-0.0022056736229911006
2020-11-18,Hungary,Turkey,False,0.28741848712104945
2020-11-18,Turkey,Hungary,True,-0.1593803517023511
2020-11-18,Israel,Scotland,False,0.337838295305962
2020-11-18,Scotland,Israel,True,-0.1907666910396549
2020-11-18,Kazakhstan,Lithuania,False,-1.2374068368129492
2020-11-18,Lithuania,Kazakhstan,False,2.0072312301022404
2020-11-18,Kosovo,Moldova,False,0.11283224021831506
2020-11-18,Moldova,Kosovo,True,-0.05912950967460061
2020-11-18,Northern Ireland,Romania,False,-1.7828926068823678
2020-11-18,Romania,Northern Ireland,True,0.8828554341184918
2020-11-18,Poland,Netherlands,False,-2.6160060757216006
2020-11-18,Netherlands,Poland,True,2.780426042808104
2020-11-18,Serbia,Russia,False,6.627251760704667e-07
2020-11-18,Russia,Serbia,True,-3.397284392908702e-07
2020-11-18,Wales,Finland,False,0.14690712497947178
2020-11-18,Finland,Wales,True,-0.07761572874793281
2020-12-04,Qatar,Bangladesh,False,6.835914401204235e-06
2020-12-04,Bangladesh,Qatar,True,-3.452311390375523e-06
2021-03-24,Antigua and Barbuda,Montserrat,False,-0.03971048313125736
2021-03-24,Montserrat,Antigua and Barbuda,False,-0.20880707245576513
2021-03-24,Belgium,Wales,False,0.006444574478859266
2021-03-24,Wales,Belgium,True,-0.00334612136143696
2021-03-24,Dominican Republic,Dominica,False,0.10975551421770646
2021-03-24,Dominica,Dominican Republic,True,-0.05756003682498277
2021-03-24,Estonia,Czech Republic,True,-6.0545930240043475e-09
2021-03-24,Czech Republic,Estonia,False,1.1973541713672375e-08
2021-03-24,Finland,Bosnia and Herzegovina,False,-0.15032049278883686
2021-03-24,Bosnia and Herzegovina,Finland,False,-0.08579355088883078
2021-03-24,France,Ukraine,False,-0.3923161294625932
2021-03-24,Ukraine,France,False,0.10113238974304706
2021-03-24,Gibraltar,Norway,True,-6.275942155483282e-06
2021-03-24,Norway,Gibraltar,False,1.2402170859182604e-05
2021-03-24,Guatemala,Cuba,False,0.1312686740460749
2021-03-24,Cuba,Guatemala,True,-0.06928621286248055
2021-03-24,Latvia,Montenegro,False,-1.0464404212586522
2021-03-24,Montenegro,Latvia,False,1.8274351309722596
2021-03-24,Malta,Russia,True,-0.050840916615949645
2021-03-24,Russia,Malta,False,0.09758513135390867
2021-03-24,Portugal,Azerbaijan,False,0.06621251034376519
2021-03-24,Azerbaijan,Portugal,True,-0.03411319150917639
2021-03-24,Saint Kitts and Nevis,Puerto Rico,False,0.33230763913545003
2021-03-24,Puerto Rico,Saint Kitts and Nevis,True,-0.186731563219454
2021-03-24,Serbia,Republic of Ireland,False,0.009624393734765757
2021-03-24,Republic of Ireland,Serbia,True,-0.00503020492203352
2021-03-24,Slovenia,Croatia,False,0.30821572735071223
2021-03-24,Croatia,Slovenia,True,-0.17115335523046452
2021-03-24,Suriname,Cayman Islands,False,0.0007648794779209211
2021-03-24,Cayman Islands,Suriname,True,-0.00038811039193642174
2021-03-24,Turkey,Netherlands,False,0.04697923341922605
2021-03-24,Netherlands,Turkey,True,-0.025839619638627007
2021-03-25,Andorra,Albania,True,-0.03142378078210255
2021-03-25,Albania,Andorra,False,0.0613699106552863
2021-03-25,Bulgaria,Switzerland,True,-0.0037226906028370943
2021-03-25,Switzerland,Bulgaria,False,0.007154004821606996
2021-03-25,Canada,Bermuda,False,5.3024328385831154e-05
2021-03-25,Bermuda,Canada,True,-2.7024156674935792e-05
2021-03-25,Curaçao,Saint Vincent and the Grenadines,False,2.6346591694981214e-06
2021-03-25,Saint Vincent and the Grenadines,Curaçao,True,-1.3428151707777862e-06
2021-03-25,El Salvador,Grenada,False,0.0029758359075446883
2021-03-25,Grenada,El Salvador,True,-0.00152734432992551
2021-03-25,England,San Marino,False,1.8285684078023223e-10
2021-03-25,San Marino,England,True,-9.161421636817734e-11
2021-03-25,Germany,Iceland,False,0.00023491489516924702
2021-03-25,Iceland,Germany,True,-0.00012108400755303819
2021-03-25,Haiti,Belize,False,0.08160285612429963
2021-03-25,Belize,Haiti,True,-0.04237059524775384
2021-03-25,Hungary,Poland,False,-0.11507306445663823
2021-03-25,Poland,Hungary,False,-0.15028923274088202
2021-03-25,Israel,Denmark,True,-0.006605109280865879
2021-03-25,Denmark,Israel,False,0.012538065469517523
2021-03-25,Italy,Northern Ireland,False,0.003199132481727318
2021-03-25,Northern Ireland,Italy,True,-0.0016420907166409108
2021-03-25,Liechtenstein,Armenia,False,-0.8581094867568528
2021-03-25,Armenia,Liechtenstein,False,1.5852968500402698
2021-03-25,Moldova,Faroe Islands,False,-1.7764295885301293
2021-03-25,Faroe Islands,Moldova,True,0.8790749279158048
2021-03-25,Panama,Barbados,False,1.2320427885607323
2021-03-25,Barbados,Panama,False,-0.6570435737608803
2021-03-25,Romania,North Macedonia,False,0.0074992485187035385
2021-03-25,North Macedonia,Romania,True,-0.003901451541374874
2021-03-25,Scotland,Austria,False,-0.12848094329315862
2021-03-25,Austria,Scotland,False,-0.12848094329315862
2021-03-25,Spain,Greece,False,-0.4448246786149834
2021-03-25,Greece,Spain,False,0.15406162485054598
2021-03-25,Sweden,Georgia,False,0.1660695091996045
2021-03-25,Georgia,Sweden,True,-0.08869717698551706
2021-03-25,Tajikistan,Mongolia,False,0.0024498648357291763
2021-03-25,Mongolia,Tajikistan,True,-0.0012557382165165345
2021-03-25,Trinidad and Tobago,Guyana,False,0.0006315900856921353
2021-03-25,Guyana,Trinidad and Tobago,True,-0.00032882936438727864
2021-03-27,Anguilla,Dominican Republic,True,-7.393958170712203e-14
2021-03-27,Dominican Republic,Anguilla,False,1.474376176702208e-13
2021-03-27,Aruba,Suriname,True,-4.4064395982349444e-11
2021-03-27,Suriname,Aruba,False,8.736700252143237e-11
2021-03-27,Bahamas,Saint Kitts and Nevis,True,-0.00016670566616972118
2021-03-27,Saint Kitts and Nevis,Bahamas,False,0.0003225327421896296
2021-03-27,Belarus,Estonia,False,1.7812150806301177
2021-03-27,Estonia,Belarus,False,-1.0064346972638267
2021-03-27,British Virgin Islands,Guatemala,True,-0.00028902274720734976
2021-03-27,Guatemala,British Virgin Islands,False,0.0005702717227249465
2021-03-27,Croatia,Cyprus,False,0.08253747092510588
2021-03-27,Cyprus,Croatia,True,-0.042915757769621386
2021-03-27,Czech Republic,Belgium,False,-0.004640647090560224
2021-03-27,Belgium,Czech Republic,False,-0.28950312059550565
2021-03-27,Montenegro,Gibraltar,False,0.0012308144357104922
2021-03-27,Gibraltar,Montenegro,True,-0.0006264291997788498
2021-03-27,Netherlands,Latvia,False,0.0014852107414862203
2021-03-27,Latvia,Netherlands,True,-0.000757842783435649
2021-03-27,Norway,Turkey,True,-0.0006921247100283008
2021-03-27,Turkey,Norway,False,0.0013167533136337894
2021-03-27,Republic of Ireland,Luxembourg,False,-1.321941164849755
2021-03-27,Luxembourg,Republic of Ireland,False,2.0847429639357755
2021-03-27,Russia,Slovenia,False,0.16704881979579378
2021-03-27,Slovenia,Russia,True,-0.08888481791144898
2021-03-27,Serbia,Portugal,False,-0.01428340149567675
2021-03-27,Portugal,Serbia,False,-0.26502975943448304
2021-03-27,Slovakia,Malta,False,-0.5107677561023034
2021-03-27,Malta,Slovakia,False,0.20377149443915188
2021-03-27,Turks and Caicos Islands,Nicaragua,True,-4.638865065573201e-10
2021-03-27,Nicaragua,Turks and Caicos Islands,False,9.209601969928372e-10
2021-03-27,United States Virgin Islands,Antigua and Barbuda,True,-7.388926230358158e-05
2021-03-27,Antigua and Barbuda,United States Virgin Islands,False,0.0001441564362556491
2021-03-28,Albania,England,True,-0.001968387416779979
2021-03-28,England,Albania,False,0.0038261725496751
2021-03-28,Armenia,Iceland,False,0.05595033314840503
2021-03-28,Iceland,Armenia,True,-0.03103429773486966
2021-03-28,Austria,Faroe Islands,False,0.0024343746379669184
2021-03-28,Faroe Islands,Austria,True,-0.0012471657983782938
2021-03-28,Bulgaria,Italy,True,-0.06366414046645151
2021-03-28,Italy,Bulgaria,False,0.12125460179769876
2021-03-28,Cuba,Curaçao,True,-0.0826096400716598
2021-03-28,Curaçao,Cuba,False,0.1556637126352456
2021-03-28,Denmark,Moldova,False,1.8545165403338615e-12
2021-03-28,Moldova,Denmark,True,-9.32048441312287e-13
2021-03-28,Dominica,Panama,True,-0.02533338958081255
2021-03-28,Panama,Dominica,False,0.049442199181677804
2021-03-28,Georgia,Spain,False,-0.8632351362831026
2021-03-28,Spain,Georgia,False,1.553007028903155
2021-03-28,Israel,Scotland,False,-0.13965035335983966
2021-03-28,Scotland,Israel,False,-0.15850119062895862
2021-03-28,Kazakhstan,France,True,-0.0013332058877130225
2021-03-28,France,Kazakhstan,False,0.002598824348335693
2021-03-28,Kosovo,Sweden,True,-0.00033257325754825086
2021-03-28,Sweden,Kosovo,False,0.0006390560776297072
2021-03-28,Montserrat,El Salvador,True,0.9447674025620812
2021-03-28,El Salvador,Montserrat,False,-1.894020240640537
2021-03-28,North Macedonia,Liechtenstein,False,3.4928516967625e-08
2021-03-28,Liechtenstein,North Macedonia,True,-1.7576822976348285e-08
2021-03-28,Poland,Andorra,False,0.0005186874392002494
2021-03-28,Andorra,Poland,True,-0.0002624283883452493
2021-03-28,Puerto Rico,Trinidad and Tobago,False,0.017547099440799796
2021-03-28,Trinidad and Tobago,Puerto Rico,False,-0.32927260608400344
2021-03-28,Romania,Germany,True,-0.11152267298870028
2021-03-28,Germany,Romania,False,0.20607984435130078
2021-03-28,San Marino,Hungary,True,-0.0001531337030055457
2021-03-28,Hungary,San Marino,False,0.0003034629943070577
2021-03-28,Switzerland,Lithuania,False,0.0635894511002979
2021-03-28,Lithuania,Switzerland,True,-0.03277262597398957
2021-03-28,Ukraine,Finland,False,-0.27116763699223423
2021-03-28,Finland,Ukraine,False,0.02758439006485136
2021-03-29,Cayman Islands,Canada,True,-4.382057564196692e-23
2021-03-29,Canada,Cayman Islands,False,4.440892098500626e-16
2021-03-30,Azerbaijan,Serbia,False,-0.9261856874455339
2021-03-30,Serbia,Azerbaijan,False,1.649329784226619
2021-03-30,Barbados,Anguilla,False,1.4626666166300177
2021-03-30,Anguilla,Barbados,False,-0.7790707680836211
2021-03-30,Belgium,Belarus,False,2.1271873151818e-13
2021-03-30,Belarus,Belgium,True,-1.0664894388811835e-13
2021-03-30,Belize,Turks and Caicos Islands,False,6.182678936239583e-05
2021-03-30,Turks and Caicos Islands,Belize,True,-3.1525545221287e-05
2021-03-30,Bermuda,Aruba,False,1.4192339667040699e-05
2021-03-30,Aruba,Bermuda,True,-7.300014430096357e-06
2021-03-30,Croatia,Malta,False,0.05480018898524275
2021-03-30,Malta,Croatia,True,-0.0281600579096093
2021-03-30,Cyprus,Slovenia,False,0.34609129405232597
2021-03-30,Slovenia,Cyprus,True,-0.19419742469564333
2021-03-30,Gibraltar,Netherlands,True,-7.36810490970501e-11
2021-03-30,Netherlands,Gibraltar,False,1.4660272995570267e-10
2021-03-30,Grenada,United States Virgin Islands,False,0.0784404148095339
2021-03-30,United States Virgin Islands,Grenada,True,-0.040691636971107566
2021-03-30,Guyana,Bahamas,False,0.00010000932016396291
2021-03-30,Bahamas,Guyana,True,-5.121016086287451e-05
2021-03-30,Japan,Mongolia,False,3.426769978887023e-11
2021-03-30,Mongolia,Japan,True,-1.7204044563976935e-11
2021-03-30,Luxembourg,Portugal,True,-0.048615900374308955
2021-03-30,Portugal,Luxembourg,False,0.09328581412440062
2021-03-30,Montenegro,Norway,True,-0.1079844838382756
2021-03-30,Norway,Montenegro,False,0.20009665706719693
2021-03-30,Saint Vincent and the Grenadines,British Virgin Islands,False,0.005548636048706701
2021-03-30,British Virgin Islands,Saint Vincent and the Grenadines,True,-0.0028796026905131018
2021-03-30,Saudi Arabia,Palestine,False,4.0096011124646225e-06
2021-03-30,Palestine,Saudi Arabia,True,-2.0458336256430923e-06
2021-03-30,Slovakia,Russia,False,0.25107548199018437
2021-03-30,Russia,Slovakia,True,-0.13734238782493055
2021-03-30,Turkey,Latvia,False,-1.8996461111085368
2021-03-30,Latvia,Turkey,True,0.9475664440105157
2021-03-30,Wales,Czech Republic,False,1.817853145343581
2021-03-30,Czech Republic,Wales,False,-1.055602574745122
2021-03-31,Andorra,Hungary,True,-6.748726489345156e-06
2021-03-31,Hungary,Andorra,False,1.3346371401379287e-05
2021-03-31,Armenia,Romania,True,2.8967673300771772
2021-03-31,Romania,Armenia,False,-2.8084084995351883
2021-03-31,Austria,Denmark,True,-9.616349490043299e-06
2021-03-31,Denmark,Austria,False,1.867687452605793e-05
2021-03-31,Bosnia and Herzegovina,France,True,-0.07883715741903514
2021-03-31,France,Bosnia and Herzegovina,False,0.1483731620298001
2021-03-31,England,Poland,False,1.6355085597317582
2021-03-31,Poland,England,False,-0.9251846074626977
2021-03-31,Germany,North Macedonia,False,-1.5771478962477943
2021-03-31,North Macedonia,Germany,False,2.2110692300017942
2021-03-31,Greece,Georgia,False,-0.21040539245827117
2021-03-31,Georgia,Greece,False,-0.013880790717397229
2021-03-31,Liechtenstein,Iceland,True,-0.0005221677012775259
2021-03-31,Iceland,Liechtenstein,False,0.0010277007380627978
2021-03-31,Lithuania,Italy,True,-0.03631778707040244
2021-03-31,Italy,Lithuania,False,0.07046189228046451
2021-03-31,Moldova,Israel,True,-0.00013344883467561916
2021-03-31,Israel,Moldova,False,0.0002589302307218766
2021-03-31,San Marino,Albania,True,-0.015334327325258338
2021-03-31,Albania,San Marino,False,0.03025428989863599
2021-03-31,Scotland,Faroe Islands,False,8.156355542077165e-07
2021-03-31,Faroe Islands,Scotland,True,-4.1351495126403945e-07
2021-03-31,Spain,Kosovo,False,0.0029420689269343825
2021-03-31,Kosovo,Spain,True,-0.0015124948564693755
2021-03-31,Ukraine,Kazakhstan,False,-0.4648558766374953
2021-03-31,Kazakhstan,Ukraine,False,0.1552199546114481
2021-05-28,Japan,Myanmar,False,3.1086244689504383e-15
2021-05-28,Myanmar,Japan,True,-1.5055238971002895e-15
2021-05-30,China,Guam,False,4.440892098500626e-16
2021-05-30,Guam,China,True,-5.19493488872631e-16
2021-06-01,Lithuania,Estonia,True,-0.11309991153846215
2021-06-01,Estonia,Lithuania,False,0.21008685231901847
2021-06-02,Cayman Islands,Aruba,True,-0.0033929791873213767
2021-06-02,Aruba,Cayman Islands,False,0.006536895148640642
2021-06-02,Cuba,British Virgin Islands,False,0.0020791984468235825
2021-06-02,British Virgin Islands,Cuba,True,-0.0010638922676340292
2021-06-02,Dominica,Anguilla,False,1.6415554024096224e-05
2021-06-02,Anguilla,Dominica,True,-8.307485797603691e-06
2021-06-02,Montserrat,United States Virgin Islands,False,3.359568600824758e-05
2021-06-02,United States Virgin Islands,Montserrat,True,-1.706183723492414e-05
2021-06-02,Puerto Rico,Bahamas,False,2.607571936152908e-10
2021-06-02,Bahamas,Puerto Rico,True,-1.3178934380424246e-10
2021-06-03,Argentina,Chile,False,-0.3413211700661791
2021-06-03,Chile,Argentina,False,0.07447347926619796
2021-06-03,Bahrain,Cambodia,False,3.3306690738754696e-14
2021-06-03,Cambodia,Bahrain,True,-1.6776094311613678e-14
2021-06-03,Bangladesh,Afghanistan,True,0.9291668518562797
2021-06-03,Afghanistan,Bangladesh,False,-1.8652927871278902
2021-06-03,Bolivia,Venezuela,False,0.36592453025600147
2021-06-03,Venezuela,Bolivia,True,-0.20784043892125698
2021-06-03,Iran,Hong Kong,False,0.0007729724033587182
2021-06-03,Hong Kong,Iran,True,-0.00039209008442076497
2021-06-03,Kuwait,Australia,True,-7.877164187428621e-05
2021-06-03,Australia,Kuwait,False,0.00015357834903406697
2021-06-03,Nepal,Taiwan,False,0.2677515273252009
2021-06-03,Taiwan,Nepal,True,-0.1468696288345434
2021-06-03,Palestine,Singapore,False,0.00010563518226236468
2021-06-03,Singapore,Palestine,True,-5.4009401125891133e-05
2021-06-03,Peru,Colombia,True,-0.00014794713739344067
2021-06-03,Colombia,Peru,False,0.0002870970410699947
2021-06-03,Qatar,India,False,0.10279097968522599
2021-06-03,India,Qatar,True,-0.053733811297446844
2021-06-03,Thailand,Indonesia,False,-0.21923256753801246
2021-06-03,Indonesia,Thailand,False,-0.03418785661304602
2021-06-03,United Arab Emirates,Malaysia,False,0.110098064292798
2021-06-03,Malaysia,United Arab Emirates,True,-0.0578458535886509
2021-06-04,Antigua and Barbuda,Grenada,False,0.3220060293777842
2021-06-04,Grenada,Antigua and Barbuda,True,-0.18049068721733855
2021-06-04,Brazil,Ecuador,False,0.13449008225224723
2021-06-04,Ecuador,Brazil,True,-0.07096891146468534
2021-06-04,Dominican Republic,Barbados,True,0.578912535355027
2021-06-04,Barbados,Dominican Republic,False,-1.3191354234029733
2021-06-04,Guatemala,Saint Vincent and the Grenadines,False,2.1665695904005133e-08
2021-06-04,Saint Vincent and the Grenadines,Guatemala,True,-1.097672962538039e-08
2021-06-04,Latvia,Lithuania,False,0.16507988565766096
2021-06-04,Lithuania,Latvia,True,-0.08765550360615956
2021-06-04,Maldives,Syria,True,-1.8439701835036003e-07
2021-06-04,Syria,Maldives,False,3.644782307077321e-07
2021-06-04,Nicaragua,Belize,False,9.007223045864876e-05
2021-06-04,Belize,Nicaragua,True,-4.599347387977453e-05
2021-06-04,Saint Kitts and Nevis,Guyana,False,0.003739253520847363
2021-06-04,Guyana,Saint Kitts and Nevis,True,-0.0020075928388122596
2021-06-04,Suriname,Bermuda,False,2.5421234006728355e-09
2021-06-04,Bermuda,Suriname,True,-1.2905509403039309e-09
2021-06-05,Aruba,Canada,True,-3.3173427125415803e-08
2021-06-05,Canada,Aruba,False,6.581457911991606e-08
2021-06-05,British Virgin Islands,Curaçao,True,-2.179024556373718e-15
2021-06-05,Curaçao,British Virgin Islands,False,4.440892098500626e-15
2021-06-05,Lebanon,Sri Lanka,False,0.047421774045346865
2021-06-05,Sri Lanka,Lebanon,True,-0.02418605270542198
2021-06-05,Panama,Anguilla,False,4.440892098500626e-16
2021-06-05,Anguilla,Panama,True,-6.304875583546494e-25
2021-06-05,Saudi Arabia,Yemen,False,3.1998766626184505e-05
2021-06-05,Yemen,Saudi Arabia,True,-1.6248992718282992e-05
2021-06-05,South Korea,Turkmenistan,False,2.0157084890115584e-09
2021-06-05,Turkmenistan,South Korea,True,-1.0161742943216474e-09
2021-06-05,Turks and Caicos Islands,Haiti,True,-7.372562017548614e-15
2021-06-05,Haiti,Turks and Caicos Islands,False,1.509903313490213e-14
2021-06-05,United States Virgin Islands,El Salvador,True,-0.00024925706225789504
2021-06-05,El Salvador,United States Virgin Islands,False,0.0004927673981285352
2021-06-07,Australia,Taiwan,False,7.142791338843324e-06
2021-06-07,Taiwan,Australia,True,-3.608720330428611e-06
2021-06-07,Bahrain,Iran,True,-0.0024356380029297007
2021-06-07,Iran,Bahrain,False,0.004719864838599985
2021-06-07,Bangladesh,India,False,-0.9179381388677823
2021-06-07,India,Bangladesh,False,1.7044738929399286
2021-06-07,China,Philippines,False,0.0046156095247540385
2021-06-07,Philippines,China,True,-0.002382562060796004
2021-06-07,Guam,Syria,True,-0.0003138331745999652
2021-06-07,Syria,Guam,False,0.0006195515907512217
2021-06-07,Iraq,Cambodia,False,0.0011477367465895227
2021-06-07,Cambodia,Iraq,True,-0.0005841751549891609
2021-06-07,Japan,Tajikistan,False,3.413470439372901e-05
2021-06-07,Tajikistan,Japan,True,-1.7348561987478296e-05
2021-06-07,Kyrgyzstan,Mongolia,True,-0.3482962402948204
2021-06-07,Mongolia,Kyrgyzstan,False,0.5812535324292072
2021-06-07,Nepal,Jordan,True,-3.4521981976574817e-06
2021-06-07,Jordan,Nepal,False,6.840235518890125e-06
2021-06-07,Qatar,Oman,False,0.18904753717034994
2021-06-07,Oman,Qatar,True,-0.10149530860332763
2021-06-07,United Arab Emirates,Thailand,False,0.16667352681074066
2021-06-07,Thailand,United Arab Emirates,True,-0.08899009023975285
2021-06-07,Uzbekistan,Singapore,False,2.9546426016935357e-07
2021-06-07,Singapore,Uzbekistan,True,-1.493474303540551e-07
2021-06-07,Vietnam,Indonesia,False,1.1422087721868479e-05
2021-06-07,Indonesia,Vietnam,True,-5.861579387539202e-06
2021-06-08,Barbados,Dominica,False,-0.14691227345852242
2021-06-08,Dominica,Barbados,False,-0.09271181972818776
2021-06-08,Bermuda,Cayman Islands,False,-0.5682629106681021
2021-06-08,Cayman Islands,Bermuda,False,0.21744952132794704
2021-06-08,Canada,Suriname,False,6.961528592208666e-05
2021-06-08,Suriname,Canada,True,-3.5491267866027614e-05
2021-06-08,Chile,Bolivia,False,-1.8485895578045501
2021-06-08,Bolivia,Chile,True,0.9193012976694821
2021-06-08,Colombia,Argentina,True,0.8748922076649482
2021-06-08,Argentina,Colombia,False,-1.7694021367400663
2021-06-08,Ecuador,Peru,True,-0.16677511777227166
2021-06-08,Peru,Ecuador,False,0.3009492906187554
2021-06-08,El Salvador,Antigua and Barbuda,False,0.0018962793206456219
2021-06-08,Antigua and Barbuda,El Salvador,True,-0.0009686625637084477
2021-06-08,Grenada,Montserrat,False,-2.730818821495024
2021-06-08,Montserrat,Grenada,True,2.8514366771582367
2021-06-08,Guyana,Puerto Rico,True,-0.025322289496100145
2021-06-08,Puerto Rico,Guyana,False,0.04605208890109047
2021-06-08,Haiti,Nicaragua,False,0.15563384092598476
2021-06-08,Nicaragua,Haiti,True,-0.08285389817949879
2021-06-08,Panama,Dominican Republic,False,0.004595164916342043
2021-06-08,Dominican Republic,Panama,True,-0.0023756316014041045
2021-06-08,Paraguay,Brazil,True,-0.07316288620360908
2021-06-08,Brazil,Paraguay,False,0.13864849596832274
2021-06-08,Saint Vincent and the Grenadines,Cuba,True,-0.12397326773311787
2021-06-08,Cuba,Saint Vincent and the Grenadines,False,0.22730882214125536
2021-06-08,Trinidad and Tobago,Saint Kitts and Nevis,False,0.006296183594037608
2021-06-08,Saint Kitts and Nevis,Trinidad and Tobago,True,-0.0032693105797241932
2021-06-09,South Korea,Sri Lanka,False,4.440892098500626e-16
2021-06-09,Sri Lanka,South Korea,True,-9.621965470115984e-18
2021-06-09,Turkmenistan,Lebanon,True,2.918112590990991
2021-06-09,Lebanon,Turkmenistan,False,-2.8452709943495886
2021-06-10,Estonia,Latvia,False,0.009085503055424216
2021-06-10,Latvia,Estonia,True,-0.004739861225053704
2021-06-11,Afghanistan,Oman,True,-0.047519093676092215
2021-06-11,Oman,Afghanistan,False,0.09158214666453146
2021-06-11,Cambodia,Iran,True,-8.773493102450103e-14
2021-06-11,Iran,Cambodia,False,1.7497114868092467e-13
2021-06-11,China,Maldives,False,2.877315492533228e-07
2021-06-11,Maldives,China,True,-1.4545522536385957e-07
2021-06-11,Hong Kong,Iraq,True,-0.04853024589323227
2021-06-11,Iraq,Hong Kong,False,0.09351807815291968
2021-06-11,Italy,Turkey,False,0.008479506686347005
2021-06-11,Turkey,Italy,True,-0.004425169926563139
2021-06-11,Malaysia,Vietnam,False,-0.9997957162151576
2021-06-11,Vietnam,Malaysia,False,1.7523702555746672
2021-06-11,Myanmar,Kyrgyzstan,True,-1.6409465041049847e-10
2021-06-11,Kyrgyzstan,Myanmar,False,3.246798385703187e-10
2021-06-11,Nepal,Australia,True,-9.960890943379409e-07
2021-06-11,Australia,Nepal,False,1.9792598902057534e-06
2021-06-11,Philippines,Guam,False,0.0027460925608875364
2021-06-11,Guam,Philippines,True,-0.0014076387000485047
2021-06-11,Saudi Arabia,Singapore,False,1.367875810545431
2021-06-11,Singapore,Saudi Arabia,False,-0.735117626647523
2021-06-11,United Arab Emirates,Indonesia,False,2.6918398652320263e-06
2021-06-11,Indonesia,United Arab Emirates,True,-1.371488039841188e-06
2021-06-11,Yemen,Uzbekistan,True,-0.040221368222985304
2021-06-11,Uzbekistan,Yemen,False,0.07785318111149309
2021-06-12,Denmark,Finland,True,-0.2611681478006904
2021-06-12,Finland,Denmark,False,0.4518015835069735
2021-06-12,Haiti,Canada,True,-0.11680065011737076
2021-06-12,Canada,Haiti,False,0.2150727513791857
2021-06-12,Panama,Curaçao,False,0.1536053639702306
2021-06-12,Curaçao,Panama,True,-0.08165013162720577
2021-06-12,Russia,Belgium,True,-0.008126843863488687
2021-06-12,Belgium,Russia,False,0.015356354583959675
2021-06-12,Saint Kitts and Nevis,El Salvador,True,-1.4260513862108905e-06
2021-06-12,El Salvador,Saint Kitts and Nevis,False,2.79976642580948e-06
2021-06-12,Wales,Switzerland,False,-0.09204770368176307
2021-06-12,Switzerland,Wales,False,-0.14385346942559796
2021-06-13,Austria,North Macedonia,False,1.737879698630375
2021-06-13,North Macedonia,Austria,False,-0.9800518305317167
2021-06-13,Brazil,Venezuela,False,0.003941711137497972
2021-06-13,Venezuela,Brazil,True,-0.002031973188766485
2021-06-13,Colombia,Ecuador,False,0.16519738188143718
2021-06-13,Ecuador,Colombia,True,-0.08775503129179042
2021-06-13,England,Croatia,False,0.17928457941417397
2021-06-13,Croatia,England,True,-0.0960316980289603
2021-06-13,Netherlands,Ukraine,False,0.17852423400041584
2021-06-13,Ukraine,Netherlands,True,-0.0958796950980491
2021-06-13,South Korea,Lebanon,False,0.08139656783536386
2021-06-13,Lebanon,South Korea,True,-0.042072464958360554
2021-06-14,Argentina,Chile,False,-0.2538175578287831
2021-06-14,Chile,Argentina,False,0.02527868335859096
2021-06-14,Paraguay,Bolivia,False,0.1806903406004352
2021-06-14,Bolivia,Paraguay,True,-0.09664978800565917
2021-06-14,Poland,Slovakia,True,-0.16061017460039526
2021-06-14,Slovakia,Poland,False,0.2904265352064268
2021-06-14,Scotland,Czech Republic,True,-0.014898979510030812
2021-06-14,Czech Republic,Scotland,False,0.02768762474812103
2021-06-15,Australia,Jordan,False,1.7569158946399028
2021-06-15,Jordan,Australia,False,-0.9872092345606845
2021-06-15,Bahrain,Hong Kong,False,5.799127540351279e-05
2021-06-15,Hong Kong,Bahrain,True,-2.9527573673727446e-05
2021-06-15,Bangladesh,Oman,True,-0.00039618584269181386
2021-06-15,Oman,Bangladesh,False,0.0007816206412583071
2021-06-15,Canada,Haiti,False,0.008129984475176766
2021-06-15,Haiti,Canada,True,-0.00423868424943022
2021-06-15,China,Syria,False,0.23258754104355672
2021-06-15,Syria,China,True,-0.12654896577356045
2021-06-15,El Salvador,Saint Kitts and Nevis,False,0.10537120122517374
2021-06-15,Saint Kitts and Nevis,El Salvador,True,-0.05503924704143337
2021-06-15,Germany,France,True,-0.1813168251636528
2021-06-15,France,Germany,False,0.32289704290886556
2021-06-15,Hungary,Portugal,False,-0.9741072598134357
2021-06-15,Portugal,Hungary,False,1.704844744678733
2021-06-15,India,Afghanistan,False,-1.8313012949272056
2021-06-15,Afghanistan,India,True,0.910290493185491
2021-06-15,Iran,Iraq,False,0.1219386900267363
2021-06-15,Iraq,Iran,True,-0.06398644599597929
2021-06-15,Japan,Kyrgyzstan,False,3.9035471727011384e-05
2021-06-15,Kyrgyzstan,Japan,True,-1.9853883063644046e-05
2021-06-15,Kuwait,Taiwan,False,0.1052346313667325
2021-06-15,Taiwan,Kuwait,True,-0.055321551550854824
2021-06-15,Palestine,Yemen,False,0.004558877255723459
2021-06-15,Yemen,Palestine,True,-0.0023516799597884607
2021-06-15,Philippines,Maldives,False,-0.34726270125864267
2021-06-15,Maldives,Philippines,False,0.05860480120561362
2021-06-15,Saudi Arabia,Uzbekistan,False,0.0005272311277297881
2021-06-15,Uzbekistan,Saudi Arabia,True,-0.0002734914189586795
2021-06-15,Tajikistan,Myanmar,False,0.005522699526572694
2021-06-15,Myanmar,Tajikistan,True,-0.002860478833443001
2021-06-15,Thailand,Malaysia,True,-0.23233958225112603
2021-06-15,Malaysia,Thailand,False,0.40587999381603534
2021-06-15,United Arab Emirates,Vietnam,False,0.00017806340027481937
2021-06-15,Vietnam,United Arab Emirates,True,-9.141558021766933e-05
2021-06-16,Italy,Switzerland,False,0.011517083323999255
2021-06-16,Switzerland,Italy,True,-0.006045681953791562
2021-06-16,Russia,Finland,False,0.15706523476950673
2021-06-16,Finland,Russia,True,-0.08341790258760605
2021-06-16,Turkey,Wales,True,-0.1331085957175243
2021-06-16,Wales,Turkey,False,0.24422767042882976
2021-06-17,Brazil,Peru,False,0.003986928447325955
2021-06-17,Peru,Brazil,True,-0.002053712884948517
2021-06-17,Denmark,Belgium,True,-0.15489670632265054
2021-06-17,Belgium,Denmark,False,0.2803292731503735
2021-06-17,Netherlands,Austria,False,0.011086843620119247
2021-06-17,Austria,Netherlands,True,-0.005824790996003966
2021-06-17,Ukraine,North Macedonia,False,0.16375657589140147
2021-06-17,North Macedonia,Ukraine,True,-0.08707973111839204
2021-06-18,Argentina,Uruguay,False,0.1608924871004267
2021-06-18,Uruguay,Argentina,True,-0.08532649336635081
2021-06-18,Chile,Bolivia,False,0.1617077416827386
2021-06-18,Bolivia,Chile,True,-0.0862080181116785
2021-06-18,Croatia,Czech Republic,False,-0.22693994758625458
2021-06-18,Czech Republic,Croatia,False,-0.02195636699558401
2021-06-18,Sweden,Slovakia,False,1.8367975853413427
2021-06-18,Slovakia,Sweden,False,-1.0625964152160798
2021-06-19,Germany,Portugal,False,0.024418411689092867
2021-06-19,Portugal,Germany,True,-0.013104602695411551
2021-06-19,Hungary,France,False,0.05063396955610422
2021-06-19,France,Hungary,False,-0.3234923790646542
2021-06-19,Spain,Poland,False,-0.45102133820040047
2021-06-19,Poland,Spain,False,0.12482575857583289
2021-06-20,Colombia,Peru,True,-0.16306270598485903
2021-06-20,Peru,Colombia,False,0.2954033178378208
2021-06-20,Italy,Wales,False,0.13997936119645304
2021-06-20,Wales,Italy,True,-0.07380822294730505
2021-06-20,Switzerland,Turkey,False,0.014609279258405827
2021-06-20,Turkey,Switzerland,True,-0.007716448900754985
2021-06-20,Venezuela,Ecuador,True,0.8941712252779507
2021-06-20,Ecuador,Venezuela,False,-1.803043014496894
2021-06-21,Argentina,Paraguay,False,0.10653296459135264
2021-06-21,Paraguay,Argentina,True,-0.055506200963813083
2021-06-21,Denmark,Russia,False,0.170425346826931
2021-06-21,Russia,Denmark,True,-0.09093472698045531
2021-06-21,Finland,Belgium,True,-0.06126167749650472
2021-06-21,Belgium,Finland,False,0.11686764702645602
2021-06-21,Netherlands,North Macedonia,False,0.00010314082323947815
2021-06-21,North Macedonia,Netherlands,True,-5.276899616011753e-05
2021-06-21,Ukraine,Austria,True,-0.1302985864522617
2021-06-21,Austria,Ukraine,False,0.23928168040806908
2021-06-21,Uruguay,Chile,False,-0.15718067841158012
2021-06-21,Chile,Uruguay,False,-0.06024052099858679
2021-06-22,England,Czech Republic,False,0.13245483103625721
2021-06-22,Czech Republic,England,True,-0.06994355364488489
2021-06-22,Scotland,Croatia,True,-0.12940765042566202
2021-06-22,Croatia,Scotland,False,0.237144911122801
2021-06-23,Brazil,Colombia,True,2.807597507011171
2021-06-23,Colombia,Brazil,False,-2.657159005059536
2021-06-23,Ecuador,Peru,False,-0.1251546753567765
2021-06-23,Peru,Ecuador,False,-0.07415587635165011
2021-06-23,Germany,Hungary,True,0.6505388099075
2021-06-23,Hungary,Germany,False,-1.4194638200177208
2021-06-23,Portugal,France,False,-0.09148111395565595
2021-06-23,France,Portugal,False,-0.14220051665129496
2021-06-23,Spain,Slovakia,False,1.6010373915520404e-08
2021-06-23,Slovakia,Spain,True,-8.102892176114153e-09
2021-06-23,Sweden,Poland,False,0.27339935120166947
2021-06-23,Poland,Sweden,True,-0.150746676143048
2021-06-24,Bolivia,Uruguay,True,-0.06746881005306204
2021-06-24,Uruguay,Bolivia,False,0.12810402610936356
2021-06-24,Chile,Paraguay,True,-0.010316023597785162
2021-06-24,Paraguay,Chile,False,0.01941787300251363
2021-06-26,Wales,Denmark,True,-0.003235399629380457
2021-06-26,Denmark,Wales,False,0.00624591304780564
2021-06-27,Belgium,Portugal,False,0.2831327262976706
2021-06-27,Portugal,Belgium,True,-0.15652863962210328
2021-06-27,Brazil,Ecuador,False,-0.3576718155352243
2021-06-27,Ecuador,Brazil,False,0.08642059868092156
2021-06-27,Netherlands,Czech Republic,True,-0.24671882117272287
2021-06-27,Czech Republic,Netherlands,False,0.42796336851383066
2021-06-27,Venezuela,Peru,True,-0.1093431996646903
2021-06-27,Peru,Venezuela,False,0.20331365968856963
2021-06-28,Argentina,Bolivia,False,4.776536959738564e-05
2021-06-28,Bolivia,Argentina,True,-2.430676768114028e-05
2021-06-28,Croatia,Spain,True,0.9035950609937372
2021-06-28,Spain,Croatia,False,-1.8199462751415036
2021-06-28,France,Switzerland,False,-1.9900516810458218
2021-06-28,Switzerland,France,True,0.9947945005810379
2021-06-28,Uruguay,Paraguay,False,0.14637896237870596
2021-06-28,Paraguay,Uruguay,True,-0.07724960665536021
2021-06-29,England,Germany,False,0.23713904181942658
2021-06-29,Germany,England,True,-0.12965053468870588
2021-06-29,Sweden,Ukraine,False,-0.13922891664791215
2021-06-29,Ukraine,Sweden,False,-0.09396004786914225
2021-07-02,Belgium,Italy,True,-0.1506945214734639
2021-07-02,Italy,Belgium,False,0.27396034539028324
2021-07-02,Brazil,Chile,False,0.14090210439055983
2021-07-02,Chile,Brazil,True,-0.07458207663786773
2021-07-02,Peru,Paraguay,False,-0.12336431346781884
2021-07-02,Paraguay,Peru,False,-0.0637287384865004
2021-07-02,Switzerland,Spain,False,0.014695349786437495
2021-07-02,Spain,Switzerland,False,-0.27292628622306525
2021-07-03,Argentina,Ecuador,False,0.13992194253668266
2021-07-03,Ecuador,Argentina,True,-0.07374744666003762
2021-07-03,Czech Republic,Denmark,True,-0.09018583585877656
2021-07-03,Denmark,Czech Republic,False,0.16931986345990024
2021-07-03,Ukraine,England,True,-1.3691786697709639e-06
2021-07-03,England,Ukraine,False,2.688868990130544e-06
2021-07-05,Brazil,Peru,False,0.11582684141807587
2021-07-05,Peru,Brazil,True,-0.060689766646766584
2021-07-06,Argentina,Colombia,False,-0.14424027123382333
2021-07-06,Colombia,Argentina,False,-0.05230019378810025
2021-07-06,Italy,Spain,False,-1.6928861934265145
2021-07-06,Spain,Italy,True,0.8295901517527534
2021-07-07,England,Denmark,False,-0.23004306905250393
2021-07-07,Denmark,England,False,-0.0036965947640685837
2021-07-09,Peru,Colombia,True,-0.07512715344466431
2021-07-09,Colombia,Peru,False,0.1425474941738245
2021-07-10,Brazil,Argentina,True,-0.16261780192612238
2021-07-10,Argentina,Brazil,False,0.29389617253075473
2021-07-11,Canada,Martinique,False,0.0030475164908940755
2021-07-11,Martinique,Canada,True,-0.001564948520447049
2021-07-11,El Salvador,Guatemala,False,1.9435979016556924
2021-07-11,Guatemala,El Salvador,False,-1.1293887080778564
2021-07-11,England,Italy,False,-0.2156525585624658
2021-07-11,Italy,England,False,-0.013222913712303441
2021-07-11,United States,Haiti,False,0.1376574640877517
2021-07-11,Haiti,United States,True,-0.07297100115050363
2021-07-12,Costa Rica,Guadeloupe,False,0.002668232373228996
2021-07-12,Guadeloupe,Costa Rica,True,-0.0013676469871722187
2021-07-12,Jamaica,Suriname,False,0.006657910527816391
2021-07-12,Suriname,Jamaica,True,-0.0034533294753038464
2021-07-13,Honduras,Grenada,False,0.002476473751204189
2021-07-13,Grenada,Honduras,True,-0.0012688626780939822
2021-07-13,Qatar,Panama,False,-1.7185212491720088
2021-07-13,Panama,Qatar,True,0.84459130965022
2021-07-14,Guatemala,Mexico,True,-0.0016799667411787364
2021-07-14,Mexico,Guatemala,False,0.003270288139874733
2021-07-14,Trinidad and Tobago,El Salvador,True,-0.11422465573986763
2021-07-14,El Salvador,Trinidad and Tobago,False,0.21199343427602857
2021-07-15,Haiti,Canada,True,-0.00423868424943022
2021-07-15,Canada,Haiti,False,0.008129984475176766
2021-07-15,United States,Martinique,False,4.487906313244139e-07
2021-07-15,Martinique,United States,True,-2.2717730778096848e-07
2021-07-16,Guadeloupe,Jamaica,False,-0.9311699896042418
2021-07-16,Jamaica,Guadeloupe,False,1.694890065414559
2021-07-16,Suriname,Costa Rica,True,-0.06449596028937808
2021-07-16,Costa Rica,Suriname,False,0.12295514173081301
2021-07-17,Grenada,Qatar,True,-2.6483554650110805e-07
2021-07-17,Qatar,Grenada,False,5.229370843018444e-07
2021-07-17,Panama,Honduras,True,-0.15710740494825196
2021-07-17,Honduras,Panama,False,0.2848633366250115
2021-07-18,Guatemala,Trinidad and Tobago,True,0.8324965560393118
2021-07-18,Trinidad and Tobago,Guatemala,False,-1.6981879370215625
2021-07-18,Martinique,Haiti,True,-0.09431516155907563
2021-07-18,Haiti,Martinique,False,0.17625453929082324
2021-07-18,Mexico,El Salvador,False,0.07759383415000265
2021-07-18,El Salvador,Mexico,True,-0.040034457558937614
2021-07-18,United States,Canada,False,0.21487657163257046
2021-07-18,Canada,United States,True,-0.11642554539388783
2021-07-20,Costa Rica,Jamaica,False,0.1668762538151909
2021-07-20,Jamaica,Costa Rica,True,-0.08870566462514486
2021-07-20,Honduras,Qatar,True,-0.12220834980621266
2021-07-20,Qatar,Honduras,False,0.22529048309961652
2021-07-20,Panama,Grenada,False,2.9549716976884355e-05
2021-07-20,Grenada,Panama,True,-1.5004110555013524e-05
2021-07-20,Suriname,Guadeloupe,False,1.8016223427884646
2021-07-20,Guadeloupe,Suriname,False,-1.020529467499915
2021-07-24,Mexico,Honduras,False,8.922583146597773e-05
2021-07-24,Honduras,Mexico,True,-4.555626650706187e-05
2021-07-24,Qatar,El Salvador,False,0.14804734208094494
2021-07-24,El Salvador,Qatar,True,-0.07822173242386155
2021-07-25,Costa Rica,Canada,True,-0.00632101956016899
2021-07-25,Canada,Costa Rica,False,0.012036794101374593
2021-07-25,United States,Jamaica,False,1.6229926230171166
2021-07-25,Jamaica,United States,False,-0.8965491282570309
2021-07-29,Mexico,Canada,False,1.8215629421902502
2021-07-29,Canada,Mexico,False,-1.0472914483258915
2021-07-29,United States,Qatar,False,1.620619706101826
2021-07-29,Qatar,United States,False,-0.9195158305156612
2021-09-01,Central African Republic,Cape Verde,False,0.01994816946828326
2021-09-01,Cape Verde,Central African Republic,False,-0.26212030136962494
2021-09-01,Denmark,Scotland,False,0.006617290081852634
2021-09-01,Scotland,Denmark,True,-0.0034357404926269163
2021-09-01,Egypt,Angola,False,0.11188973810096181
2021-09-01,Angola,Egypt,True,-0.05838616508278797
2021-09-01,Faroe Islands,Israel,True,-0.00021337917169666232
2021-09-01,Israel,Faroe Islands,False,0.00041207634251572145
2021-09-01,France,Bosnia and Herzegovina,False,-0.5387663440065527
2021-09-01,Bosnia and Herzegovina,France,False,0.1966777548769082
2021-09-01,Guinea-Bissau,Guinea,False,-0.009651238592221612
2021-09-01,Guinea,Guinea-Bissau,False,-0.20921040867879315
2021-09-01,Kazakhstan,Ukraine,False,0.060461007620177476
2021-09-01,Ukraine,Kazakhstan,False,-0.33369652716211284
2021-09-01,Latvia,Gibraltar,False,1.5806269830371489
2021-09-01,Gibraltar,Latvia,False,-0.8493624503517125
2021-09-01,Libya,Gabon,False,1.870483388747711
2021-09-01,Gabon,Libya,False,-1.1088622097078444
2021-09-01,Luxembourg,Azerbaijan,False,0.19925235119252838
2021-09-01,Azerbaijan,Luxembourg,True,-0.1071313426665861
2021-09-01,Mali,Rwanda,False,0.10747723878687454
2021-09-01,Rwanda,Mali,True,-0.055915716139718144
2021-09-01,Malta,Cyprus,False,0.0008927462282208865
2021-09-01,Cyprus,Malta,True,-0.0004662068641962487
2021-09-01,Moldova,Austria,True,-0.05256622589391701
2021-09-01,Austria,Moldova,False,0.10074526645958182
2021-09-01,Norway,Netherlands,False,-0.06632934633021481
2021-09-01,Netherlands,Norway,False,-0.23109002101865705
2021-09-01,Portugal,Republic of Ireland,True,2.729959840889315
2021-09-01,Republic of Ireland,Portugal,False,-2.534736339014094
2021-09-01,Senegal,Togo,False,0.09441410009118201
2021-09-01,Togo,Senegal,True,-0.04912562431105644
2021-09-01,Slovenia,Slovakia,False,-0.11502135752860543
2021-09-01,Slovakia,Slovenia,False,-0.0890443194088224
2021-09-01,Turkey,Montenegro,False,-1.843218451249094
2021-09-01,Montenegro,Turkey,True,0.9164726572496115
2021-09-02,Algeria,Djibouti,False,0.0
2021-09-02,Djibouti,Algeria,True,-2.1595792425302368e-17
2021-09-02,Andorra,San Marino,False,0.0010034279667063828
2021-09-02,San Marino,Andorra,True,-0.0005089204335816912
2021-09-02,Australia,China,False,0.0001149366907875482
2021-09-02,China,Australia,True,-5.878219595732381e-05
2021-09-02,Bolivia,Colombia,True,0.9253879417576361
2021-09-02,Colombia,Bolivia,False,-1.8591992565448936
2021-09-02,Canada,Honduras,False,-0.3529041813714895
2021-09-02,Honduras,Canada,False,0.07654985823199456
2021-09-02,Chile,Brazil,True,-0.10285855997601658
2021-09-02,Brazil,Chile,False,0.19131620232387725
2021-09-02,Czech Republic,Belarus,False,0.14079808271519267
2021-09-02,Belarus,Czech Republic,True,-0.07454871046023633
2021-09-02,DR Congo,Tanzania,False,-0.3213241300635614
2021-09-02,Tanzania,DR Congo,False,0.07738425244100089
2021-09-02,Ecuador,Paraguay,False,1.7753463080501368
2021-09-02,Paraguay,Ecuador,False,-1.0045144195677609
2021-09-02,Estonia,Belgium,True,-2.4222324086615993e-05
2021-09-02,Belgium,Estonia,False,4.758978367602751e-05
2021-09-02,Georgia,Kosovo,True,-0.18711843948891374
2021-09-02,Kosovo,Georgia,False,0.3333422904240777
2021-09-02,Hungary,England,True,-0.00010913445430048185
2021-09-02,England,Hungary,False,0.00021227791157008014
2021-09-02,Iceland,Romania,True,-0.15474689525557553
2021-09-02,Romania,Iceland,False,0.28010830447424695
2021-09-02,Iran,Syria,False,0.11575417995169346
2021-09-02,Syria,Iran,True,-0.06070785874921559
2021-09-02,Italy,Bulgaria,False,-0.49892353414004686
2021-09-02,Bulgaria,Italy,False,0.1892029317736088
2021-09-02,Japan,Oman,False,-1.4398107451825548
2021-09-02,Oman,Japan,False,2.1464711161417656
2021-09-02,Liechtenstein,Germany,True,-0.009953302987182357
2021-09-02,Germany,Liechtenstein,False,0.019667572851296722
2021-09-02,Lithuania,Northern Ireland,True,-0.002053384483568244
2021-09-02,Northern Ireland,Lithuania,False,0.003990431221583268
2021-09-02,Madagascar,Benin,True,-0.14004031198296837
2021-09-02,Benin,Madagascar,False,0.2555501944147509
2021-09-02,Mexico,Jamaica,False,1.5916951646892448
2021-09-02,Jamaica,Mexico,False,-0.8707071050804537
2021-09-02,Morocco,Sudan,False,0.00089411291632846
2021-09-02,Sudan,Morocco,True,-0.00045362442410624233
2021-09-02,Namibia,Congo,False,-0.12241603736629791
2021-09-02,Congo,Namibia,False,-0.1008271785382786
2021-09-02,Niger,Burkina Faso,False,-0.9678837115472696
2021-09-02,Burkina Faso,Niger,False,1.7172254032519663
2021-09-02,Peru,Uruguay,False,-0.07534501482034561
2021-09-02,Uruguay,Peru,False,-0.14164784770890115
2021-09-02,Poland,Albania,False,0.006526431975482083
2021-09-02,Albania,Poland,True,-0.003386769043045707
2021-09-02,Saudi Arabia,Vietnam,False,0.12989784086850165
2021-09-02,Vietnam,Saudi Arabia,True,-0.06840351901338643
2021-09-02,Sweden,Spain,False,0.42591808702384126
2021-09-02,Spain,Sweden,True,-0.2456412920783677
2021-09-02,Venezuela,Argentina,True,-9.688313263620424e-05
2021-09-02,Argentina,Venezuela,False,0.00018863098342869478
2021-09-03,Cameroon,Malawi,False,0.0027771483453946644
2021-09-03,Malawi,Cameroon,True,-0.0014229895058015462
2021-09-03,Ghana,Ethiopia,False,0.12230228273185517
2021-09-03,Ethiopia,Ghana,True,-0.06434783986338427
2021-09-03,Mauritania,Zambia,True,-0.12158450841543643
2021-09-03,Zambia,Mauritania,False,0.22443230564197725
2021-09-03,Nigeria,Liberia,False,0.0031538821975911624
2021-09-03,Liberia,Nigeria,True,-0.0016199562256364133
2021-09-03,Tunisia,Equatorial Guinea,False,0.1176869246595924
2021-09-03,Equatorial Guinea,Tunisia,True,-0.0616162702687279
2021-09-04,Cyprus,Russia,True,-0.003242185159401288
2021-09-04,Russia,Cyprus,False,0.006246492402088855
2021-09-04,Faroe Islands,Denmark,False,-0.8313494313648243
2021-09-04,Denmark,Faroe Islands,False,1.544679364622815
2021-09-04,Finland,Kazakhstan,False,0.14617930929734646
2021-09-04,Kazakhstan,Finland,True,-0.0773541009334876
2021-09-04,Gibraltar,Turkey,True,-0.0005815220755700099
2021-09-04,Turkey,Gibraltar,False,0.0011420705946023624
2021-09-04,Israel,Austria,False,0.04331693909244727
2021-09-04,Austria,Israel,True,-0.023751475983121186
2021-09-04,Latvia,Norway,True,-0.0026445196171642144
2021-09-04,Norway,Latvia,False,0.005112616016845539
2021-09-04,Netherlands,Montenegro,False,7.562908093472487e-05
2021-09-04,Montenegro,Netherlands,True,-3.8609977988407376e-05
2021-09-04,Republic of Ireland,Azerbaijan,True,0.7584326300427465
2021-09-04,Azerbaijan,Republic of Ireland,False,-1.5781462806259148
2021-09-04,Scotland,Moldova,False,0.08356987549126771
2021-09-04,Moldova,Scotland,True,-0.04334199214694206
2021-09-04,Serbia,Luxembourg,False,0.004312047920769668
2021-09-04,Luxembourg,Serbia,True,-0.002225783740253764
2021-09-04,Slovakia,Croatia,False,-1.0653929843214685
2021-09-04,Croatia,Slovakia,False,1.8180047346924026
2021-09-04,Slovenia,Malta,False,0.0763929887119903
2021-09-04,Malta,Slovenia,True,-0.039420233537400595
2021-09-04,Ukraine,France,False,0.004415556149267141
2021-09-04,France,Ukraine,False,-0.26782708740128713
2021-09-05,Albania,Hungary,False,1.8983812665183617
2021-09-05,Hungary,Albania,False,-1.1027924547052481
2021-09-05,Belarus,Wales,False,-0.9548823922738643
2021-09-05,Wales,Belarus,False,1.7387058646857776
2021-09-05,Belgium,Czech Republic,False,0.0002527902455629061
2021-09-05,Czech Republic,Belgium,True,-0.00013029157378535578
2021-09-05,Bulgaria,Lithuania,False,1.71034662362415
2021-09-05,Lithuania,Bulgaria,False,-0.9497759517658214
2021-09-05,Costa Rica,Mexico,True,-0.11400978334359807
2021-09-05,Mexico,Costa Rica,False,0.21096678890504394
2021-09-05,England,Andorra,False,0.00016088189928176178
2021-09-05,Andorra,England,True,-8.100346180807181e-05
2021-09-05,Gabon,Egypt,False,-1.696932589205601
2021-09-05,Egypt,Gabon,True,0.8320662318331931
2021-09-05,Germany,Armenia,False,1.4123763936169098e-08
2021-09-05,Armenia,Germany,True,-7.1510349655723874e-09
2021-09-05,Iceland,North Macedonia,True,0.9778114877646148
2021-09-05,North Macedonia,Iceland,False,-1.9593579097746234
2021-09-05,Jamaica,Panama,True,-0.008797884466913366
2021-09-05,Panama,Jamaica,False,0.016616505873462195
2021-09-05,Kosovo,Greece,True,0.8708277910134061
2021-09-05,Greece,Kosovo,False,-1.762636642154419
2021-09-05,Paraguay,Colombia,False,-0.0038628022025060105
2021-09-05,Colombia,Paraguay,False,-0.2166973553602498
2021-09-05,Peru,Venezuela,False,0.1960800038263244
2021-09-05,Venezuela,Peru,True,-0.10543609700869047
2021-09-05,Romania,Liechtenstein,False,0.00030616607123690187
2021-09-05,Liechtenstein,Romania,True,-0.00015448008576928506
2021-09-05,Rwanda,Kenya,False,-0.1468740914967892
2021-09-05,Kenya,Rwanda,False,-0.046519021807697625
2021-09-05,San Marino,Poland,True,-3.178090300771471e-09
2021-09-05,Poland,San Marino,False,6.327847579257195e-09
2021-09-05,Spain,Georgia,False,7.206601559950343e-07
2021-09-05,Georgia,Spain,True,-3.6532976152890906e-07
2021-09-05,Togo,Namibia,True,-0.1556467546428784
2021-09-05,Namibia,Togo,False,0.28255166069405124
2021-09-05,United States,Canada,False,-0.22249474275722836
2021-09-05,Canada,United States,False,-0.03593322433149693
2021-09-05,Uruguay,Bolivia,False,0.0001099396474129044
2021-09-05,Bolivia,Uruguay,True,-5.626170124469728e-05
2021-09-06,Benin,DR Congo,False,-0.06886473365426915
2021-09-06,DR Congo,Benin,False,-0.16120441266227603
2021-09-06,Djibouti,Niger,True,-5.316852946040035e-05
2021-09-06,Niger,Djibouti,False,0.00010394669856772509
2021-09-06,Ivory Coast,Cameroon,False,0.18487285327707337
2021-09-06,Cameroon,Ivory Coast,True,-0.09895008030719803
2021-09-06,Liberia,Central African Republic,False,1.8864258748178182
2021-09-06,Central African Republic,Liberia,False,-1.1218768152170526
2021-09-06,South Africa,Ghana,False,1.862765828431331
2021-09-06,Ghana,South Africa,False,-1.0819063430643738
2021-09-07,Angola,Libya,True,-0.15782270889021605
2021-09-07,Libya,Angola,False,0.2862560742082958
2021-09-07,Austria,Scotland,True,-0.20891557286489482
2021-09-07,Scotland,Austria,False,0.3685775358314367
2021-09-07,Azerbaijan,Portugal,True,-2.1496190056132635e-05
2021-09-07,Portugal,Azerbaijan,False,4.226539658658268e-05
2021-09-07,Bosnia and Herzegovina,Kazakhstan,False,-0.3600455660907591
2021-09-07,Kazakhstan,Bosnia and Herzegovina,False,0.07311897702370274
2021-09-07,Burkina Faso,Algeria,False,-0.02273604594920453
2021-09-07,Algeria,Burkina Faso,False,-0.23680100727436693
2021-09-07,Cape Verde,Nigeria,False,-1.0704546445876777
2021-09-07,Nigeria,Cape Verde,False,1.8531180084713308
2021-09-07,China,Japan,True,-0.06508495797906058
2021-09-07,Japan,China,False,0.12390626243000558
2021-09-07,Congo,Senegal,False,-0.8784252861643165
2021-09-07,Senegal,Congo,False,1.5740444022134787
2021-09-07,Croatia,Slovenia,False,0.005438931091075627
2021-09-07,Slovenia,Croatia,True,-0.002813787340045027
2021-09-07,Denmark,Israel,False,4.417655506294693e-06
2021-09-07,Israel,Denmark,True,-2.2563417662843625e-06
2021-09-07,Equatorial Guinea,Mauritania,False,0.16381980391738704
2021-09-07,Mauritania,Equatorial Guinea,True,-0.08690557333160276
2021-09-07,Ethiopia,Zimbabwe,False,1.926614261111762
2021-09-07,Zimbabwe,Ethiopia,False,-1.1880932674276545
2021-09-07,Faroe Islands,Moldova,False,0.007600590913549254
2021-09-07,Moldova,Faroe Islands,True,-0.0039521770078114575
2021-09-07,France,Finland,False,0.0026255912985346797
2021-09-07,Finland,France,True,-0.0013460894850739805
2021-09-07,Iraq,Iran,True,-0.002348699374606075
2021-09-07,Iran,Iraq,False,0.004555090568372222
2021-09-07,Malawi,Mozambique,False,0.22311005061282252
2021-09-07,Mozambique,Malawi,True,-0.12054059591576341
2021-09-07,Netherlands,Turkey,False,1.0878646158118954e-05
2021-09-07,Turkey,Netherlands,True,-5.585592526231449e-06
2021-09-07,Norway,Gibraltar,False,4.934688122570918e-06
2021-09-07,Gibraltar,Norway,True,-2.490358766930014e-06
2021-09-07,Oman,Saudi Arabia,True,-0.11359197691460425
2021-09-07,Saudi Arabia,Oman,False,0.2106933594647762
2021-09-07,Republic of Ireland,Serbia,True,0.8645547167059977
2021-09-07,Serbia,Republic of Ireland,False,-1.7518284028788247
2021-09-07,Russia,Malta,False,0.06983198246910938
2021-09-07,Malta,Russia,True,-0.03605198978261219
2021-09-07,Slovakia,Cyprus,False,0.11157736113864791
2021-09-07,Cyprus,Slovakia,True,-0.05846286986969984
2021-09-07,South Korea,Lebanon,False,0.08139656783536386
2021-09-07,Lebanon,South Korea,True,-0.042072464958360554
2021-09-07,Sudan,Guinea-Bissau,True,-0.007912770431061533
2021-09-07,Guinea-Bissau,Sudan,False,0.015000714238230017
2021-09-07,Syria,United Arab Emirates,False,-0.07813074416469945
2021-09-07,United Arab Emirates,Syria,False,-0.15057784322473955
2021-09-07,Tanzania,Madagascar,False,0.21870730178566378
2021-09-07,Madagascar,Tanzania,True,-0.1183356345915467
2021-09-07,Vietnam,Australia,True,-0.06671117739007598
2021-09-07,Australia,Vietnam,False,0.126721728087813
2021-09-07,Zambia,Tunisia,True,-0.11271132809425313
2021-09-07,Tunisia,Zambia,False,0.208678653703255
2021-09-08,Albania,San Marino,False,2.4902462314457807e-09
2021-09-08,San Marino,Albania,True,-1.249337088114542e-09
2021-09-08,Armenia,Liechtenstein,False,-1.931550311817055
2021-09-08,Liechtenstein,Armenia,True,0.964713610723777
2021-09-08,Belarus,Belgium,True,-0.04737166643357115
2021-09-08,Belgium,Belarus,False,0.0910273781451294
2021-09-08,Canada,El Salvador,False,4.8516511637952675e-05
2021-09-08,El Salvador,Canada,True,-2.4682589077750357e-05
2021-09-08,Costa Rica,Jamaica,False,-0.26440295153740934
2021-09-08,Jamaica,Costa Rica,False,0.0218567450593683
2021-09-08,Greece,Sweden,False,0.2623692037908065
2021-09-08,Sweden,Greece,True,-0.14383516223340653
2021-09-08,Honduras,United States,True,-0.09294710130391859
2021-09-08,United States,Honduras,False,0.17389594075821346
2021-09-08,Hungary,Andorra,False,0.0006422766856273299
2021-09-08,Andorra,Hungary,True,-0.0003251791055126251
2021-09-08,Iceland,Germany,True,-0.0002829172451847751
2021-09-08,Germany,Iceland,False,0.0005441630294216182
2021-09-08,Italy,Lithuania,False,3.7362690719078273e-10
2021-09-08,Lithuania,Italy,True,-1.8790344525176737e-10
2021-09-08,Kosovo,Spain,True,-0.06849460823588732
2021-09-08,Spain,Kosovo,False,0.12955017405190805
2021-09-08,Panama,Mexico,False,-1.6308505527914532
2021-09-08,Mexico,Panama,True,0.7909140772547059
2021-09-08,Poland,England,True,0.8845194695508254
2021-09-08,England,Poland,False,-1.7868867471113057
2021-09-09,Argentina,Bolivia,False,0.0023889536336527684
2021-09-09,Bolivia,Argentina,True,-0.0012247908481060256
2021-09-09,Brazil,Peru,False,0.003986928447325955
2021-09-09,Peru,Brazil,True,-0.002053712884948517
2021-09-09,Colombia,Chile,False,0.007909521518529417
2021-09-09,Chile,Colombia,True,-0.004119845139919322
2021-09-09,Paraguay,Venezuela,False,0.012967147036789584
2021-09-09,Venezuela,Paraguay,True,-0.0068230287122884575
2021-09-09,Uruguay,Ecuador,False,1.7810615481262861
2021-09-09,Ecuador,Uruguay,False,-1.017401103342775
2021-10-06,Italy,Spain,True,-0.0073714802881517695
2021-10-06,Spain,Italy,False,0.013981163377593475
2021-10-06,Morocco,Guinea-Bissau,False,9.349286411719504e-08
2021-10-06,Guinea-Bissau,Morocco,True,-4.712770274535994e-08
2021-10-06,Sudan,Guinea,False,-0.002310718902642339
2021-10-06,Guinea,Sudan,False,-0.20837393362485668
2021-10-07,Australia,Oman,False,0.12052873193807256
2021-10-07,Oman,Australia,True,-0.06311701730101682
2021-10-07,Belgium,France,False,-1.0876830053177367
2021-10-07,France,Belgium,False,1.8383269725741318
2021-10-07,China,Vietnam,False,0.007825745060273004
2021-10-07,Vietnam,China,True,-0.004071565712390653
2021-10-07,DR Congo,Madagascar,False,0.14523510954921592
2021-10-07,Madagascar,DR Congo,True,-0.07701789858174973
2021-10-07,Ecuador,Bolivia,False,0.0001884629413773098
2021-10-07,Bolivia,Ecuador,True,-9.685427275037813e-05
2021-10-07,El Salvador,Panama,False,0.3086997897222714
2021-10-07,Panama,El Salvador,True,-0.17132808493266802
2021-10-07,Equatorial Guinea,Zambia,False,0.23991670812844657
2021-10-07,Zambia,Equatorial Guinea,True,-0.13061450001404645
2021-10-07,Liberia,Cape Verde,False,-0.9823684432339282
2021-10-07,Cape Verde,Liberia,False,1.7841859686905268
2021-10-07,Mali,Kenya,False,9.80423173757572e-07
2021-10-07,Kenya,Mali,True,-4.971688697941433e-07
2021-10-07,Mexico,Canada,False,-0.2542563775333355
2021-10-07,Canada,Mexico,False,-0.003226077041183384
2021-10-07,Nigeria,Central African Republic,False,-1.521665087448181
2021-10-07,Central African Republic,Nigeria,False,2.177749565102247
2021-10-07,Peru,Chile,False,0.01560832123848277
2021-10-07,Chile,Peru,True,-0.008249922721534016
2021-10-07,Rwanda,Uganda,True,-0.09212844266096823
2021-10-07,Uganda,Rwanda,False,0.17348343291681534
2021-10-07,Saudi Arabia,Japan,False,0.3602805285230297
2021-10-07,Japan,Saudi Arabia,True,-0.20355628528234584
2021-10-07,South Korea,Syria,False,0.13655201680606543
2021-10-07,Syria,South Korea,True,-0.07210042632201992
2021-10-07,Tanzania,Benin,True,-0.11251185423542934
2021-10-07,Benin,Tanzania,False,0.20893259153298605
2021-10-07,Tunisia,Mauritania,False,0.00323053161998077
2021-10-07,Mauritania,Tunisia,True,-0.0016587221872169
2021-10-07,United Arab Emirates,Iran,True,-0.0924562529518279
2021-10-07,Iran,United Arab Emirates,False,0.1732274667472744
2021-10-07,United States,Jamaica,False,0.004566964595123402
2021-10-07,Jamaica,United States,True,-0.002357521405384267
2021-10-07,Venezuela,Brazil,False,-0.9334638077262167
2021-10-07,Brazil,Venezuela,False,1.6560379101213254
2021-10-08,Algeria,Niger,False,0.00011832088563279441
2021-10-08,Niger,Algeria,True,-6.061445965203749e-05
2021-10-08,Angola,Gabon,False,0.01098799296819264
2021-10-08,Gabon,Angola,True,-0.005756005952768646
2021-10-08,Cameroon,Mozambique,False,0.00011132634453625556
2021-10-08,Mozambique,Cameroon,True,-5.6941601325673204e-05
2021-10-08,Cyprus,Croatia,True,-0.061183301965446475
2021-10-08,Croatia,Cyprus,False,0.11637818198385919
2021-10-08,Czech Republic,Wales,False,-0.15032049278883686
2021-10-08,Wales,Czech Republic,False,-0.08579355088883078
2021-10-08,Djibouti,Burkina Faso,True,-1.2621664319866014e-07
2021-10-08,Burkina Faso,Djibouti,False,2.49725373713261e-07
2021-10-08,Egypt,Libya,False,0.11583240432280206
2021-10-08,Libya,Egypt,True,-0.06064606024372925
2021-10-08,Estonia,Belarus,False,0.24724929080772506
2021-10-08,Belarus,Estonia,True,-0.1348056714042547
2021-10-08,Germany,Romania,False,1.596575835285719
2021-10-08,Romania,Germany,False,-0.9014020659709342
2021-10-08,Gibraltar,Montenegro,True,-1.8735784577331657e-05
2021-10-08,Montenegro,Gibraltar,False,3.687650492523176e-05
2021-10-08,Iceland,Armenia,True,0.6408391655791865
2021-10-08,Armenia,Iceland,False,-1.4071142200992552
2021-10-08,Latvia,Netherlands,True,-0.0472761586481628
2021-10-08,Netherlands,Latvia,False,0.09074802993305786
2021-10-08,Liechtenstein,North Macedonia,True,-6.600970478277729e-06
2021-10-08,North Macedonia,Liechtenstein,False,1.3054050505445502e-05
2021-10-08,Malawi,Ivory Coast,True,-0.05005569421242816
2021-10-08,Ivory Coast,Malawi,False,0.09642923819045102
2021-10-08,Malta,Slovenia,True,-3.733842563188054e-07
2021-10-08,Slovenia,Malta,False,7.369540289126064e-07
2021-10-08,Russia,Slovakia,False,0.2059285842683911
2021-10-08,Slovakia,Russia,True,-0.11113188308567343
2021-10-08,Turkey,Norway,False,-0.18820740562236238
2021-10-08,Norway,Turkey,False,-0.10354908074374403
2021-10-09,Andorra,England,True,-9.864834374726905e-07
2021-10-09,England,Andorra,False,1.9606100432056905e-06
2021-10-09,Azerbaijan,Republic of Ireland,True,-0.0026628284852636694
2021-10-09,Republic of Ireland,Azerbaijan,False,0.005154919069914055
2021-10-09,Ethiopia,South Africa,True,-0.09042458602369913
2021-10-09,South Africa,Ethiopia,False,0.16952238104570583
2021-10-09,Faroe Islands,Austria,True,-0.0022451237249263936
2021-10-09,Austria,Faroe Islands,False,0.004351908924687731
2021-10-09,Finland,Ukraine,True,-0.11330220556296103
2021-10-09,Ukraine,Finland,False,0.20996040847027508
2021-10-09,Georgia,Greece,False,-1.09968435422016
2021-10-09,Greece,Georgia,False,1.8834371586620178
2021-10-09,Ghana,Zimbabwe,False,0.16750665271978082
2021-10-09,Zimbabwe,Ghana,True,-0.08936911622766146
2021-10-09,Guinea,Sudan,False,-1.8466768519615906
2021-10-09,Sudan,Guinea,True,0.9188597256567952
2021-10-09,Hungary,Albania,False,-1.190460755715969
2021-10-09,Albania,Hungary,False,1.9795504428139612
2021-10-09,Kazakhstan,Bosnia and Herzegovina,True,-0.006690830742375335
2021-10-09,Bosnia and Herzegovina,Kazakhstan,False,0.012710049229772036
2021-10-09,Lithuania,Bulgaria,False,1.9670862424698157
2021-10-09,Bulgaria,Lithuania,False,-1.1879931792309115
2021-10-09,Luxembourg,Serbia,True,-0.08582687404263528
2021-10-09,Serbia,Luxembourg,False,0.16105183608846518
2021-10-09,Moldova,Denmark,True,-1.1767206998911855e-07
2021-10-09,Denmark,Moldova,False,2.329497297282046e-07
2021-10-09,Morocco,Guinea-Bissau,False,9.349286411719504e-08
2021-10-09,Guinea-Bissau,Morocco,True,-4.712770274535994e-08
2021-10-09,Poland,San Marino,False,5.635917776913857e-07
2021-10-09,San Marino,Poland,True,-2.8311929685426126e-07
2021-10-09,Scotland,Israel,False,1.708594935354894
2021-10-09,Israel,Scotland,False,-1.0172031174589256
2021-10-09,Senegal,Namibia,False,0.002116793804760597
2021-10-09,Namibia,Senegal,True,-0.001082124548811727
2021-10-09,Sweden,Kosovo,False,0.008746712459243966
2021-10-09,Kosovo,Sweden,True,-0.004571108161017296
2021-10-09,Switzerland,Northern Ireland,False,0.13428724803988468
2021-10-09,Northern Ireland,Switzerland,True,-0.07077745108679447
2021-10-09,Togo,Congo,False,-0.22248096911134896
2021-10-09,Congo,Togo,False,-0.04239415129026103
2021-10-10,Argentina,Uruguay,False,0.0001843146224640435
2021-10-10,Uruguay,Argentina,True,-9.461966681190671e-05
2021-10-10,Benin,Tanzania,True,-0.17284717851726922
2021-10-10,Tanzania,Benin,False,0.3113511636197903
2021-10-10,Bolivia,Peru,False,1.975822005585328
2021-10-10,Peru,Bolivia,False,-1.2369932911959856
2021-10-10,Cape Verde,Liberia,False,1.7081844257861931
2021-10-10,Liberia,Cape Verde,False,-0.940281907810353
2021-10-10,Central African Republic,Nigeria,True,-0.0027287939143527304
2021-10-10,Nigeria,Central African Republic,False,0.005272084904640373
2021-10-10,Chile,Paraguay,False,0.008600440845584867
2021-10-10,Paraguay,Chile,True,-0.004485796462630528
2021-10-10,Costa Rica,El Salvador,False,0.1072667311676816
2021-10-10,El Salvador,Costa Rica,True,-0.055961935336606844
2021-10-10,Italy,Belgium,False,0.01920135097195308
2021-10-10,Belgium,Italy,True,-0.010213002237028467
2021-10-10,Kenya,Mali,True,-0.07776274851679506
2021-10-10,Mali,Kenya,False,0.14721204205608318
2021-10-10,Madagascar,DR Congo,False,0.3784535452136537
2021-10-10,DR Congo,Madagascar,True,-0.21502852737933065
2021-10-10,Mexico,Honduras,False,0.11228953330981994
2021-10-10,Honduras,Mexico,True,-0.05883638985191425
2021-10-10,Panama,United States,False,0.3465470427212427
2021-10-10,United States,Panama,True,-0.19514246235087992
2021-10-10,Spain,France,False,-1.143853469425598
2021-10-10,France,Spain,False,1.907952296318237
2021-10-10,Uganda,Rwanda,False,0.13172485348222507
2021-10-10,Rwanda,Uganda,True,-0.06904740482148522
2021-10-10,Venezuela,Ecuador,False,0.2880541013652964
2021-10-10,Ecuador,Venezuela,True,-0.1593984432880179
2021-10-10,Zambia,Equatorial Guinea,False,-1.8125881989965054
2021-10-10,Equatorial Guinea,Zambia,True,0.8995764198790814
2021-10-11,Belarus,Czech Republic,True,-0.0032843015757882113
2021-10-11,Czech Republic,Belarus,False,0.006332010668338661
2021-10-11,Burkina Faso,Djibouti,False,0.001576170968670354
2021-10-11,Djibouti,Burkina Faso,True,-0.0008046998463384167
2021-10-11,Croatia,Slovakia,False,-0.29440866619599193
2021-10-11,Slovakia,Croatia,False,0.030752017283282918
2021-10-11,Cyprus,Malta,False,-0.2502168594772134
2021-10-11,Malta,Cyprus,False,0.013428195223589956
2021-10-11,Estonia,Wales,True,-0.06363832454948222
2021-10-11,Wales,Estonia,False,0.12144648475899444
2021-10-11,Gabon,Angola,False,0.19282678938235476
2021-10-11,Angola,Gabon,True,-0.10336312559463712
2021-10-11,Iceland,Liechtenstein,False,0.0005556675560502988
2021-10-11,Liechtenstein,Iceland,True,-0.0002813103839214267
2021-10-11,Ivory Coast,Malawi,False,0.09642923819045102
2021-10-11,Malawi,Ivory Coast,True,-0.05005569421242816
2021-10-11,Latvia,Turkey,False,-2.509381727954353
2021-10-11,Turkey,Latvia,True,2.7125993591113136
2021-10-11,Libya,Egypt,True,-9.597202576088211e-05
2021-10-11,Egypt,Libya,False,0.0001869447334055252
2021-10-11,Mozambique,Cameroon,True,-0.07000945021780486
2021-10-11,Cameroon,Mozambique,False,0.13306527676308555
2021-10-11,Netherlands,Gibraltar,False,3.269562398600101e-11
2021-10-11,Gibraltar,Netherlands,True,-1.6413091630698982e-11
2021-10-11,North Macedonia,Germany,True,-0.00012910333723134635
2021-10-11,Germany,North Macedonia,False,0.0002505161772798914
2021-10-11,Norway,Montenegro,False,0.14700945546216104
2021-10-11,Montenegro,Norway,True,-0.07804851034906983
2021-10-11,Romania,Armenia,False,0.13974628798533306
2021-10-11,Armenia,Romania,True,-0.0740983282965744
2021-10-11,Slovenia,Russia,True,-0.12026425124462849
2021-10-11,Russia,Slovenia,False,0.2222485485503567
2021-10-12,Albania,Poland,False,-1.0519496870971496
2021-10-12,Poland,Albania,False,1.8242526654316598
2021-10-12,Bulgaria,Northern Ireland,False,0.2617001467706488
2021-10-12,Northern Ireland,Bulgaria,True,-0.14324165537860084
2021-10-12,Congo,Togo,False,-1.1487914735170235
2021-10-12,Togo,Congo,False,1.8891309237127114
2021-10-12,Denmark,Austria,False,0.17938185318414934
2021-10-12,Austria,Denmark,True,-0.09601447665237399
2021-10-12,England,Hungary,False,-0.41372086108858985
2021-10-12,Hungary,England,False,0.1264614863915875
2021-10-12,Faroe Islands,Scotland,False,-0.931651389510286
2021-10-12,Scotland,Faroe Islands,False,1.6743523315297668
2021-10-12,Iran,South Korea,True,0.8320662318331931
2021-10-12,South Korea,Iran,False,-1.696932589205601
2021-10-12,Israel,Moldova,False,0.004591846022660828
2021-10-12,Moldova,Israel,True,-0.002374187979291212
2021-10-12,Japan,Australia,False,1.7768360953733027
2021-10-12,Australia,Japan,False,-1.0369585662821448
2021-10-12,Kazakhstan,Finland,True,-0.005552565371183973
2021-10-12,Finland,Kazakhstan,False,0.010601862586742783
2021-10-12,Kosovo,Georgia,False,-1.1757559709998446
2021-10-12,Georgia,Kosovo,False,1.9160906413726173
2021-10-12,Lithuania,Switzerland,True,-2.325371024874825e-05
2021-10-12,Switzerland,Lithuania,False,4.5709586049103024e-05
2021-10-12,Morocco,Guinea,False,0.002584364428537711
2021-10-12,Guinea,Morocco,True,-0.0013239405306032027
2021-10-12,Namibia,Senegal,True,-0.0465355752433215
2021-10-12,Senegal,Namibia,False,0.08979804149147075
2021-10-12,Niger,Algeria,True,-3.20084394591504e-06
2021-10-12,Algeria,Niger,False,6.255202561700202e-06
2021-10-12,Oman,Vietnam,False,0.0069829195867834315
2021-10-12,Vietnam,Oman,True,-0.0036268161618794874
2021-10-12,Portugal,Luxembourg,False,2.3455471254152371e-07
2021-10-12,Luxembourg,Portugal,True,-1.1852260333990946e-07
2021-10-12,San Marino,Andorra,True,-0.0008755589702991608
2021-10-12,Andorra,San Marino,False,0.0017192352308113001
2021-10-12,Saudi Arabia,China,False,0.008315605091754108
2021-10-12,China,Saudi Arabia,True,-0.004333965256702942
2021-10-12,Serbia,Azerbaijan,False,0.1074094486633208
2021-10-12,Azerbaijan,Serbia,True,-0.05624714457731262
2021-10-12,South Africa,Ethiopia,False,0.12476708882185239
2021-10-12,Ethiopia,South Africa,True,-0.06562715259411608
2021-10-12,Sweden,Greece,False,0.008625833240335279
2021-10-12,Greece,Sweden,True,-0.00449903170273856
2021-10-12,Syria,Lebanon,True,-0.14910805536938776
2021-10-12,Lebanon,Syria,False,0.2720239676481846
2021-10-12,Ukraine,Bosnia and Herzegovina,False,-1.8137091079650336
2021-10-12,Bosnia and Herzegovina,Ukraine,True,0.8998994242961291
2021-10-12,United Arab Emirates,Iraq,False,-0.16854480227169222
2021-10-12,Iraq,United Arab Emirates,False,-0.06880010419728255
2021-10-12,Zimbabwe,Ghana,True,-0.12223733699864159
2021-10-12,Ghana,Zimbabwe,False,0.22512943197833124
2021-10-13,Canada,Panama,False,0.009814159761380115
2021-10-13,Panama,Canada,True,-0.005137251097674615
2021-10-13,El Salvador,Mexico,True,-0.05207263817273446
2021-10-13,Mexico,El Salvador,False,0.10004302905601481
2021-10-13,Honduras,Jamaica,True,-0.15329508603343844
2021-10-13,Jamaica,Honduras,False,0.2783912111416056
2021-10-13,United States,Costa Rica,False,0.1775699018328587
2021-10-13,Costa Rica,United States,True,-0.09504649880138318
2021-10-14,Argentina,Peru,False,0.11495110260070884
2021-10-14,Peru,Argentina,True,-0.06016090088309697
2021-10-14,Bolivia,Paraguay,False,0.028466158589398827
2021-10-14,Paraguay,Bolivia,True,-0.015327343782118256
2021-10-14,Brazil,Uruguay,False,0.000196482981130508
2021-10-14,Uruguay,Brazil,True,-0.00010093806908440016
2021-10-14,Chile,Venezuela,False,0.00039663115082033684
2021-10-14,Venezuela,Chile,True,-0.00020522475910016142
2021-11-11,Armenia,North Macedonia,True,-0.0005293795977580003
2021-11-11,North Macedonia,Armenia,False,0.0010107644941350635
2021-11-11,Azerbaijan,Luxembourg,True,-0.1433577679559756
2021-11-11,Luxembourg,Azerbaijan,False,0.2616890675773873
2021-11-11,Benin,Madagascar,False,0.19120957006473116
2021-11-11,Madagascar,Benin,True,-0.10277615600338746
2021-11-11,Brazil,Colombia,False,0.17577570380535779
2021-11-11,Colombia,Brazil,True,-0.09387582729437026
2021-11-11,China,Oman,False,-0.10347266200178096
2021-11-11,Oman,China,False,-0.08788516057521933
2021-11-11,Congo,Namibia,False,-0.16368513611934077
2021-11-11,Namibia,Congo,False,-0.08470662578423149
2021-11-11,Ecuador,Venezuela,False,0.19027890650201895
2021-11-11,Venezuela,Ecuador,True,-0.10227964566755218
2021-11-11,Ethiopia,Ghana,False,0.07289547622399173
2021-11-11,Ghana,Ethiopia,False,-0.32493509521254604
2021-11-11,Georgia,Sweden,False,0.35287474294125776
2021-11-11,Sweden,Georgia,True,-0.19917036810777336
2021-11-11,Germany,Liechtenstein,False,8.130385253934946e-12
2021-11-11,Liechtenstein,Germany,True,-4.077659126350829e-12
2021-11-11,Greece,Spain,True,-0.07187376846056893
2021-11-11,Spain,Greece,False,0.13625395234181026
2021-11-11,Iraq,Syria,False,-0.14164784770890115
2021-11-11,Syria,Iraq,False,-0.07534501482034561
2021-11-11,Lebanon,Iran,False,-2.5808880898079556
2021-11-11,Iran,Lebanon,True,2.760294757787668
2021-11-11,Malta,Croatia,True,-9.495991631070409e-12
2021-11-11,Croatia,Malta,False,1.886402145601096e-11
2021-11-11,Paraguay,Chile,True,-0.12818857119469754
2021-11-11,Chile,Paraguay,False,0.23564589351347331
2021-11-11,Peru,Bolivia,False,0.00020345475620198172
2021-11-11,Bolivia,Peru,True,-0.00010459553189201906
2021-11-11,Russia,Cyprus,False,1.0897685225330633e-06
2021-11-11,Cyprus,Russia,True,-5.531657228095746e-07
2021-11-11,Rwanda,Mali,True,-0.0026669890147985363
2021-11-11,Mali,Rwanda,False,0.005164839128134702
2021-11-11,Slovakia,Slovenia,False,-0.17521640244072567
2021-11-11,Slovenia,Slovakia,False,-0.03339546442897845
2021-11-11,South Africa,Zimbabwe,False,0.16974395952377552
2021-11-11,Zimbabwe,South Africa,True,-0.09053090311880177
2021-11-11,South Korea,United Arab Emirates,False,0.15042761976590713
2021-11-11,United Arab Emirates,South Korea,True,-0.07973451397528974
2021-11-11,Tanzania,DR Congo,True,-0.00378144065039707
2021-11-11,DR Congo,Tanzania,False,0.00727650113611622
2021-11-11,Togo,Senegal,False,-1.5707832515344613
2021-11-11,Senegal,Togo,True,0.7532688992145469
2021-11-11,Uganda,Kenya,True,0.8578263560123365
2021-11-11,Kenya,Uganda,False,-1.739540029298039
2021-11-11,Vietnam,Japan,True,-0.06214491137622815
2021-11-11,Japan,Vietnam,False,0.11821171379144424
2021-11-12,Andorra,Poland,True,-5.2826206114289895e-06
2021-11-12,Poland,Andorra,False,1.045325069792824e-05
2021-11-12,Angola,Egypt,False,-0.013571852546718999
2021-11-12,Egypt,Angola,False,-0.18055653204488786
2021-11-12,Austria,Israel,False,0.21016939333810303
2021-11-12,Israel,Austria,True,-0.11442912431042455
2021-11-12,Burkina Faso,Niger,False,-0.28277459674803374
2021-11-12,Niger,Burkina Faso,False,0.0321162884527304
2021-11-12,Canada,Costa Rica,False,0.20135751934184043
2021-11-12,Costa Rica,Canada,True,-0.10859744207538458
2021-11-12,Denmark,Faroe Islands,False,0.0012570586060633993
2021-11-12,Faroe Islands,Denmark,True,-0.000639823738425711
2021-11-12,Djibouti,Algeria,True,-6.616625247783225e-06
2021-11-12,Algeria,Djibouti,False,1.3063889979569865e-05
2021-11-12,El Salvador,Jamaica,False,-0.05992093726605563
2021-11-12,Jamaica,El Salvador,False,-0.13496225959512054
2021-11-12,England,Albania,False,3.1761087093684637e-09
2021-11-12,Albania,England,True,-1.6019074944006316e-09
2021-11-12,Gabon,Libya,False,0.20179834806927488
2021-11-12,Libya,Gabon,True,-0.10875280867152469
2021-11-12,Honduras,Panama,False,-2.979377041065755
2021-11-12,Panama,Honduras,True,2.9890112933481046
2021-11-12,Hungary,San Marino,False,0.00015883851199571808
2021-11-12,San Marino,Hungary,True,-7.998587426939188e-05
2021-11-12,Italy,Switzerland,False,-0.21362037647393217
2021-11-12,Switzerland,Italy,False,-0.03276654744552232
2021-11-12,Moldova,Scotland,True,-0.002052336290770137
2021-11-12,Scotland,Moldova,False,0.003984027523639355
2021-11-12,Morocco,Sudan,False,0.00089411291632846
2021-11-12,Sudan,Morocco,True,-0.00045362442410624233
2021-11-12,Northern Ireland,Lithuania,False,0.08892891913536172
2021-11-12,Lithuania,Northern Ireland,True,-0.04606474063741886
2021-11-12,United States,Mexico,False,0.2555501944147509
2021-11-12,Mexico,United States,True,-0.14004031198296837
2021-11-12,Uruguay,Argentina,True,-0.11138268180138386
2021-11-12,Argentina,Uruguay,False,0.20671855226537827
2021-11-13,Belgium,Estonia,False,0.001399613982658643
2021-11-13,Estonia,Belgium,True,-0.0007137394910318962
2021-11-13,Bosnia and Herzegovina,Finland,True,-0.013557542768230684
2021-11-13,Finland,Bosnia and Herzegovina,False,0.025293023147129112
2021-11-13,Cape Verde,Central African Republic,False,0.15299444715740185
2021-11-13,Central African Republic,Cape Verde,True,-0.08132803721196338
2021-11-13,Equatorial Guinea,Tunisia,False,1.9976376819587702
2021-11-13,Tunisia,Equatorial Guinea,False,-1.2143145356054852
2021-11-13,France,Kazakhstan,False,8.345768520712227e-12
2021-11-13,Kazakhstan,France,True,-4.1981903342334776e-12
2021-11-13,Ivory Coast,Mozambique,False,0.004503420403481062
2021-11-13,Mozambique,Ivory Coast,True,-0.002323367725372293
2021-11-13,Liberia,Nigeria,True,-0.05621327346694004
2021-11-13,Nigeria,Liberia,False,0.10774688766358098
2021-11-13,Malawi,Cameroon,True,-0.00149118952704928
2021-11-13,Cameroon,Malawi,False,0.002910158258024431
2021-11-13,Montenegro,Netherlands,True,0.9967201658713237
2021-11-13,Netherlands,Montenegro,False,-1.9936854948243927
2021-11-13,Turkey,Gibraltar,False,4.2362223950931366e-08
2021-11-13,Gibraltar,Turkey,True,-2.1335726739038912e-08
2021-11-13,Wales,Belarus,False,8.717886617537474e-05
2021-11-13,Belarus,Wales,True,-4.450736092408903e-05
2021-11-13,Zambia,Mauritania,False,4.798433980379713e-06
2021-11-13,Mauritania,Zambia,True,-2.450161765653371e-06
2021-11-14,Armenia,Germany,True,-9.336616613418331e-05
2021-11-14,Germany,Armenia,False,0.00018146303922961238
2021-11-14,Croatia,Russia,False,1.7327657048291956
2021-11-14,Russia,Croatia,False,-1.0015875461945667
2021-11-14,DR Congo,Benin,False,0.007463447139778534
2021-11-14,Benin,DR Congo,True,-0.0038825079599549128
2021-11-14,Ghana,South Africa,False,0.19582022171891778
2021-11-14,South Africa,Ghana,True,-0.10514764428317905
2021-11-14,Greece,Kosovo,False,-1.8219240571591406
2021-11-14,Kosovo,Greece,True,0.904816944967635
2021-11-14,Liechtenstein,Romania,True,-0.021243673193633114
2021-11-14,Romania,Liechtenstein,False,0.04170101869435916
2021-11-14,Luxembourg,Republic of Ireland,True,-0.003137706539673838
2021-11-14,Republic of Ireland,Luxembourg,False,0.006058233046278616
2021-11-14,Madagascar,Tanzania,False,-0.16759470543862487
2021-11-14,Tanzania,Madagascar,False,-0.060919949868602385
2021-11-14,Mali,Uganda,False,0.11476873298436452
2021-11-14,Uganda,Mali,True,-0.0598086424499534
2021-11-14,Malta,Slovakia,True,-4.190353311066087e-09
2021-11-14,Slovakia,Malta,False,8.29306889826853e-09
2021-11-14,North Macedonia,Iceland,False,0.2964008956264781
2021-11-14,Iceland,North Macedonia,True,-0.16478425272361588
2021-11-14,Portugal,Serbia,False,-1.3963934153234367
2021-11-14,Serbia,Portugal,False,2.09059222792631
2021-11-14,Senegal,Congo,False,0.003062186719535731
2021-11-14,Congo,Senegal,True,-0.0015741261824309268
2021-11-14,Slovenia,Cyprus,False,0.11270673981853552
2021-11-14,Cyprus,Slovenia,True,-0.05894765400195513
2021-11-14,Spain,Sweden,False,1.5734936367976715
2021-11-14,Sweden,Spain,False,-0.8862943654989202
2021-11-14,Zimbabwe,Ethiopia,False,-1.8183234916845232
2021-11-14,Ethiopia,Zimbabwe,True,0.9024752002897893
2021-11-15,Albania,Andorra,False,0.04521098060611095
2021-11-15,Andorra,Albania,True,-0.023026914975959396
2021-11-15,Austria,Moldova,False,0.0017427759544301757
2021-11-15,Moldova,Austria,True,-0.0008899077416786311
2021-11-15,Israel,Faroe Islands,False,0.14227679403180904
2021-11-15,Faroe Islands,Israel,True,-0.07556517047669194
2021-11-15,Kenya,Rwanda,False,0.1873726479895983
2021-11-15,Rwanda,Kenya,True,-0.10013185457961611
2021-11-15,Namibia,Togo,False,-1.0798598447938912
2021-11-15,Togo,Namibia,False,1.8874431558436344
2021-11-15,Niger,Djibouti,False,1.5525440795194356e-06
2021-11-15,Djibouti,Niger,True,-7.89415193553209e-07
2021-11-15,Poland,Hungary,False,-1.2679568814659294
2021-11-15,Hungary,Poland,False,1.9918352482829906
2021-11-15,San Marino,England,True,-3.228180808039782e-10
2021-11-15,England,San Marino,False,6.439426769588863e-10
2021-11-15,Scotland,Denmark,False,0.31684137745749297
2021-11-15,Denmark,Scotland,True,-0.17658520963637114
2021-11-15,Switzerland,Bulgaria,False,9.081303887059633e-05
2021-11-15,Bulgaria,Switzerland,True,-4.6408777378444115e-05
2021-11-16,Algeria,Burkina Faso,False,-1.8045663351226398
2021-11-16,Burkina Faso,Algeria,True,0.8944288734841592
2021-11-16,Bolivia,Uruguay,False,0.059508887379034814
2021-11-16,Uruguay,Bolivia,True,-0.033033073084314975
2021-11-16,Bosnia and Herzegovina,Ukraine,True,-0.13713621766609324
2021-11-16,Ukraine,Bosnia and Herzegovina,False,0.2503445632029595
2021-11-16,Cameroon,Ivory Coast,False,0.23415939275237596
2021-11-16,Ivory Coast,Cameroon,True,-0.12721503359754377
2021-11-16,Canada,Mexico,False,0.022067262548706612
2021-11-16,Mexico,Canada,True,-0.011782984389703238
2021-11-16,Chile,Ecuador,True,-0.17171001567934052
2021-11-16,Ecuador,Chile,False,0.3085240981989332
2021-11-16,China,Australia,False,0.052429392422546295
2021-11-16,Australia,China,False,-0.2865357304340592
2021-11-16,Costa Rica,Honduras,False,1.7211378530873929
2021-11-16,Honduras,Costa Rica,False,-0.9745954926102809
2021-11-16,Czech Republic,Estonia,False,0.10670005421459683
2021-11-16,Estonia,Czech Republic,True,-0.055801114113188145
2021-11-16,Egypt,Gabon,False,0.12831128899297495
2021-11-16,Gabon,Egypt,True,-0.06743079538783744
2021-11-16,Finland,France,True,-0.0659644072063083
2021-11-16,France,Finland,False,0.1254254359174336
2021-11-16,Gibraltar,Latvia,True,-0.002001551392615889
2021-11-16,Latvia,Gibraltar,False,0.0038893555996053486
2021-11-16,Iraq,South Korea,True,-0.0031552928890853696
2021-11-16,South Korea,Iraq,False,0.006092364793524041
2021-11-16,Jamaica,United States,False,0.014641857350936816
2021-11-16,United States,Jamaica,False,-0.2604725516339441
2021-11-16,Lebanon,United Arab Emirates,False,-1.0266579314217856
2021-11-16,United Arab Emirates,Lebanon,False,1.8151281548275673
2021-11-16,Liberia,Central African Republic,False,0.018228364309158085
2021-11-16,Central African Republic,Liberia,True,-0.00967591735032252
2021-11-16,Libya,Angola,False,-1.7824017409600263
2021-11-16,Angola,Libya,True,0.8824595081652519
2021-11-16,Mauritania,Equatorial Guinea,False,-0.10922367931379151
2021-11-16,Equatorial Guinea,Mauritania,False,-0.08086144986157007
2021-11-16,Montenegro,Turkey,True,-0.11546728044983806
2021-11-16,Turkey,Montenegro,False,0.21303354621669612
2021-11-16,Morocco,Guinea,False,4.539383558599397e-05
2021-11-16,Guinea,Morocco,True,-2.308589872557806e-05
2021-11-16,Mozambique,Malawi,False,0.19340524869753883
2021-11-16,Malawi,Mozambique,True,-0.10355292384271622
2021-11-16,Netherlands,Norway,False,1.6312092154032642
2021-11-16,Norway,Netherlands,False,-0.9493957372423745
2021-11-16,Nigeria,Cape Verde,False,-0.24308410536009717
2021-11-16,Cape Verde,Nigeria,False,0.012790765439315455
2021-11-16,Oman,Japan,False,-0.9429669925863966
2021-11-16,Japan,Oman,False,1.6844114460001174
2021-11-16,Panama,El Salvador,False,0.12622375742583403
2021-11-16,El Salvador,Panama,True,-0.06629103389176233
2021-11-16,Syria,Iran,True,-0.002226222265788363
2021-11-16,Iran,Syria,False,0.004318924707317873
2021-11-16,Tunisia,Zambia,False,0.00019785067613664609
2021-11-16,Zambia,Tunisia,True,-0.00010166347895147067
2021-11-16,Venezuela,Peru,True,-0.14296405464246778
2021-11-16,Peru,Venezuela,False,0.2607609049025448
2021-11-16,Vietnam,Saudi Arabia,True,-0.09386001132870839
2021-11-16,Saudi Arabia,Vietnam,False,0.17571402373832345
2021-11-16,Wales,Belgium,False,-0.020055583115885733
2021-11-16,Belgium,Wales,False,-0.2338368400261046
2022-01-09,Cameroon,Burkina Faso,False,0.19416008210126767
2022-01-09,Burkina Faso,Cameroon,True,-0.10429055239557326
2022-01-09,Ethiopia,Cape Verde,True,-0.07509299463970358
2022-01-09,Cape Verde,Ethiopia,False,0.14233394491985507
2022-01-10,Comoros,Gabon,True,-0.09281571821137606
2022-01-10,Gabon,Comoros,False,0.17409718950034314
2022-01-10,Guinea,Malawi,False,0.1536519157275369
2022-01-10,Malawi,Guinea,True,-0.08128183568856573
2022-01-10,Morocco,Ghana,False,1.7737536237168559
2022-01-10,Ghana,Morocco,False,-0.9683940374242377
2022-01-10,Senegal,Zimbabwe,False,1.6677589624678966
2022-01-10,Zimbabwe,Senegal,False,-0.9167507383151671
2022-01-11,Nigeria,Egypt,False,0.21755994298372006
2022-01-11,Egypt,Nigeria,True,-0.11733538115923675
2022-01-12,Equatorial Guinea,Ivory Coast,True,-0.06275344934159666
2022-01-12,Ivory Coast,Equatorial Guinea,False,0.11992176300223933
2022-01-12,Mauritania,Gambia,True,-0.10129041993632154
2022-01-12,Gambia,Mauritania,False,0.18931834004683745
2022-01-12,Tunisia,Mali,True,-0.10921098675493265
2022-01-12,Mali,Tunisia,False,0.20343867203515398
2022-01-13,Cameroon,Ethiopia,False,8.331518925697168e-05
2022-01-13,Ethiopia,Cameroon,True,-4.253467017165988e-05
2022-01-13,Cape Verde,Burkina Faso,True,-0.10729458328254449
2022-01-13,Burkina Faso,Cape Verde,False,0.1998695549651277
2022-01-14,Gabon,Ghana,True,0.9063212983603789
2022-01-14,Ghana,Gabon,False,-1.8243241172923161
2022-01-14,Malawi,Zimbabwe,False,0.26569317581711305
2022-01-14,Zimbabwe,Malawi,True,-0.1454007130272043
2022-01-14,Morocco,Comoros,False,0.06645870625681427
2022-01-14,Comoros,Morocco,True,-0.03415764665097156
2022-01-15,Guinea-Bissau,Egypt,True,-0.04796918202702203
2022-01-15,Egypt,Guinea-Bissau,False,0.09255399541098308
2022-01-15,Nigeria,Sudan,False,0.0029149736448146335
2022-01-15,Sudan,Nigeria,True,-0.001494361956263727
2022-01-16,Algeria,Equatorial Guinea,True,-0.24588457546466722
2022-01-16,Equatorial Guinea,Algeria,False,0.42791157189698925
2022-01-16,Gambia,Mali,False,0.02090635247890349
2022-01-16,Mali,Gambia,False,-0.2373253437681644
2022-01-16,Ivory Coast,Sierra Leone,False,-1.8900678015764405
2022-01-16,Sierra Leone,Ivory Coast,True,0.9425922569139716
2022-01-16,Tunisia,Mauritania,False,8.75060159000185e-07
2022-01-16,Mauritania,Tunisia,True,-4.4357721046204795e-07
2022-01-17,Burkina Faso,Ethiopia,False,-0.3114575502292105
2022-01-17,Ethiopia,Burkina Faso,False,0.05502837827136853
2022-01-17,Cameroon,Cape Verde,False,-0.20261338459647216
2022-01-17,Cape Verde,Cameroon,False,-0.00837594610682224
2022-01-18,Gabon,Morocco,False,0.09556737682854421
2022-01-18,Morocco,Gabon,False,-0.3170725950857025
2022-01-18,Ghana,Comoros,True,-0.21529435699520694
2022-01-18,Comoros,Ghana,False,0.38010681433731897
2022-01-18,Zimbabwe,Guinea,False,0.27405201497458354
2022-01-18,Guinea,Zimbabwe,True,-0.15085745700131042
2022-01-19,Egypt,Sudan,False,0.08583533367315921
2022-01-19,Sudan,Egypt,True,-0.04436732825950616
2022-01-19,Guinea-Bissau,Nigeria,True,-0.0017475661441801278
2022-01-19,Nigeria,Guinea-Bissau,False,0.0034018904882344714
2022-01-20,Gambia,Tunisia,False,2.026962108978492
2022-01-20,Tunisia,Gambia,False,-1.2601051480633498
2022-01-20,Ivory Coast,Algeria,False,0.02156198758137462
2022-01-20,Algeria,Ivory Coast,True,-0.011503805042246313
2022-01-20,Mali,Mauritania,False,0.002877722209873923
2022-01-20,Mauritania,Mali,True,-0.0014742724301960277
2022-01-20,Sierra Leone,Equatorial Guinea,True,-0.09282846280526795
2022-01-20,Equatorial Guinea,Sierra Leone,False,0.17445488467527026
2022-01-23,Burkina Faso,Gabon,False,-1.8041797782810822
2022-01-23,Gabon,Burkina Faso,True,0.894852355716821
2022-01-23,Nigeria,Tunisia,True,-0.12194306810104812
2022-01-23,Tunisia,Nigeria,False,0.2253137282273303
2022-01-24,Cameroon,Comoros,False,0.003851842297954544
2022-01-24,Comoros,Cameroon,True,-0.0019830985924096465
2022-01-24,Guinea,Gambia,True,-0.15778100092401987
2022-01-24,Gambia,Guinea,False,0.28563775096387145
2022-01-25,Morocco,Malawi,False,0.057387176790958616
2022-01-25,Malawi,Morocco,True,-0.0293634754148713
2022-01-25,Senegal,Cape Verde,False,0.1237910026547766
2022-01-25,Cape Verde,Senegal,True,-0.06483898380550863
2022-01-27,Australia,Vietnam,False,4.99379168195091e-05
2022-01-27,Vietnam,Australia,True,-2.54199308814822e-05
2022-01-27,Chile,Argentina,True,-0.10151185452162771
2022-01-27,Argentina,Chile,False,0.18914355259775295
2022-01-27,Costa Rica,Panama,False,0.20876134836480986
2022-01-27,Panama,Costa Rica,True,-0.11283889846735692
2022-01-27,Ecuador,Brazil,False,-0.004285851357407999
2022-01-27,Brazil,Ecuador,False,-0.2419273503674737
2022-01-27,Honduras,Canada,True,-0.0057411963753456795
2022-01-27,Canada,Honduras,False,0.010947521530268123
2022-01-27,Iran,Iraq,False,0.1219386900267363
2022-01-27,Iraq,Iran,True,-0.06398644599597929
2022-01-27,Jamaica,Mexico,False,-2.605264324267773
2022-01-27,Mexico,Jamaica,True,2.7752018141958117
2022-01-27,Japan,China,False,0.004209411055958956
2022-01-27,China,Japan,True,-0.0021716778076818904
2022-01-27,Lebanon,South Korea,True,-0.057689128990516744
2022-01-27,South Korea,Lebanon,False,0.11056742279466292
2022-01-27,Paraguay,Uruguay,True,-0.10077596208773094
2022-01-27,Uruguay,Paraguay,False,0.18818246148242324
2022-01-27,Saudi Arabia,Oman,False,0.15814634877885592
2022-01-27,Oman,Saudi Arabia,True,-0.08389965509855357
2022-01-27,United Arab Emirates,Syria,False,0.01293262998101552
2022-01-27,Syria,United Arab Emirates,True,-0.006809687650184856
2022-01-27,United States,El Salvador,False,0.08283014018029577
2022-01-27,El Salvador,United States,True,-0.042891808488464314
2022-01-28,Colombia,Peru,False,-1.2801570725640885
2022-01-28,Peru,Colombia,False,2.045605303637328
2022-01-28,Venezuela,Bolivia,False,2.0015298884956678e-07
2022-01-28,Bolivia,Venezuela,True,-1.0209143509977282e-07
2022-01-29,Burkina Faso,Tunisia,False,0.2730517852603196
2022-01-29,Tunisia,Burkina Faso,True,-0.14997459737781532
2022-01-29,Cameroon,Gambia,False,0.006328793600472338
2022-01-29,Gambia,Cameroon,True,-0.0032833616920670823
2022-01-30,Canada,United States,False,0.267829649129979
2022-01-30,United States,Canada,True,-0.14742259203130617
2022-01-30,Egypt,Morocco,False,-0.007027274884374712
2022-01-30,Morocco,Egypt,False,-0.16107715385819743
2022-01-30,Honduras,El Salvador,True,-0.18091540111801035
2022-01-30,El Salvador,Honduras,False,0.3246942352880908
2022-01-30,Panama,Jamaica,False,0.009705024010170149
2022-01-30,Jamaica,Panama,True,-0.005074871373524664
2022-01-30,Senegal,Equatorial Guinea,False,0.09555443400449137
2022-01-30,Equatorial Guinea,Senegal,True,-0.04959300772761447
2022-02-01,Argentina,Colombia,False,0.17352062643043986
2022-02-01,Colombia,Argentina,True,-0.09252174399056612
2022-02-01,Bolivia,Chile,False,-0.9893543999687657
2022-02-01,Chile,Bolivia,False,1.695427502884162
2022-02-01,Brazil,Paraguay,False,0.0031365492582238197
2022-02-01,Paraguay,Brazil,True,-0.0016107735948088426
2022-02-01,Iran,United Arab Emirates,False,0.12799912785818046
2022-02-01,United Arab Emirates,Iran,True,-0.06735980608441762
2022-02-01,Japan,Saudi Arabia,False,0.006432697980956803
2022-02-01,Saudi Arabia,Japan,True,-0.003339919285153652
2022-02-01,Lebanon,Iraq,False,-0.02638095149997932
2022-02-01,Iraq,Lebanon,False,-0.17487678138367202
2022-02-01,Oman,Australia,False,0.02181173639974121
2022-02-01,Australia,Oman,False,-0.2576434236120677
2022-02-01,Peru,Ecuador,False,-0.127551336058068
2022-02-01,Ecuador,Peru,False,-0.09354528211460122
2022-02-01,Syria,South Korea,True,-0.0030027295012846943
2022-02-01,South Korea,Syria,False,0.005799864895761342
2022-02-01,Uruguay,Venezuela,False,0.00020323621410200943
2022-02-01,Venezuela,Uruguay,True,-0.000104457060732205
2022-02-01,Vietnam,China,False,0.021618088552491255
2022-02-01,China,Vietnam,True,-0.011528864957678402
2022-02-02,Burkina Faso,Senegal,True,-0.08053604402835468
2022-02-02,Senegal,Burkina Faso,False,0.15211649674395744
2022-02-02,El Salvador,Canada,True,-0.06743079538783744
2022-02-02,Canada,El Salvador,False,0.12831128899297495
2022-02-02,Jamaica,Costa Rica,True,-0.1158354603145729
2022-02-02,Costa Rica,Jamaica,False,0.21436183760526673
2022-02-02,Mexico,Panama,False,1.6337191346540032
2022-02-02,Panama,Mexico,False,-0.9147001202391882
2022-02-02,United States,Honduras,False,2.389528575008626e-10
2022-02-02,Honduras,United States,True,-1.207028859728172e-10
2022-02-05,Cameroon,Burkina Faso,True,0.9859898649847945
2022-02-05,Burkina Faso,Cameroon,False,-1.973883178479272
2022-03-17,Cook Islands,Solomon Islands,True,-0.00034427479616229304
2022-03-17,Solomon Islands,Cook Islands,False,0.0006788657826568567
2022-03-18,New Caledonia,Fiji,True,-0.1621561876380167
2022-03-18,Fiji,New Caledonia,False,0.2928943686074237
2022-03-18,Papua New Guinea,New Zealand,True,-0.03696099410699762
2022-03-18,New Zealand,Papua New Guinea,False,0.07150910926204279
2022-03-21,New Zealand,Fiji,False,3.229115775749136e-05
2022-03-21,Fiji,New Zealand,True,-1.6396864742710635e-05
2022-03-21,Papua New Guinea,New Caledonia,False,0.34863139721036385
2022-03-21,New Caledonia,Papua New Guinea,True,-0.19637488367500294
2022-03-24,Australia,Japan,False,-1.1406584236612265
2022-03-24,Japan,Australia,False,1.8863928948290303
2022-03-24,Brazil,Chile,False,0.00015799035637664716
2022-03-24,Chile,Brazil,True,-8.104349854372146e-05
2022-03-24,China,Saudi Arabia,True,0.9043878402615504
2022-03-24,Saudi Arabia,China,False,-1.8207998882382963
2022-03-24,Colombia,Bolivia,False,0.0033784853739526888
2022-03-24,Bolivia,Colombia,True,-0.0017388457577189177
2022-03-24,Costa Rica,Canada,False,0.2733591595607896
2022-03-24,Canada,Costa Rica,True,-0.15063204816281028
2022-03-24,Fiji,Papua New Guinea,True,-0.18233865986476333
2022-03-24,Papua New Guinea,Fiji,False,0.32547134772629294
2022-03-24,Iraq,United Arab Emirates,False,0.2302786501544838
2022-03-24,United Arab Emirates,Iraq,True,-0.12487957287920498
2022-03-24,Italy,North Macedonia,False,-1.4279525441989125
2022-03-24,North Macedonia,Italy,False,2.1423006489561383
2022-03-24,Jamaica,El Salvador,False,-0.22172692455076914
2022-03-24,El Salvador,Jamaica,False,0.01496099028309561
2022-03-24,Lebanon,Syria,True,-0.00017926386792345683
2022-03-24,Syria,Lebanon,False,0.00034722700094746983
2022-03-24,Moldova,Kazakhstan,False,-1.0636019094011484
2022-03-24,Kazakhstan,Moldova,False,1.8385474209125185
2022-03-24,New Zealand,New Caledonia,False,3.951857676254278e-05
2022-03-24,New Caledonia,New Zealand,True,-2.0082797154534817e-05
2022-03-24,Panama,Honduras,False,-0.24195286733604093
2022-03-24,Honduras,Panama,False,-0.01148049812462304
2022-03-24,Paraguay,Ecuador,False,0.000717522952946581
2022-03-24,Ecuador,Paraguay,True,-0.00037358642083985745
2022-03-24,Portugal,Turkey,False,0.16231093731320057
2022-03-24,Turkey,Portugal,True,-0.08679056895417067
2022-03-24,Solomon Islands,Tahiti,False,0.28105818416332795
2022-03-24,Tahiti,Solomon Islands,True,-0.15536133247731704
2022-03-24,South Korea,Iran,False,0.01421219620686287
2022-03-24,Iran,South Korea,True,-0.007489885551471932
2022-03-24,Uruguay,Peru,False,0.15899832825567373
2022-03-24,Peru,Uruguay,True,-0.0843968194744678
2022-03-24,Vietnam,Oman,True,-0.11383278328946317
2022-03-24,Oman,Vietnam,False,0.21105973429583624
2022-03-24,Wales,Austria,False,0.23520790060266394
2022-03-24,Austria,Wales,True,-0.1279452336902311
2022-03-25,Argentina,Venezuela,False,0.11144803669108949
2022-03-25,Venezuela,Argentina,True,-0.05839109532307542
2022-03-25,Cameroon,Algeria,True,-0.14742076671385032
2022-03-25,Algeria,Cameroon,False,0.2677878086730323
2022-03-25,DR Congo,Morocco,False,-1.6918362821652444
2022-03-25,Morocco,DR Congo,True,0.8291406726943865
2022-03-25,Egypt,Senegal,False,0.2289293494482747
2022-03-25,Senegal,Egypt,True,-0.12401656257828961
2022-03-25,Mali,Tunisia,True,-0.13887243294697404
2022-03-25,Tunisia,Mali,False,0.2543582134857125
2022-03-27,Canada,Jamaica,False,0.00581417134599338
2022-03-27,Jamaica,Canada,True,-0.0030124880923192115
2022-03-27,El Salvador,Costa Rica,True,-0.07642354685479531
2022-03-27,Costa Rica,El Salvador,False,0.1447620324614416
2022-03-27,Honduras,Mexico,True,-0.0814901273415957
2022-03-27,Mexico,Honduras,False,0.1535145817600867
2022-03-27,New Zealand,Tahiti,False,0.07212435203151513
2022-03-27,Tahiti,New Zealand,True,-0.037210936583123
2022-03-27,Solomon Islands,Papua New Guinea,False,0.023417324372415393
2022-03-27,Papua New Guinea,Solomon Islands,True,-0.012546891109676996
2022-03-27,United States,Panama,False,4.882112046189491e-06
2022-03-27,Panama,United States,True,-2.4939241581886488e-06
2022-03-29,Algeria,Cameroon,True,-0.21718414855634605
2022-03-29,Cameroon,Algeria,False,0.3817873115795969
2022-03-29,Bolivia,Brazil,True,-5.502869444859229e-05
2022-03-29,Brazil,Bolivia,False,0.00010752816614800764
2022-03-29,Chile,Uruguay,False,-1.114968711839355
2022-03-29,Uruguay,Chile,False,1.8760130428398631
2022-03-29,Cyprus,Estonia,False,0.01198345495721398
2022-03-29,Estonia,Cyprus,True,-0.006292494898232161
2022-03-29,Ecuador,Argentina,True,0.9037886656487785
2022-03-29,Argentina,Ecuador,False,-1.8200519850479906
2022-03-29,Iran,Lebanon,False,0.0014512098464050105
2022-03-29,Lebanon,Iran,True,-0.0007390058968044984
2022-03-29,Japan,Vietnam,False,-0.6053720622097876
2022-03-29,Vietnam,Japan,False,0.24534541584107117
2022-03-29,Kazakhstan,Moldova,True,-0.20744060399853026
2022-03-29,Moldova,Kazakhstan,False,0.3671735866369601
2022-03-29,Morocco,DR Congo,False,1.026392898673123e-06
2022-03-29,DR Congo,Morocco,True,-5.206368670038661e-07
2022-03-29,Nigeria,Ghana,False,-0.20484565339159477
2022-03-29,Ghana,Nigeria,False,-0.03317208111326986
2022-03-29,Oman,China,False,0.011511365526200912
2022-03-29,China,Oman,True,-0.00603699079354019
2022-03-29,Peru,Paraguay,False,0.00834475683188085
2022-03-29,Paraguay,Peru,True,-0.00434692955644946
2022-03-29,Poland,Sweden,False,0.02075607537625812
2022-03-29,Sweden,Poland,True,-0.011078217583673642
2022-03-29,Portugal,North Macedonia,False,0.0031422626227493033
2022-03-29,North Macedonia,Portugal,True,-0.0016154596002200502
2022-03-29,Saudi Arabia,Australia,False,0.30700459442331685
2022-03-29,Australia,Saudi Arabia,True,-0.17061192169920286
2022-03-29,Senegal,Egypt,False,0.16176014919325343
2022-03-29,Egypt,Senegal,True,-0.08585094143447895
2022-03-29,Syria,Iraq,False,-0.07534501482034561
2022-03-29,Iraq,Syria,False,-0.14164784770890115
2022-03-29,United Arab Emirates,South Korea,False,0.3101818665508711
2022-03-29,South Korea,United Arab Emirates,True,-0.1724904759872221
2022-03-29,Venezuela,Colombia,True,-0.09707372789867767
2022-03-29,Colombia,Venezuela,False,0.1812797596107929
2022-03-30,Costa Rica,United States,False,0.02404310910423124
2022-03-30,United States,Costa Rica,True,-0.012870948723475306
2022-03-30,Jamaica,Honduras,False,0.2105828154251701
2022-03-30,Honduras,Jamaica,True,-0.11363459255216295
2022-03-30,Mexico,El Salvador,False,0.0016558076329733495
2022-03-30,El Salvador,Mexico,True,-0.0008444405004542724
2022-03-30,Panama,Canada,False,0.3161312323006493
2022-03-30,Canada,Panama,True,-0.17652311980791335
2022-03-30,Solomon Islands,New Zealand,True,-2.2783483353122622e-07
2022-03-30,New Zealand,Solomon Islands,False,4.501403085832578e-07
2022-06-01,Italy,Argentina,True,-0.0037233923519165474
2022-06-01,Argentina,Italy,False,0.007170474938823279
2022-06-01,Poland,Wales,False,1.7979111283141143
2022-06-01,Wales,Poland,False,-1.0457923480712552
2022-06-01,Scotland,Ukraine,True,-0.011626449605929602
2022-06-01,Ukraine,Scotland,False,0.02178136335125025
2022-06-02,Bulgaria,North Macedonia,False,-0.1181420065000569
2022-06-02,North Macedonia,Bulgaria,False,-0.12370562617224334
2022-06-02,Cyprus,Kosovo,True,-0.11621174839002017
2022-06-02,Kosovo,Cyprus,False,0.2143450998611134
2022-06-02,Czech Republic,Switzerland,False,0.3352079211643173
2022-06-02,Switzerland,Czech Republic,True,-0.188517837316156
2022-06-02,Estonia,San Marino,False,0.0005215028226017715
2022-06-02,San Marino,Estonia,True,-0.00026368112201070177
2022-06-02,Georgia,Gibraltar,False,0.0009469519824976125
2022-06-02,Gibraltar,Georgia,True,-0.0004811834991739987
2022-06-02,Israel,Iceland,True,0.7668408341182855
2022-06-02,Iceland,Israel,False,-1.5959946365868318
2022-06-02,Northern Ireland,Greece,True,-0.11098953114537863
2022-06-02,Greece,Northern Ireland,False,0.20654637020208266
2022-06-02,Serbia,Norway,True,-0.19394502989614626
2022-06-02,Norway,Serbia,False,0.34358725801508916
2022-06-02,Slovenia,Sweden,True,-0.11788871313763685
2022-06-02,Sweden,Slovenia,False,0.21799345069068554
2022-06-02,Spain,Portugal,False,-1.7853622967418032
2022-06-02,Portugal,Spain,True,0.8835687097575047
2022-06-03,Belarus,Slovakia,True,-0.0730923314397497
2022-06-03,Slovakia,Belarus,False,0.1386919404070457
2022-06-03,Belgium,Netherlands,True,-7.973468132257677e-05
2022-06-03,Netherlands,Belgium,False,0.0001517648326321286
2022-06-03,Croatia,Austria,True,-0.0014299219767690895
2022-06-03,Austria,Croatia,False,0.002686309083652194
2022-06-03,France,Denmark,False,-1.257089087451389
2022-06-03,Denmark,France,False,2.0080686088267985
2022-06-03,Kazakhstan,Azerbaijan,False,0.01164903622193636
2022-06-03,Azerbaijan,Kazakhstan,True,-0.006114429971470879
2022-06-03,Latvia,Andorra,False,0.08485556354027546
2022-06-03,Andorra,Latvia,True,-0.04381338011221869
2022-06-03,Liechtenstein,Moldova,True,-0.054008622949456776
2022-06-03,Moldova,Liechtenstein,False,0.10392061632940264
2022-06-04,Armenia,Republic of Ireland,False,0.37734736300390503
2022-06-04,Republic of Ireland,Armenia,True,-0.2141996723002378
2022-06-04,Finland,Bosnia and Herzegovina,False,-1.7655705396421184
2022-06-04,Bosnia and Herzegovina,Finland,True,0.8724501087110471
2022-06-04,Hungary,England,False,0.402949830824634
2022-06-04,England,Hungary,True,-0.2302042584927572
2022-06-04,Italy,Germany,False,-0.15631125367399212
2022-06-04,Germany,Italy,False,-0.10744425829175785
2022-06-04,Lithuania,Luxembourg,True,-0.11114179589899084
2022-06-04,Luxembourg,Lithuania,False,0.2064872417782997
2022-06-04,Montenegro,Romania,False,0.2972089860725329
2022-06-04,Romania,Montenegro,True,-0.16454279326941562
2022-06-04,Turkey,Faroe Islands,False,0.003180942813282517
2022-06-04,Faroe Islands,Turkey,True,-0.0016354178282663222
2022-06-05,Bulgaria,Georgia,True,-1.0674373707298063e-05
2022-06-05,Georgia,Bulgaria,False,2.071524208702158e-05
2022-06-05,Czech Republic,Spain,False,-1.515209235645015
2022-06-05,Spain,Czech Republic,True,0.7158666816982902
2022-06-05,Gibraltar,North Macedonia,True,-0.041029284746079454
2022-06-05,North Macedonia,Gibraltar,False,0.07924608461033689
2022-06-05,Kosovo,Greece,True,-0.12917220898659384
2022-06-05,Greece,Kosovo,False,0.23736335784558094
2022-06-05,Portugal,Switzerland,False,1.0208420246460292e-05
2022-06-05,Switzerland,Portugal,True,-5.237048028171397e-06
2022-06-05,San Marino,Malta,True,-0.00076347807228686
2022-06-05,Malta,San Marino,False,0.00149992005625732
2022-06-05,Serbia,Slovenia,False,0.1815101643996777
2022-06-05,Slovenia,Serbia,True,-0.09710651084365819
2022-06-05,Sweden,Norway,True,-0.019939171208662336
2022-06-05,Norway,Sweden,False,0.03665392456107197
2022-06-05,Wales,Ukraine,False,0.21799345069068554
2022-06-05,Ukraine,Wales,True,-0.11788871313763685
2022-06-06,Austria,Denmark,False,-1.0901018947899361
2022-06-06,Denmark,Austria,False,1.850995575534117
2022-06-06,Croatia,France,True,0.8659623634055219
2022-06-06,France,Croatia,False,-1.7550162369314322
2022-06-06,Iceland,Albania,False,-0.17899104850181757
2022-06-06,Albania,Iceland,False,-0.05132346036831459
2022-06-06,Latvia,Liechtenstein,False,0.06475193977770788
2022-06-06,Liechtenstein,Latvia,True,-0.033229499905808514
2022-06-06,Slovakia,Kazakhstan,True,-0.3027631082567278
2022-06-06,Kazakhstan,Slovakia,False,0.5139748471183352
2022-06-07,Bosnia and Herzegovina,Romania,False,0.26594191060338757
2022-06-07,Romania,Bosnia and Herzegovina,True,-0.14611688043525967
2022-06-07,Faroe Islands,Luxembourg,True,-0.1289365584755523
2022-06-07,Luxembourg,Faroe Islands,False,0.2371796416011409
2022-06-07,Finland,Montenegro,False,0.00870346670451072
2022-06-07,Montenegro,Finland,True,-0.004538956044532498
2022-06-07,Germany,England,False,-1.7131865376779887
2022-06-07,England,Germany,True,0.8408825397108919
2022-06-07,Italy,Hungary,False,0.13636728729694791
2022-06-07,Hungary,Italy,True,-0.07194247507648546
2022-06-07,Lithuania,Turkey,True,-5.0001280890961543e-05
2022-06-07,Turkey,Lithuania,False,9.782722062467997e-05
2022-06-07,United Arab Emirates,Australia,False,-0.9813744099795432
2022-06-07,Australia,United Arab Emirates,False,1.746504929753241
2022-06-08,Belgium,Poland,False,0.011061440059818128
2022-06-08,Poland,Belgium,True,-0.0058144744852135465
2022-06-08,Republic of Ireland,Ukraine,True,-0.12319864825378944
2022-06-08,Ukraine,Republic of Ireland,False,0.22740882050646416
2022-06-08,Scotland,Armenia,False,0.007016914603541036
2022-06-08,Armenia,Scotland,True,-0.0036548143445474406
2022-06-08,Wales,Netherlands,True,-0.11560566523675306
2022-06-08,Netherlands,Wales,False,0.21353551121810277
2022-06-09,Gibraltar,Bulgaria,False,0.16114560376066644
2022-06-09,Bulgaria,Gibraltar,False,-0.4520209637218553
2022-06-09,Greece,Cyprus,False,7.068058561587875e-05
2022-06-09,Cyprus,Greece,True,-3.603817523958039e-05
2022-06-09,Kosovo,Northern Ireland,False,0.01402454013146226
2022-06-09,Northern Ireland,Kosovo,True,-0.0073912927904098615
2022-06-09,Malta,Estonia,False,-1.070139299984645
2022-06-09,Estonia,Malta,False,1.8686036073207968
2022-06-09,North Macedonia,Georgia,True,-0.011503805042246313
2022-06-09,Georgia,North Macedonia,False,0.02156198758137462
2022-06-09,Portugal,Czech Republic,False,0.006637837425979232
2022-06-09,Czech Republic,Portugal,True,-0.0034509494824186793
2022-06-09,Sweden,Serbia,True,-0.21547283316080285
2022-06-09,Serbia,Sweden,False,0.37835931896685127
2022-06-09,Switzerland,Spain,True,-0.12414951030742462
2022-06-09,Spain,Switzerland,False,0.22782681980902053
2022-06-10,Albania,Israel,True,-0.17236554274821084
2022-06-10,Israel,Albania,False,0.3094277992439758
2022-06-10,Andorra,Liechtenstein,False,1.8524956214485255
2022-06-10,Liechtenstein,Andorra,False,-0.988845325788309
2022-06-10,Austria,France,False,-1.6121483369647924
2022-06-10,France,Austria,True,0.7789013913281547
2022-06-10,Azerbaijan,Slovakia,False,-0.9548259795974596
2022-06-10,Slovakia,Azerbaijan,False,1.7109285771730671
2022-06-10,Belarus,Kazakhstan,True,0.8572009176364792
2022-06-10,Kazakhstan,Belarus,False,-1.7391284966353733
2022-06-10,Denmark,Croatia,True,-0.1770645020161611
2022-06-10,Croatia,Denmark,False,0.3174554955184057
2022-06-10,Moldova,Latvia,True,-0.006381237097623591
2022-06-10,Latvia,Moldova,False,0.012156709386029974
2022-06-11,Faroe Islands,Lithuania,False,0.1704900809658576
2022-06-11,Lithuania,Faroe Islands,True,-0.09069602667873375
2022-06-11,Hungary,Germany,False,0.010186896359352549
2022-06-11,Germany,Hungary,False,-0.3058655344382788
2022-06-11,Luxembourg,Turkey,True,-0.08869293057766295
2022-06-11,Turkey,Luxembourg,False,0.16603088868847227
2022-06-11,Montenegro,Bosnia and Herzegovina,True,0.8594032949146989
2022-06-11,Bosnia and Herzegovina,Montenegro,False,-1.743570353653785
2022-06-11,Netherlands,Poland,False,-0.35731341847584686
2022-06-11,Poland,Netherlands,False,0.04023162206107167
2022-06-11,Republic of Ireland,Scotland,False,0.0004256692556485753
2022-06-11,Scotland,Republic of Ireland,True,-0.00022023706041713058
2022-06-11,Romania,Finland,False,0.16280156588206784
2022-06-11,Finland,Romania,True,-0.08648401655750369
2022-06-11,Ukraine,Armenia,False,0.14171901686915112
2022-06-11,Armenia,Ukraine,True,-0.07511390593666044
2022-06-11,Wales,Belgium,True,0.8923939652134802
2022-06-11,Belgium,Wales,False,-1.8003464115670793
2022-06-12,Greece,Kosovo,False,0.17807594284085937
2022-06-12,Kosovo,Greece,True,-0.09518305503236504
2022-06-12,Malta,San Marino,False,0.053581129024322216
2022-06-12,San Marino,Malta,True,-0.027387972533256172
2022-06-12,North Macedonia,Gibraltar,False,1.1700445190498954e-07
2022-06-12,Gibraltar,North Macedonia,True,-5.9021187759266245e-08
2022-06-12,Northern Ireland,Cyprus,True,0.7570033281652346
2022-06-12,Cyprus,Northern Ireland,False,-1.5763615948659013
2022-06-12,Norway,Sweden,False,0.27746827889806225
2022-06-12,Sweden,Norway,True,-0.15359598870004157
2022-06-12,Slovenia,Serbia,False,-0.1056826256636263
2022-06-12,Serbia,Slovenia,False,-0.12076451760917717
2022-06-12,Spain,Czech Republic,False,0.0049712981277267865
2022-06-12,Czech Republic,Spain,True,-0.0025730903787501906
2022-06-12,Switzerland,Portugal,False,0.3250131678836703
2022-06-12,Portugal,Switzerland,True,-0.18216194149057832
2022-06-13,Azerbaijan,Belarus,False,1.8991728214617214
2022-06-13,Belarus,Azerbaijan,False,-1.122416037366298
2022-06-13,Denmark,Austria,False,0.009113734358474623
2022-06-13,Austria,Denmark,True,-0.00476048988921744
2022-06-13,France,Croatia,True,-0.24993845583969854
2022-06-13,Croatia,France,False,0.4329198706488868
2022-06-13,Iceland,Israel,False,-0.24705925508580728
2022-06-13,Israel,Iceland,False,-0.0792590113546432
2022-06-13,Kazakhstan,Slovakia,False,0.39703986702498995
2022-06-13,Slovakia,Kazakhstan,True,-0.22647132463688835
2022-06-14,Armenia,Scotland,True,-0.000249450093946886
2022-06-14,Scotland,Armenia,False,0.00048078285179675717
2022-06-14,Bosnia and Herzegovina,Finland,False,0.2127179375207131
2022-06-14,Finland,Bosnia and Herzegovina,True,-0.11498413827386811
2022-06-14,Costa Rica,New Zealand,False,0.1648939176552653
2022-06-14,New Zealand,Costa Rica,True,-0.08760167998406856
2022-06-14,England,Hungary,True,-0.03860615201512593
2022-06-14,Hungary,England,False,0.06909317402084314
2022-06-14,Germany,Italy,False,3.8578036631875534e-07
2022-06-14,Italy,Germany,True,-1.9726876246143128e-07
2022-06-14,Liechtenstein,Latvia,True,-0.0010882182361047718
2022-06-14,Latvia,Liechtenstein,False,0.0021310128909215464
2022-06-14,Luxembourg,Faroe Islands,False,-0.19977860519309143
2022-06-14,Faroe Islands,Luxembourg,False,-0.023398124866208736
2022-06-14,Moldova,Andorra,False,0.10054580530769597
2022-06-14,Andorra,Moldova,True,-0.05217632418155371
2022-06-14,Netherlands,Wales,False,0.1580556846809067
2022-06-14,Wales,Netherlands,True,-0.08412938091163466
2022-06-14,Poland,Belgium,True,-0.14280884251333867
2022-06-14,Belgium,Poland,False,0.2589408257984589
2022-06-14,Romania,Montenegro,True,-0.0012995668297914626
2022-06-14,Montenegro,Romania,False,0.0024476466589078427
2022-06-14,Turkey,Lithuania,False,0.0023885427429028994
2022-06-14,Lithuania,Turkey,True,-0.0012237275637129981
2022-06-14,Ukraine,Republic of Ireland,False,-0.13571095545280265
2022-06-14,Republic of Ireland,Ukraine,False,-0.05495282602533025
2022-09-21,Scotland,Ukraine,False,0.25961479331044135
2022-09-21,Ukraine,Scotland,True,-0.14248851574653595
2022-09-22,Belgium,Wales,False,0.1474353119809937
2022-09-22,Wales,Belgium,True,-0.07819456737989106
2022-09-22,Croatia,Denmark,False,0.2402556386926804
2022-09-22,Denmark,Croatia,True,-0.1310030851226836
2022-09-22,France,Austria,False,0.006770979978512948
2022-09-22,Austria,France,True,-0.0035202351275949017
2022-09-22,Kazakhstan,Belarus,False,1.870483388747711
2022-09-22,Belarus,Kazakhstan,False,-1.1088622097078444
2022-09-22,Latvia,Moldova,True,-0.16314217650594476
2022-09-22,Moldova,Latvia,False,0.29531152015913964
2022-09-22,Liechtenstein,Andorra,True,-0.061153855420651
2022-09-22,Andorra,Liechtenstein,False,0.1173998615592442
2022-09-22,Lithuania,Faroe Islands,False,-0.11184339033599766
2022-09-22,Faroe Islands,Lithuania,False,-0.08774761008636833
2022-09-22,Poland,Netherlands,True,-0.0117708104146218
2022-09-22,Netherlands,Poland,False,0.0219989329399235
2022-09-22,Slovakia,Azerbaijan,True,-0.29685758211789903
2022-09-22,Azerbaijan,Slovakia,False,0.5056718261519584
2022-09-22,Turkey,Luxembourg,True,0.6355027845919412
2022-09-22,Luxembourg,Turkey,False,-1.3968334776837859
2022-09-23,Bosnia and Herzegovina,Montenegro,False,0.1917034219772562
2022-09-23,Montenegro,Bosnia and Herzegovina,True,-0.10308536755030802
2022-09-23,Bulgaria,Gibraltar,False,2.159071295260162e-05
2022-09-23,Gibraltar,Bulgaria,True,-1.0944517713129979e-05
2022-09-23,Estonia,Malta,False,1.7794469518278873
2022-09-23,Malta,Estonia,False,-0.9919888078529777
2022-09-23,Finland,Romania,False,-0.08691038842586618
2022-09-23,Romania,Finland,False,-0.12489108098064516
2022-09-23,Georgia,North Macedonia,False,0.012729203310736459
2022-09-23,North Macedonia,Georgia,True,-0.006697844524212288
2022-09-23,Germany,Hungary,True,-0.3494611900925
2022-09-23,Hungary,Germany,False,0.5805361799822792
2022-09-23,Italy,England,False,0.2473987084494942
2022-09-23,England,Italy,True,-0.13494726743716945
2022-09-24,Armenia,Ukraine,True,-0.00018359691615053134
2022-09-24,Ukraine,Armenia,False,0.0003550332401824896
2022-09-24,Cyprus,Greece,False,0.3709198980363855
2022-09-24,Greece,Cyprus,True,-0.20968019466679422
2022-09-24,Czech Republic,Portugal,True,-0.00022245358719358077
2022-09-24,Portugal,Czech Republic,False,0.0004294869384433575
2022-09-24,Israel,Albania,False,0.2331157662445693
2022-09-24,Albania,Israel,True,-0.12697553063636527
2022-09-24,Northern Ireland,Kosovo,True,2.8331757740091987
2022-09-24,Kosovo,Northern Ireland,False,-2.6990426720493104
2022-09-24,Scotland,Republic of Ireland,False,1.8326259681136174
2022-09-24,Republic of Ireland,Scotland,False,-1.0477512296353306
2022-09-24,Serbia,Sweden,False,0.001142228823403979
2022-09-24,Sweden,Serbia,True,-0.000599211293474158
2022-09-24,Slovenia,Norway,False,1.907361243975408
2022-09-24,Norway,Slovenia,False,-1.1379086110037915
2022-09-24,Spain,Switzerland,True,-0.29255175368390945
2022-09-24,Switzerland,Spain,False,0.49741733865295057
2022-09-25,Andorra,Latvia,True,0.9410260272963094
2022-09-25,Latvia,Andorra,False,-1.8868127295705373
2022-09-25,Austria,Croatia,True,-0.01143753942163309
2022-09-25,Croatia,Austria,False,0.021425769272320316
2022-09-25,Azerbaijan,Kazakhstan,False,0.01468682675396904
2022-09-25,Kazakhstan,Azerbaijan,True,-0.007750928719670189
2022-09-25,Denmark,France,False,0.021399439912866303
2022-09-25,France,Denmark,True,-0.011411558564253733
2022-09-25,Faroe Islands,Turkey,False,0.06563769786286233
2022-09-25,Turkey,Faroe Islands,True,-0.036594625364718567
2022-09-25,Luxembourg,Lithuania,False,1.7743454189579804
2022-09-25,Lithuania,Luxembourg,False,-0.9944139609628638
2022-09-25,Moldova,Liechtenstein,False,1.6895106648733562
2022-09-25,Liechtenstein,Moldova,False,-0.898614098395254
2022-09-25,Netherlands,Belgium,False,0.3014812946539527
2022-09-25,Belgium,Netherlands,True,-0.16846554558566618
2022-09-25,Slovakia,Belarus,False,-0.2566725231721585
2022-09-25,Belarus,Slovakia,False,0.0324091198424723
2022-09-25,Wales,Poland,True,-0.1566444148829203
2022-09-25,Poland,Wales,False,0.2835401060705496
2022-09-26,England,Germany,False,-0.23495223082958683
2022-09-26,Germany,England,False,-0.044199481090417825
2022-09-26,Gibraltar,Georgia,True,-0.03762683844100599
2022-09-26,Georgia,Gibraltar,False,0.07281833196167176
2022-09-26,Hungary,Italy,True,-0.004898346935628742
2022-09-26,Italy,Hungary,False,0.009376261850607026
2022-09-26,Montenegro,Finland,True,-0.007838807841182491
2022-09-26,Finland,Montenegro,False,0.014855423173526283
2022-09-26,North Macedonia,Bulgaria,True,-0.19793170648293712
2022-09-26,Bulgaria,North Macedonia,False,0.35136068542215515
2022-09-26,Romania,Bosnia and Herzegovina,False,0.010560180762804627
2022-09-26,Bosnia and Herzegovina,Romania,True,-0.0055328717886237635
2022-09-26,San Marino,Estonia,True,-4.866476715993325e-06
2022-09-26,Estonia,San Marino,False,9.635594912626999e-06
2022-09-27,Albania,Iceland,False,-1.7735870803434777
2022-09-27,Iceland,Albania,True,0.8772014247487439
2022-09-27,Greece,Northern Ireland,False,0.15637381142452034
2022-09-27,Northern Ireland,Greece,True,-0.0827424127257582
2022-09-27,Kosovo,Cyprus,False,4.669069264995329e-06
2022-09-27,Cyprus,Kosovo,True,-2.3847852900086624e-06
2022-09-27,Norway,Serbia,True,-0.020731241789979243
2022-09-27,Serbia,Norway,False,0.038047908599520674
2022-09-27,Portugal,Spain,False,-1.1279112420006898
2022-09-27,Spain,Portugal,False,1.8641620484939543
2022-09-27,Republic of Ireland,Armenia,False,1.6210109595056486
2022-09-27,Armenia,Republic of Ireland,False,-0.9038292920724085
2022-09-27,Sweden,Slovenia,False,-0.24705878664321812
2022-09-27,Slovenia,Sweden,False,0.010839664977344565
2022-09-27,Switzerland,Czech Republic,False,0.1964706214991816
2022-09-27,Czech Republic,Switzerland,True,-0.10607609664391056
2022-11-16,Latvia,Estonia,False,-0.13189250180637524
2022-11-16,Estonia,Latvia,False,-0.07122467743583205
2022-11-19,Estonia,Lithuania,False,0.15858893991556977
2022-11-19,Lithuania,Estonia,True,-0.08403744858612777
2022-11-19,Latvia,Iceland,False,0.02356795185936089
2022-11-19,Iceland,Latvia,False,-0.2864398393691858
2022-11-20,Qatar,Ecuador,True,-0.005026179829955106
2022-11-20,Ecuador,Qatar,False,0.00960530173287344
2022-11-21,England,Iran,False,1.9208961452577e-06
2022-11-21,Iran,England,True,-9.766185408236021e-07
2022-11-21,Senegal,Netherlands,False,-1.0250466761296564
2022-11-21,Netherlands,Senegal,False,1.785409113654629
2022-11-21,United States,Wales,False,-1.7777420571000948
2022-11-21,Wales,United States,True,0.879851483686832
2022-11-22,Argentina,Saudi Arabia,True,-0.3074841962064864
2022-11-22,Saudi Arabia,Argentina,False,0.5222309641102565
2022-11-22,France,Australia,False,0.00012688330270504977
2022-11-22,Australia,France,True,-6.495228996945849e-05
2022-11-23,Belgium,Canada,False,0.15307065897321825
2022-11-23,Canada,Belgium,True,-0.08134963222944466
2022-11-23,Germany,Japan,False,-1.2799893998375027
2022-11-23,Japan,Germany,False,2.000020433080807
2022-11-23,Spain,Costa Rica,False,7.377563004951071e-09
2022-11-23,Costa Rica,Spain,True,-3.727226768885888e-09
2022-11-24,Brazil,Serbia,False,0.0054322786211677965
2022-11-24,Serbia,Brazil,True,-0.002811467398118595
2022-11-24,Portugal,Ghana,False,1.6367182741860682
2022-11-24,Ghana,Portugal,False,-0.8989462544156688
2022-11-24,Switzerland,Cameroon,False,0.15359971949909257
2022-11-24,Cameroon,Switzerland,True,-0.0813824851926818
2022-11-25,Netherlands,Ecuador,False,-0.21362037647393217
2022-11-25,Ecuador,Netherlands,False,-0.03276654744552232
2022-11-25,Qatar,Senegal,True,-0.004910159501817014
2022-11-25,Senegal,Qatar,False,0.009390822988837755
2022-11-25,Wales,Iran,False,-1.0834046881882609
2022-11-25,Iran,Wales,False,1.8974722525844399
2022-11-26,Argentina,Mexico,False,0.13472151263810384
2022-11-26,Mexico,Argentina,True,-0.07090076547086448
2022-11-26,France,Denmark,False,1.8176276956204829
2022-11-26,Denmark,France,False,-1.0348787450837675
2022-11-26,Poland,Saudi Arabia,False,0.1579460044135379
2022-11-26,Saudi Arabia,Poland,True,-0.08392625327462495
2022-11-26,Tunisia,Australia,True,-0.11221496010411777
2022-11-26,Australia,Tunisia,False,0.20836854701005647
2022-11-27,Belgium,Morocco,True,-0.14289673718931276
2022-11-27,Morocco,Belgium,False,0.26125586481379637
2022-11-27,Croatia,Canada,False,0.00885235584312749
2022-11-27,Canada,Croatia,True,-0.004620656860863466
2022-11-27,Japan,Costa Rica,False,-1.229357848845096
2022-11-27,Costa Rica,Japan,False,1.9910261118821997
2022-11-27,Spain,Germany,False,-1.7619056607411867
2022-11-27,Germany,Spain,True,0.869892729872952
2022-11-28,Brazil,Switzerland,False,1.7439114134923357
2022-11-28,Switzerland,Brazil,False,-0.9874812032667235
2022-11-28,Cameroon,Serbia,False,-0.04483325494031609
2022-11-28,Serbia,Cameroon,False,-0.1757665125147745
2022-11-28,Portugal,Uruguay,False,0.19958904143149958
2022-11-28,Uruguay,Portugal,True,-0.10728957161647835
2022-11-28,South Korea,Ghana,True,-0.13278420502803082
2022-11-28,Ghana,South Korea,False,0.2440931723564228
2022-11-29,Ecuador,Senegal,True,-0.12241415499676209
2022-11-29,Senegal,Ecuador,False,0.22617007718497772
2022-11-29,Iran,United States,True,-0.12748110100282528
2022-11-29,United States,Iran,False,0.23485634008963263
2022-11-29,Qatar,Netherlands,True,-0.003972771160294475
2022-11-29,Netherlands,Qatar,False,0.00761391400420397
2022-11-29,Wales,England,True,-5.090474506837654e-05
2022-11-29,England,Wales,False,9.965428917269037e-05
2022-11-30,Australia,Denmark,False,0.3113511636197903
2022-11-30,Denmark,Australia,True,-0.17284717851726922
2022-11-30,Poland,Argentina,True,-0.0032795346226497935
2022-11-30,Argentina,Poland,False,0.0063226535343337
2022-11-30,Saudi Arabia,Mexico,True,-0.002915206217019683
2022-11-30,Mexico,Saudi Arabia,False,0.0056339619201231095
2022-11-30,Tunisia,France,False,0.43708490449598436
2022-11-30,France,Tunisia,True,-0.2516671790512274
2022-12-01,Canada,Morocco,True,-0.07360440066040219
2022-12-01,Morocco,Canada,False,0.13980571505287065
2022-12-01,Costa Rica,Germany,False,-0.888110972983276
2022-12-01,Germany,Costa Rica,False,1.5907962493364776
2022-12-01,Japan,Spain,False,0.44939364166756723
2022-12-01,Spain,Japan,True,-0.26020948120196874
2022-12-02,Cameroon,Brazil,False,2.121467817546443
2022-12-02,Brazil,Cameroon,False,-1.3730553412567343
2022-12-02,Ghana,Uruguay,True,-0.002477223754334214
2022-12-02,Uruguay,Ghana,False,0.004799718750344795
2022-12-02,Serbia,Switzerland,True,-0.11992636447128324
2022-12-02,Switzerland,Serbia,False,0.22101536358033247
2022-12-02,South Korea,Portugal,False,2.0610677650985116
2022-12-02,Portugal,South Korea,False,-1.3014693084147904
2022-12-03,Argentina,Australia,False,0.003999006267589866
2022-12-03,Australia,Argentina,True,-0.002058903190774652
2022-12-03,Netherlands,United States,False,0.00951471210161392
2022-12-03,United States,Netherlands,True,-0.004976054253109635
2022-12-04,England,Senegal,False,0.0001525132278819008
2022-12-04,Senegal,England,True,-7.815385321061366e-05
2022-12-04,France,Poland,False,0.008209136942467943
2022-12-04,Poland,France,True,-0.004280620474668503
2022-12-05,Brazil,South Korea,False,8.336512022921738e-07
2022-12-05,South Korea,Brazil,True,-4.225848427087757e-07
2022-12-05,Japan,Croatia,False,-0.055879092424425014
2022-12-05,Croatia,Japan,False,-0.18771659132120444
2022-12-06,Portugal,Switzerland,False,1.075719667964492e-05
2022-12-06,Switzerland,Portugal,True,-5.518683189487093e-06
2022-12-09,Netherlands,Argentina,True,0.9937721840763484
2022-12-09,Argentina,Netherlands,False,-1.988139942135032
2022-12-10,England,France,False,-1.0979576833093068
2022-12-10,France,England,False,1.8795655084149274
2022-12-10,Morocco,Portugal,False,0.24992992359414856
2022-12-10,Portugal,Morocco,True,-0.13611032179867258
2022-12-13,Argentina,Croatia,False,0.0002284350423709114
2022-12-13,Croatia,Argentina,True,-0.00011747629531532045
2022-12-14,France,Morocco,False,0.15546839320589
2022-12-14,Morocco,France,True,-0.08225105655529516
2022-12-17,Croatia,Morocco,False,0.2108018259016471
2022-12-17,Morocco,Croatia,True,-0.11346414763051903
2022-12-18,Argentina,France,False,-1.9869438628152318
2022-12-18,France,Argentina,True,0.9931334048139688
2023-03-23,Bosnia and Herzegovina,Iceland,False,0.001047968851627168
2023-03-23,Iceland,Bosnia and Herzegovina,True,-0.0005491459273741842
2023-03-23,Denmark,Finland,False,1.642478646616245
2023-03-23,Finland,Denmark,False,-0.8975559928211039
2023-03-23,Italy,England,True,-0.12683297863926787
2023-03-23,England,Italy,False,0.2334913278048889
2023-03-23,Kazakhstan,Slovenia,False,-1.0028650330241662
2023-03-23,Slovenia,Kazakhstan,False,1.780234657869466
2023-03-23,North Macedonia,Malta,False,0.0034650884074389765
2023-03-23,Malta,North Macedonia,True,-0.0017815331913577338
2023-03-23,Portugal,Liechtenstein,False,1.474855793048846e-09
2023-03-23,Liechtenstein,Portugal,True,-7.398171626808746e-10
2023-03-23,San Marino,Northern Ireland,True,-0.00014903495492452426
2023-03-23,Northern Ireland,San Marino,False,0.0002955138675897473
2023-03-24,Austria,Azerbaijan,False,5.794839788597628e-05
2023-03-24,Azerbaijan,Austria,True,-2.952230991818984e-05
2023-03-24,Bulgaria,Montenegro,True,-0.1512952462907999
2023-03-24,Montenegro,Bulgaria,False,0.2747609783286302
2023-03-24,Czech Republic,Poland,False,0.0013569592640525485
2023-03-24,Poland,Czech Republic,True,-0.0007138523716290996
2023-03-24,France,Netherlands,False,0.0006065057585598055
2023-03-24,Netherlands,France,True,-0.00031547979997161344
2023-03-24,Gibraltar,Greece,True,-2.454879198531063e-06
2023-03-24,Greece,Gibraltar,False,4.869079920588604e-06
2023-03-24,Moldova,Faroe Islands,True,0.8802884607100566
2023-03-24,Faroe Islands,Moldova,False,-1.7785327480235091
2023-03-24,Serbia,Lithuania,False,0.0022367516132657528
2023-03-24,Lithuania,Serbia,True,-0.0011448930791699964
2023-03-24,Sweden,Belgium,True,-0.009809001240618419
2023-03-24,Belgium,Sweden,False,0.018437825018303933
2023-03-25,Andorra,Romania,True,-0.00047811795677047325
2023-03-25,Romania,Andorra,False,0.0009424276359388806
2023-03-25,Armenia,Turkey,True,-0.11044419435982863
2023-03-25,Turkey,Armenia,False,0.20314181246309992
2023-03-25,Belarus,Switzerland,True,-6.622351974428889e-09
2023-03-25,Switzerland,Belarus,False,1.309265496018952e-08
2023-03-25,Croatia,Wales,False,-1.8292642672543606
2023-03-25,Wales,Croatia,True,0.908914970983636
2023-03-25,Israel,Kosovo,False,-0.2541256359497217
2023-03-25,Kosovo,Israel,False,-0.06104667672228725
2023-03-25,Scotland,Cyprus,False,0.11746568558483617
2023-03-25,Cyprus,Scotland,True,-0.06173313285808069
2023-03-25,Spain,Norway,False,0.14298367367128462
2023-03-25,Norway,Spain,True,-0.07598153452665353
2023-03-26,England,Ukraine,False,0.0055782175320646665
2023-03-26,Ukraine,England,True,-0.0028887069227715124
2023-03-26,Kazakhstan,Denmark,True,2.943156980764585
2023-03-26,Denmark,Kazakhstan,False,-2.891351433794209
2023-03-26,Liechtenstein,Iceland,True,-2.837926603400831e-10
2023-03-26,Iceland,Liechtenstein,False,5.640314881816266e-10
2023-03-26,Luxembourg,Portugal,True,-3.6469492637361204e-07
2023-03-26,Portugal,Luxembourg,False,7.195140709903569e-07
2023-03-26,Malta,Italy,True,-0.0006847681379092353
2023-03-26,Italy,Malta,False,0.001344936699850141
2023-03-26,Northern Ireland,Finland,True,-0.13920436901630517
2023-03-26,Finland,Northern Ireland,False,0.25513369460178703
2023-03-26,Slovakia,Bosnia and Herzegovina,False,0.010917430231188963
2023-03-26,Bosnia and Herzegovina,Slovakia,True,-0.005725470662946918
2023-03-26,Slovenia,San Marino,False,0.0001381579576049674
2023-03-26,San Marino,Slovenia,True,-6.951368809373071e-05
2023-03-27,Austria,Estonia,False,1.5073432886603375
2023-03-27,Estonia,Austria,False,-0.8166821479922619
2023-03-27,Hungary,Bulgaria,False,0.00019264790863182668
2023-03-27,Bulgaria,Hungary,True,-9.897256245850666e-05
2023-03-27,Montenegro,Serbia,False,-1.024177994414672
2023-03-27,Serbia,Montenegro,False,1.7630067088040144
2023-03-27,Netherlands,Gibraltar,False,0.00023353770898459913
2023-03-27,Gibraltar,Netherlands,True,-0.00011796041404057807
2023-03-27,Poland,Albania,False,0.15145257242193244
2023-03-27,Albania,Poland,True,-0.08026352597738474
2023-03-27,Republic of Ireland,France,True,-0.07305195863501013
2023-03-27,France,Republic of Ireland,False,0.13852610029989076
2023-03-27,Sweden,Azerbaijan,False,0.002953713760127652
2023-03-27,Azerbaijan,Sweden,True,-0.0015169050970764448
2023-03-28,Georgia,Norway,False,-0.06214259586404025
2023-03-28,Norway,Georgia,False,-0.2065958928835956
2023-03-28,Kosovo,Andorra,False,-0.49052655184712757
2023-03-28,Andorra,Kosovo,False,0.20489385433633234
2023-03-28,Romania,Belarus,False,0.004949762878046382
2023-03-28,Belarus,Romania,True,-0.0025573365013428933
2023-03-28,Scotland,Spain,False,0.05851426840560148
2023-03-28,Spain,Scotland,True,-0.03245011084963825
2023-03-28,Switzerland,Israel,False,0.00038893143596618884
2023-03-28,Israel,Switzerland,True,-0.00020146316632507796
2023-03-28,Turkey,Croatia,True,-0.01171535308756429
2023-03-28,Croatia,Turkey,False,0.02191501518457084
2023-03-28,Wales,Latvia,False,0.0856927611410443
2023-03-28,Latvia,Wales,True,-0.04439279343467691
2023-06-14,Netherlands,Croatia,True,0.764608792261996
2023-06-14,Croatia,Netherlands,False,-1.5905924765864015
2023-06-15,Spain,Italy,False,1.8001834235316068
2023-06-15,Italy,Spain,False,-1.0215330519278425
2023-06-16,Andorra,Switzerland,True,-0.02283214714793387
2023-06-16,Switzerland,Andorra,False,0.04473415746559706
2023-06-16,Belarus,Israel,False,-2.614544603746367
2023-06-16,Israel,Belarus,True,2.780368335178719
2023-06-16,Denmark,Northern Ireland,False,0.11059513321381509
2023-06-16,Northern Ireland,Denmark,True,-0.05774015406013404
2023-06-16,Finland,Slovenia,False,0.01119858582034361
2023-06-16,Slovenia,Finland,True,-0.005866333298183792
2023-06-16,Gibraltar,France,True,-8.67921064759914e-05
2023-06-16,France,Gibraltar,False,0.00017220532949435707
2023-06-16,Greece,Republic of Ireland,False,0.17100766250936772
2023-06-16,Republic of Ireland,Greece,True,-0.09088408131541889
2023-06-16,Latvia,Turkey,True,-0.0726672201408671
2023-06-16,Turkey,Latvia,False,0.13745811447635026
2023-06-16,Malta,England,True,-6.000772501420069e-06
2023-06-16,England,Malta,False,1.1865628740448386e-05
2023-06-16,North Macedonia,Ukraine,False,-1.0397722800626799
2023-06-16,Ukraine,North Macedonia,False,1.7907925053006337
2023-06-16,San Marino,Kazakhstan,True,-0.0002960372343000041
2023-06-16,Kazakhstan,San Marino,False,0.0005851682341844189
2023-06-16,Wales,Armenia,True,-0.04915635346817989
2023-06-16,Armenia,Wales,False,0.08681332446374945
2023-06-17,Albania,Moldova,False,0.0869429452983046
2023-06-17,Moldova,Albania,True,-0.045003825811896055
2023-06-17,Azerbaijan,Estonia,False,-0.15474234830146916
2023-06-17,Estonia,Azerbaijan,False,-0.05635385483796518
2023-06-17,Belgium,Austria,False,-0.3637176791364769
2023-06-17,Austria,Belgium,False,0.05957115655855394
2023-06-17,Cyprus,Georgia,False,-1.017462306943579
2023-06-17,Georgia,Cyprus,False,1.7619890599684132
2023-06-17,Faroe Islands,Czech Republic,True,-7.534426600918773e-05
2023-06-17,Czech Republic,Faroe Islands,False,0.00014698762951059763
2023-06-17,Iceland,Slovakia,True,-0.1580943981827151
2023-06-17,Slovakia,Iceland,False,0.2855102565702441
2023-06-17,Lithuania,Bulgaria,False,-0.03291375753018433
2023-06-17,Bulgaria,Lithuania,False,-0.18799317923091152
2023-06-17,Luxembourg,Liechtenstein,False,0.059907833100796726
2023-06-17,Liechtenstein,Luxembourg,True,-0.03071300955916115
2023-06-17,Norway,Scotland,False,-2.774684177613039
2023-06-17,Scotland,Norway,True,2.87733000406457
2023-06-17,Portugal,Bosnia and Herzegovina,False,0.11778143857565215
2023-06-17,Bosnia and Herzegovina,Portugal,True,-0.06199903277950777
2023-06-18,Netherlands,Italy,True,-0.01628957050502954
2023-06-18,Italy,Netherlands,False,0.030189418888740605
2023-06-19,Armenia,Latvia,False,1.7568022017547371
2023-06-19,Latvia,Armenia,False,-1.023331614384301
2023-06-19,Belarus,Kosovo,False,0.025329699594034416
2023-06-19,Kosovo,Belarus,True,-0.01357358480068617
2023-06-19,England,North Macedonia,False,1.9895196601282805e-13
2023-06-19,North Macedonia,England,True,-9.996322702270992e-14
2023-06-19,Finland,San Marino,False,1.1307843550412144e-11
2023-06-19,San Marino,Finland,True,-5.670898900446311e-12
2023-06-19,France,Greece,False,0.10639313247223914
2023-06-19,Greece,France,True,-0.055567606069842665
2023-06-19,Israel,Andorra,False,0.06118135972120431
2023-06-19,Andorra,Israel,True,-0.03146679587192564
2023-06-19,Northern Ireland,Kazakhstan,False,-1.299747097836983
2023-06-19,Kazakhstan,Northern Ireland,False,2.060159823461288
2023-06-19,Republic of Ireland,Gibraltar,False,0.0005028014334009789
2023-06-19,Gibraltar,Republic of Ireland,True,-0.00025435030650387537
2023-06-19,Slovenia,Denmark,False,-0.012699834151960188
2023-06-19,Denmark,Slovenia,False,-0.19431337593096076
2023-06-19,Switzerland,Romania,False,-1.9916191795930374
2023-06-19,Romania,Switzerland,True,0.9956287810241197
2023-06-19,Turkey,Wales,False,0.2327550718694411
2023-06-19,Wales,Turkey,True,-0.12671332603433821
2023-06-19,Ukraine,Malta,False,0.0756768875155096
2023-06-19,Malta,Ukraine,True,-0.0390666350776027
2023-06-20,Austria,Sweden,False,1.8201510620782528
2023-06-20,Sweden,Austria,False,-1.086728263619523
2023-06-20,Bosnia and Herzegovina,Luxembourg,True,-0.030154684007293382
2023-06-20,Luxembourg,Bosnia and Herzegovina,False,0.054579218720976375
2023-06-20,Bulgaria,Serbia,False,-1.5935025793282875
2023-06-20,Serbia,Bulgaria,True,0.7670230239707168
2023-06-20,Estonia,Belgium,True,-0.0013259283247799934
2023-06-20,Belgium,Estonia,False,0.002585338417874894
2023-06-20,Faroe Islands,Albania,True,-0.0727694355102717
2023-06-20,Albania,Faroe Islands,False,0.13828170671555107
2023-06-20,Hungary,Lithuania,False,0.08922801257976998
2023-06-20,Lithuania,Hungary,True,-0.04632632216548578
2023-06-20,Iceland,Portugal,False,-0.9340731090265624
2023-06-20,Portugal,Iceland,False,1.6275626778800267
2023-06-20,Liechtenstein,Slovakia,True,-0.02139326885404465
2023-06-20,Slovakia,Liechtenstein,False,0.04197867015355783
2023-06-20,Moldova,Poland,True,2.9451465528295215
2023-06-20,Poland,Moldova,False,-2.895138933969334
2023-06-20,Norway,Cyprus,False,8.815538553719193e-05
2023-06-20,Cyprus,Norway,True,-4.505191018491835e-05
2023-06-20,Scotland,Georgia,False,0.010300433819562471
2023-06-20,Georgia,Scotland,True,-0.005395551782064748
2023-06-24,United States,Jamaica,True,0.7187153553326765
2023-06-24,Jamaica,United States,False,-1.5180997325418075
2023-06-25,Haiti,Qatar,False,1.9240952098575814
2023-06-25,Qatar,Haiti,False,-1.1859459367559961
2023-06-25,Mexico,Honduras,False,8.922583146597773e-05
2023-06-25,Honduras,Mexico,True,-4.555626650706187e-05
2023-06-25,Trinidad and Tobago,Saint Kitts and Nevis,False,0.00017377108324323487
2023-06-25,Saint Kitts and Nevis,Trinidad and Tobago,True,-8.92254442582363e-05
2023-06-26,Costa Rica,Panama,True,-0.01033939412488186
2023-06-26,Panama,Costa Rica,False,0.019451329413804785
2023-06-26,El Salvador,Martinique,True,-0.007860812024204657
2023-06-26,Martinique,El Salvador,False,0.014908099186556889
2023-06-27,Canada,Guadeloupe,False,-1.926690128309307
2023-06-27,Guadeloupe,Canada,True,0.9620205442808956
2023-06-27,Guatemala,Cuba,False,0.13920992409002597
2023-06-27,Cuba,Guatemala,True,-0.0734906992883763
2023-06-28,Jamaica,Trinidad and Tobago,False,0.008804928909204701
2023-06-28,Trinidad and Tobago,Jamaica,True,-0.004593447829589194
2023-06-28,United States,Saint Kitts and Nevis,False,4.634599370945125e-10
2023-06-28,Saint Kitts and Nevis,United States,True,-2.3323346302520147e-10
2023-06-29,Haiti,Mexico,True,-0.0025984677617980133
2023-06-29,Mexico,Haiti,False,0.005025632216317799
2023-06-29,Qatar,Honduras,False,-1.7747095169003835
2023-06-29,Honduras,Qatar,True,0.8777916501937874
2023-06-30,Martinique,Panama,True,-0.0026755128520345754
2023-06-30,Panama,Martinique,False,0.005174009570622751
2023-07-01,Cuba,Guadeloupe,True,-0.00028247759183500207
2023-07-01,Guadeloupe,Cuba,False,0.0005443235308804084
2023-07-02,Honduras,Haiti,False,0.25212341228460655
2023-07-02,Haiti,Honduras,True,-0.1379084992257902
2023-07-02,Jamaica,Saint Kitts and Nevis,False,5.068175212841197e-09
2023-07-02,Saint Kitts and Nevis,Jamaica,True,-2.558628571841943e-09
2023-07-02,Mexico,Qatar,True,-0.24232752940541946
2023-07-02,Qatar,Mexico,False,0.42197396167404744
2023-07-02,United States,Trinidad and Tobago,False,9.851858280285342e-07
2023-07-02,Trinidad and Tobago,United States,True,-4.999923851894258e-07
2023-07-04,Canada,Cuba,False,1.518785097687214e-11
2023-07-04,Cuba,Canada,True,-7.643448881710857e-12
2023-07-04,Costa Rica,Martinique,False,8.181182038580204e-05
2023-07-04,Martinique,Costa Rica,True,-4.1754154201575805e-05
2023-07-04,Guadeloupe,Guatemala,False,-0.9672251551496922
2023-07-04,Guatemala,Guadeloupe,False,1.729593356821029
2023-07-04,Panama,El Salvador,False,-1.868089511617205
2023-07-04,El Salvador,Panama,True,0.9307142864127731
2023-07-08,Mexico,Costa Rica,False,0.16419631776495214
2023-07-08,Costa Rica,Mexico,True,-0.08728708380090378
2023-07-08,Panama,Qatar,False,2.2459925848927753e-05
2023-07-08,Qatar,Panama,True,-1.1580134001143124e-05
2023-07-09,Guatemala,Jamaica,True,-0.1039017166901837
2023-07-09,Jamaica,Guatemala,False,0.193842425923338
2023-07-09,United States,Canada,False,-0.22249474275722836
2023-07-09,Canada,United States,False,-0.03593322433149693
2023-07-12,Jamaica,Mexico,True,-0.001956123154193807
2023-07-12,Mexico,Jamaica,False,0.0038021596335466867
2023-07-16,Mexico,Panama,False,1.7263626142552781
2023-07-16,Panama,Mexico,False,-0.9669840772059499
2023-09-07,Argentina,Ecuador,False,1.6728316766752551
2023-09-07,Ecuador,Argentina,False,-0.928327876927717
2023-09-07,Colombia,Venezuela,False,0.1337135766539448
2023-09-07,Venezuela,Colombia,True,-0.07055192756616249
2023-09-07,Czech Republic,Albania,False,-0.2244545247990004
2023-09-07,Albania,Czech Republic,False,-0.0022076259408179144
2023-09-07,Denmark,San Marino,False,1.781683827140057e-07
2023-09-07,San Marino,Denmark,True,-8.937042419270695e-08
2023-09-07,France,Republic of Ireland,False,0.003106392420465287
2023-09-07,Republic of Ireland,France,True,-0.001594758379901269
2023-09-07,Kazakhstan,Finland,False,-1.0395053651182982
2023-09-07,Finland,Kazakhstan,False,1.8085058290205227
2023-09-07,Lithuania,Montenegro,False,-1.6895581513226747
2023-09-07,Montenegro,Lithuania,True,0.827641070981646
2023-09-07,Netherlands,Greece,False,0.0001436401407302057
2023-09-07,Greece,Netherlands,True,-7.362032847558216e-05
2023-09-07,Poland,Faroe Islands,False,0.09004347483291708
2023-09-07,Faroe Islands,Poland,True,-0.0468892337322377
2023-09-07,Serbia,Hungary,True,-0.2082246424425643
2023-09-07,Hungary,Serbia,False,0.3673200468269959
2023-09-07,Slovenia,Northern Ireland,False,0.006920891630173731
2023-09-07,Northern Ireland,Slovenia,True,-0.003590651804408619
2023-09-08,Bosnia and Herzegovina,Liechtenstein,False,0.03872248001980649
2023-09-08,Liechtenstein,Bosnia and Herzegovina,True,-0.01973053433706412
2023-09-08,Brazil,Bolivia,False,5.635965472094995e-09
2023-09-08,Bolivia,Brazil,True,-2.8467255668202574e-09
2023-09-08,Croatia,Latvia,False,2.8151836417578124e-07
2023-09-08,Latvia,Croatia,True,-1.4229986505169827e-07
2023-09-08,Cyprus,Scotland,True,-0.00011716013348583283
2023-09-08,Scotland,Cyprus,False,0.00022769230310970556
2023-09-08,Georgia,Spain,True,-1.3638112564041496e-10
2023-09-08,Spain,Georgia,False,2.699249712634355e-10
2023-09-08,Luxembourg,Iceland,False,0.038998451583565075
2023-09-08,Iceland,Luxembourg,True,-0.02124887843325235
2023-09-08,Slovakia,Portugal,True,-0.09713767210691493
2023-09-08,Portugal,Slovakia,False,0.1812790766645005
2023-09-08,Turkey,Armenia,True,0.5532297025726443
2023-09-08,Armenia,Turkey,False,-1.2849593605757819
2023-09-08,Uruguay,Chile,False,0.01045209567979466
2023-09-08,Chile,Uruguay,True,-0.005474892001927716
2023-09-09,Azerbaijan,Belgium,True,-0.048465224997777355
2023-09-09,Belgium,Azerbaijan,False,0.09291532206962172
2023-09-09,Estonia,Sweden,True,-9.322548458336477e-07
2023-09-09,Sweden,Estonia,False,1.833376104709572e-06
2023-09-09,Kosovo,Switzerland,False,0.006933908369459729
2023-09-09,Switzerland,Kosovo,False,-0.29254892788351716
2023-09-09,North Macedonia,Italy,True,0.92467559848197
2023-09-09,Italy,North Macedonia,False,-1.8574922165185153
2023-09-09,Romania,Israel,False,-0.2691586316886845
2023-09-09,Israel,Romania,False,-0.018794286388271964
2023-09-09,Ukraine,England,False,0.03306540890045584
2023-09-09,England,Ukraine,False,-0.2657938748244555
2023-09-10,Albania,Poland,False,0.022724192093122042
2023-09-10,Poland,Albania,True,-0.012135334732323297
2023-09-10,Faroe Islands,Moldova,True,-0.16200055499238256
2023-09-10,Moldova,Faroe Islands,False,0.29336031269950524
2023-09-10,Finland,Denmark,False,-0.9788162803600637
2023-09-10,Denmark,Finland,False,1.7508553759677332
2023-09-10,Greece,Gibraltar,False,4.383660839213377e-06
2023-09-10,Gibraltar,Greece,True,-2.2101119577359834e-06
2023-09-10,Kazakhstan,Northern Ireland,False,0.3030674107943989
2023-09-10,Northern Ireland,Kazakhstan,True,-0.16793376816680688
2023-09-10,Lithuania,Serbia,True,-0.002065534613096727
2023-09-10,Serbia,Lithuania,False,0.0040083836516982
2023-09-10,Montenegro,Bulgaria,False,0.2072984721063631
2023-09-10,Bulgaria,Montenegro,True,-0.11187443936927433
2023-09-10,Republic of Ireland,Netherlands,True,-0.09507240737005586
2023-09-10,Netherlands,Republic of Ireland,False,0.17778298812455118
2023-09-10,San Marino,Slovenia,True,-3.025050721344364e-09
2023-09-10,Slovenia,San Marino,False,6.024997833975476e-09
2023-09-11,Armenia,Croatia,True,-0.07811257979874937
2023-09-11,Croatia,Armenia,False,0.14653307724574338
2023-09-11,Iceland,Bosnia and Herzegovina,False,1.7881353000582547
2023-09-11,Bosnia and Herzegovina,Iceland,False,-1.071346513552193
2023-09-11,Latvia,Wales,True,-0.06112783286161105
2023-09-11,Wales,Latvia,False,0.1168234721051764
2023-09-11,Portugal,Luxembourg,False,2.3455471254152371e-07
2023-09-11,Luxembourg,Portugal,True,-1.1852260333990946e-07
2023-09-11,Slovakia,Liechtenstein,False,2.082554807270043e-06
2023-09-11,Liechtenstein,Slovakia,True,-1.0480317834492662e-06
2023-09-12,Belgium,Estonia,False,1.4418142235683717e-09
2023-09-12,Estonia,Belgium,True,-7.265105600060147e-10
2023-09-12,Bolivia,Argentina,True,-0.0022474416450117057
2023-09-12,Argentina,Bolivia,False,0.004352278865886738
2023-09-12,Ecuador,Uruguay,False,0.2534887302779305
2023-09-12,Uruguay,Ecuador,True,-0.1386162175273969
2023-09-12,Israel,Belarus,False,1.651974718001537
2023-09-12,Belarus,Israel,False,-0.9607671778000303
2023-09-12,Italy,Ukraine,False,0.15890578715852843
2023-09-12,Ukraine,Italy,True,-0.0844383452435957
2023-09-12,Malta,North Macedonia,True,-0.0031461219115847144
2023-09-12,North Macedonia,Malta,False,0.006070886991972557
2023-09-12,Norway,Georgia,False,0.009507350379652113
2023-09-12,Georgia,Norway,True,-0.004975609932940525
2023-09-12,Peru,Brazil,False,-0.9776227112443446
2023-09-12,Brazil,Peru,False,1.7385834275943552
2023-09-12,Romania,Kosovo,False,1.741742820253648
2023-09-12,Kosovo,Romania,False,-0.9965816872284065
2023-09-12,Spain,Cyprus,False,1.2359557688412792e-07
2023-09-12,Cyprus,Spain,True,-6.23757951507755e-08
2023-09-12,Sweden,Austria,True,-0.0009874880327048147
2023-09-12,Austria,Sweden,False,0.0018676987139047974
2023-09-12,Switzerland,Andorra,False,0.0312612647120627
2023-09-12,Andorra,Switzerland,True,-0.01588163698024098
2023-09-12,Venezuela,Paraguay,False,1.8379537950661757
2023-09-12,Paraguay,Venezuela,False,-1.0710673766831444
2023-10-12,Afghanistan,Mongolia,False,0.15548525012636816
2023-10-12,Mongolia,Afghanistan,True,-0.08247493320713334
2023-10-12,Albania,Czech Republic,False,0.0007012759432849514
2023-10-12,Czech Republic,Albania,True,-0.00036500329344809116
2023-10-12,Andorra,Kosovo,True,-0.0009695686419839308
2023-10-12,Kosovo,Andorra,False,0.001899843664939116
2023-10-12,Argentina,Paraguay,False,0.10102242137526263
2023-10-12,Paraguay,Argentina,True,-0.05262914257728347
2023-10-12,Bolivia,Ecuador,True,-0.10803318454511371
2023-10-12,Ecuador,Bolivia,False,0.19996512036946568
2023-10-12,Brazil,Venezuela,False,-1.8882996111683856
2023-10-12,Venezuela,Brazil,True,0.9414079457109846
2023-10-12,Chile,Peru,False,0.1996100557102678
2023-10-12,Peru,Chile,True,-0.10742901852250045
2023-10-12,Colombia,Uruguay,False,-1.8171640413890122
2023-10-12,Uruguay,Colombia,True,0.90220305928577
2023-10-12,Croatia,Turkey,True,-0.25869383938651574
2023-10-12,Turkey,Croatia,False,0.44561276587705434
2023-10-12,Cyprus,Norway,True,-0.00010514784614124931
2023-10-12,Norway,Cyprus,False,0.00020446141268415374
2023-10-12,Faroe Islands,Poland,True,-0.0024920826207876
2023-10-12,Poland,Faroe Islands,False,0.004821323514940801
2023-10-12,Hong Kong,Bhutan,False,2.6645352591003757e-14
2023-10-12,Bhutan,Hong Kong,True,-1.356615988927467e-14
2023-10-12,Indonesia,Brunei,False,3.4542213533939048e-09
2023-10-12,Brunei,Indonesia,True,-1.7437639020402474e-09
2023-10-12,Latvia,Armenia,False,0.022117482611195616
2023-10-12,Armenia,Latvia,True,-0.011816240171867234
2023-10-12,Maldives,Bangladesh,False,-0.22095638970044007
2023-10-12,Bangladesh,Maldives,False,-0.027017098981868548
2023-10-12,Myanmar,Macau,False,0.11925399645279988
2023-10-12,Macau,Myanmar,True,-0.0628063107982329
2023-10-12,Nepal,Laos,False,-0.2626627234354362
2023-10-12,Laos,Nepal,False,0.010347096422623325
2023-10-12,Singapore,Guam,False,0.003201192524259877
2023-10-12,Guam,Singapore,True,-0.0016446580168978065
2023-10-12,Spain,Scotland,False,0.11678988852172711
2023-10-12,Scotland,Spain,True,-0.06142221260743207
2023-10-12,Taiwan,Timor-Leste,False,0.00017489692161687387
2023-10-12,Timor-Leste,Taiwan,True,-8.986457358474302e-05
2023-10-12,Yemen,Sri Lanka,False,0.0021236274197065086
2023-10-12,Sri Lanka,Yemen,True,-0.0010848001915200617
2023-10-13,Austria,Belgium,True,-0.009004083109086182
2023-10-13,Belgium,Austria,False,0.01696668402737922
2023-10-13,Estonia,Azerbaijan,True,-0.00905456025451572
2023-10-13,Azerbaijan,Estonia,False,0.017101985343204174
2023-10-13,Iceland,Luxembourg,False,-0.37855015626569966
2023-10-13,Luxembourg,Iceland,False,0.08468983594688695
2023-10-13,Liechtenstein,Bosnia and Herzegovina,True,-0.0004918274021466218
2023-10-13,Bosnia and Herzegovina,Liechtenstein,False,0.0009686619670743468
2023-10-13,Netherlands,France,True,-0.013557773470605725
2023-10-13,France,Netherlands,False,0.025252075499000437
2023-10-13,Portugal,Slovakia,False,0.005350867740073539
2023-10-13,Slovakia,Portugal,True,-0.0027698405326390223
2023-10-13,Republic of Ireland,Greece,True,-0.006876364719262047
2023-10-13,Greece,Republic of Ireland,False,0.013084098975320924
2023-10-14,Bulgaria,Lithuania,True,-0.020922126091246364
2023-10-14,Lithuania,Bulgaria,False,0.03847657631836432
2023-10-14,Denmark,Kazakhstan,False,0.0020106180450198963
2023-10-14,Kazakhstan,Denmark,True,-0.0010280755769706128
2023-10-14,Hungary,Serbia,False,0.27813998275361573
2023-10-14,Serbia,Hungary,True,-0.15367970898933409
2023-10-14,Italy,Malta,False,7.406789969799377e-06
2023-10-14,Malta,Italy,True,-3.7398996757465157e-06
2023-10-14,Northern Ireland,San Marino,False,0.00015979712781044597
2023-10-14,San Marino,Northern Ireland,True,-8.043244498794737e-05
2023-10-14,Slovenia,Finland,False,0.007172200664339101
2023-10-14,Finland,Slovenia,True,-0.003724509479492476
2023-10-14,Ukraine,North Macedonia,False,0.16375657589140147
2023-10-14,North Macedonia,Ukraine,True,-0.08707973111839204
2023-10-15,Czech Republic,Faroe Islands,False,1.5198311649652743
2023-10-15,Faroe Islands,Czech Republic,False,-0.8290295112939104
2023-10-15,Georgia,Cyprus,False,0.0064086505007687755
2023-10-15,Cyprus,Georgia,True,-0.0033273021085009637
2023-10-15,Norway,Spain,True,-0.10620014424563609
2023-10-15,Spain,Norway,False,0.19656295400309398
2023-10-15,Poland,Moldova,False,-0.634568171512067
2023-10-15,Moldova,Poland,False,0.26664567493462543
2023-10-15,Romania,Andorra,False,2.3933270920650784e-08
2023-10-15,Andorra,Romania,True,-1.2036010963394627e-08
2023-10-15,Switzerland,Belarus,True,0.6171107172452532
2023-10-15,Belarus,Switzerland,False,-1.370293722824313
2023-10-15,Turkey,Latvia,False,0.10035388889146324
2023-10-15,Latvia,Turkey,True,-0.0524335559894843
2023-10-15,Wales,Croatia,False,0.280395148283596
2023-10-15,Croatia,Wales,True,-0.15459970475898682
2023-10-16,Azerbaijan,Austria,True,-0.07055954368709672
2023-10-16,Austria,Azerbaijan,False,0.1337198830081654
2023-10-16,Belgium,Sweden,False,-0.35871333646558967
2023-10-16,Sweden,Belgium,False,0.05193824511510936
2023-10-16,Bosnia and Herzegovina,Portugal,True,-4.2820406115069074e-08
2023-10-16,Portugal,Bosnia and Herzegovina,False,8.42169392001324e-08
2023-10-16,Gibraltar,Republic of Ireland,True,-2.34590450211157e-06
2023-10-16,Republic of Ireland,Gibraltar,False,4.6537211790820265e-06
2023-10-16,Greece,Netherlands,False,-1.0035264324292623
2023-10-16,Netherlands,Greece,False,1.7517963818220172
2023-10-16,Iceland,Liechtenstein,False,3.086045330391585e-08
2023-10-16,Liechtenstein,Iceland,True,-1.5529239746124238e-08
2023-10-16,Luxembourg,Slovakia,False,-0.9712874822750541
2023-10-16,Slovakia,Luxembourg,False,1.7267423197224603
2023-10-17,Bangladesh,Maldives,False,0.26112827509551684
2023-10-17,Maldives,Bangladesh,True,-0.14328748462187557
2023-10-17,Bhutan,Hong Kong,False,0.13943416685907728
2023-10-17,Hong Kong,Bhutan,True,-0.08138772532684103
2023-10-17,Brunei,Indonesia,True,-7.298881485576201e-09
2023-10-17,Indonesia,Brunei,False,1.4417983695835801e-08
2023-10-17,England,Italy,False,0.1752600549033514
2023-10-17,Italy,England,True,-0.09353252906855282
2023-10-17,Finland,Kazakhstan,False,-2.8538206907026535
2023-10-17,Kazakhstan,Finland,True,2.9226458990665125
2023-10-17,Guam,Singapore,False,-0.9384191263798735
2023-10-17,Singapore,Guam,False,1.6844524134971395
2023-10-17,Laos,Nepal,True,-0.12831935126923827
2023-10-17,Nepal,Laos,False,0.2356819661389138
2023-10-17,Lithuania,Hungary,False,-1.5716879812139415
2023-10-17,Hungary,Lithuania,True,0.7539599634487952
2023-10-17,Malta,Ukraine,True,-0.05083338059237664
2023-10-17,Ukraine,Malta,False,0.09759538877031959
2023-10-17,Mongolia,Afghanistan,True,-0.10771393322829956
2023-10-17,Afghanistan,Mongolia,False,0.19986389834915919
2023-10-17,Northern Ireland,Slovenia,True,-0.11453855000601776
2023-10-17,Slovenia,Northern Ireland,False,0.2128001472391179
2023-10-17,Pakistan,Cambodia,False,0.2460852774595419
2023-10-17,Cambodia,Pakistan,True,-0.13446491119218457
2023-10-17,Paraguay,Bolivia,False,0.1722674274541771
2023-10-17,Bolivia,Paraguay,True,-0.09212698573346348
2023-10-17,Peru,Argentina,True,-0.0034803598939574234
2023-10-17,Argentina,Peru,False,0.006706284230817872
2023-10-17,San Marino,Denmark,True,-0.008040141375141566
2023-10-17,Denmark,San Marino,False,0.015928726988579722
2023-10-17,Serbia,Montenegro,False,0.15216026303943453
2023-10-17,Montenegro,Serbia,True,-0.08087842985228551
2023-10-17,Sri Lanka,Yemen,True,0.9421371998946617
2023-10-17,Yemen,Sri Lanka,False,-1.8891874471573984
2023-10-17,Taiwan,Timor-Leste,False,0.00017489692161687387
2023-10-17,Timor-Leste,Taiwan,True,-8.986457358474302e-05
2023-10-17,Uruguay,Brazil,False,0.3010191479298667
2023-10-17,Brazil,Uruguay,True,-0.16695754681333452
2023-10-17,Venezuela,Chile,False,0.024827670613123853
2023-10-17,Chile,Venezuela,True,-0.013311218579523311
2023-11-12,Kosovo,Israel,False,0.31846651507392654
2023-11-12,Israel,Kosovo,True,-0.17912983793460707
2023-11-15,DR Congo,Mauritania,False,0.12253260653699494
2023-11-15,Mauritania,DR Congo,True,-0.064268584939301
2023-11-15,Israel,Switzerland,True,0.8947738535485086
2023-11-15,Switzerland,Israel,False,-1.8052656710046442
2023-11-16,Algeria,Somalia,False,0.03989368434288609
2023-11-16,Somalia,Algeria,True,-0.020406399979125408
2023-11-16,Argentina,Uruguay,True,-0.20385474122335556
2023-11-16,Uruguay,Argentina,False,0.361535309128318
2023-11-16,Australia,Bangladesh,False,2.2094770457670165e-11
2023-11-16,Bangladesh,Australia,True,-1.1086250044410386e-11
2023-11-16,Azerbaijan,Sweden,False,0.06265321789779899
2023-11-16,Sweden,Azerbaijan,True,-0.03484130434059375
2023-11-16,Bolivia,Peru,False,0.3666102866481227
2023-11-16,Peru,Bolivia,True,-0.2076483538224426
2023-11-16,Botswana,Mozambique,True,-0.009948910251351037
2023-11-16,Mozambique,Botswana,False,0.018736895697062828
2023-11-16,Bulgaria,Hungary,False,-0.03512521122008483
2023-11-16,Hungary,Bulgaria,False,-0.21290496286229565
2023-11-16,Burundi,Gambia,False,0.022868812811521533
2023-11-16,Gambia,Burundi,True,-0.012218203921140517
2023-11-16,Colombia,Brazil,False,1.9047793963650517
2023-11-16,Brazil,Colombia,False,-1.1317630579335427
2023-11-16,Cyprus,Spain,True,-0.0010177509668520364
2023-11-16,Spain,Cyprus,False,0.0019887614278570886
2023-11-16,Egypt,Djibouti,False,2.4672219822718944e-10
2023-11-16,Djibouti,Egypt,True,-1.2405578319028717e-10
2023-11-16,Estonia,Austria,True,-0.0024169993927513136
2023-11-16,Austria,Estonia,False,0.004680964832741719
2023-11-16,Gabon,Kenya,False,1.7758917211219378
2023-11-16,Kenya,Gabon,False,-1.0088742971301439
2023-11-16,Georgia,Scotland,False,-1.7110884430968305
2023-11-16,Scotland,Georgia,True,0.8400673510087225
2023-11-16,Iran,Hong Kong,False,0.0007729724033587182
2023-11-16,Hong Kong,Iran,True,-0.00039209008442076497
2023-11-16,Iraq,Indonesia,False,0.005048404914914428
2023-11-16,Indonesia,Iraq,True,-0.0026121687141546068
2023-11-16,Japan,Myanmar,False,3.1086244689504383e-15
2023-11-16,Myanmar,Japan,True,-1.5055238971002895e-15
2023-11-16,Kuwait,India,True,-0.23164109116620324
2023-11-16,India,Kuwait,False,0.40525699132688775
2023-11-16,Liechtenstein,Portugal,True,-0.00010464269173013384
2023-11-16,Portugal,Liechtenstein,False,0.0002075879396294944
2023-11-16,Luxembourg,Bosnia and Herzegovina,False,0.0019454467276029952
2023-11-16,Bosnia and Herzegovina,Luxembourg,True,-0.0010289319300069073
2023-11-16,Malaysia,Kyrgyzstan,True,2.8569362961791263
2023-11-16,Kyrgyzstan,Malaysia,False,-2.7400217844800547
2023-11-16,Montenegro,Lithuania,False,0.004352421580413601
2023-11-16,Lithuania,Montenegro,True,-0.002243697371153266
2023-11-16,Nigeria,Lesotho,False,-0.4837522000247265
2023-11-16,Lesotho,Nigeria,False,0.18538635585382846
2023-11-16,Oman,Taiwan,False,0.0018260001970058504
2023-11-16,Taiwan,Oman,True,-0.000933531003123674
2023-11-16,Philippines,Vietnam,True,-0.1194686361247104
2023-11-16,Vietnam,Philippines,False,0.2201049555561112
2023-11-16,Qatar,Afghanistan,False,3.115463442782129e-11
2023-11-16,Afghanistan,Qatar,True,-1.569444128068428e-11
2023-11-16,Saudi Arabia,Pakistan,False,0.0004978726114228671
2023-11-16,Pakistan,Saudi Arabia,True,-0.00025198327201587527
2023-11-16,Slovakia,Iceland,False,0.012974621534123543
2023-11-16,Iceland,Slovakia,True,-0.006834457619239892
2023-11-16,South Korea,Singapore,False,1.0806197847657018e-07
2023-11-16,Singapore,South Korea,True,-5.4510038733648695e-08
2023-11-16,Sudan,Togo,False,-0.04534645065035714
2023-11-16,Togo,Sudan,False,-0.14257421892007693
2023-11-16,Syria,North Korea,False,0.21593961419331986
2023-11-16,North Korea,Syria,True,-0.1171022624850034
2023-11-16,Tajikistan,Jordan,False,0.010074317540940791
2023-11-16,Jordan,Tajikistan,False,-0.2656009696750432
2023-11-16,Thailand,China,True,-0.1330210497650785
2023-11-16,China,Thailand,False,0.24366868112893725
2023-11-16,Turkmenistan,Uzbekistan,False,-0.8723820632591356
2023-11-16,Uzbekistan,Turkmenistan,False,1.5744957854999937
2023-11-16,United Arab Emirates,Nepal,False,4.69855119256124e-08
2023-11-16,Nepal,United Arab Emirates,True,-2.3660277771164478e-08
2023-11-16,Yemen,Bahrain,True,-0.001693073042366238
2023-11-16,Bahrain,Yemen,False,0.0032977522285113636
2023-11-17,Burkina Faso,Guinea-Bissau,False,-0.2622427266859402
2023-11-17,Guinea-Bissau,Burkina Faso,False,0.03730007033240923
2023-11-17,Cameroon,Mauritius,False,0.06265962318246565
2023-11-17,Mauritius,Cameroon,True,-0.032241784117740147
2023-11-17,Comoros,Central African Republic,False,0.01794589334298413
2023-11-17,Central African Republic,Comoros,True,-0.009536113500632581
2023-11-17,Denmark,Slovenia,False,0.11829305264133483
2023-11-17,Slovenia,Denmark,True,-0.06190939426651436
2023-11-17,England,Malta,False,0.000538655227896534
2023-11-17,Malta,England,True,-0.0002727481229071652
2023-11-17,Eswatini,Libya,True,-0.09253604134014005
2023-11-17,Libya,Eswatini,False,0.17353965171906527
2023-11-17,Finland,Northern Ireland,False,0.00032197619318319326
2023-11-17,Northern Ireland,Finland,True,-0.00016606423781206242
2023-11-17,Ghana,Madagascar,False,1.6246203253451592
2023-11-17,Madagascar,Ghana,False,-0.9094481534827903
2023-11-17,Guinea,Uganda,False,1.9019875139412672
2023-11-17,Uganda,Guinea,False,-1.0808133279065075
2023-11-17,Italy,North Macedonia,False,0.10430211308799553
2023-11-17,North Macedonia,Italy,True,-0.05446621888034331
2023-11-17,Ivory Coast,Seychelles,False,8.031086906612472e-11
2023-11-17,Seychelles,Ivory Coast,True,-4.033833000966429e-11
2023-11-17,Kazakhstan,San Marino,False,0.04002280551191095
2023-11-17,San Marino,Kazakhstan,True,-0.02038747755743554
2023-11-17,Liberia,Malawi,False,-1.1298375021414604
2023-11-17,Malawi,Liberia,False,1.9340353028233908
2023-11-17,Mali,Chad,False,1.4875419832534118
2023-11-17,Chad,Mali,False,-0.7861193969007717
2023-11-17,Moldova,Albania,True,0.9386166226601802
2023-11-17,Albania,Moldova,False,-1.8825651341336602
2023-11-17,Poland,Czech Republic,False,-0.2538444875690482
2023-11-17,Czech Republic,Poland,False,-0.033087860392085666
2023-11-17,Tunisia,São Tomé and Príncipe,False,0.0013654332655668178
2023-11-17,São Tomé and Príncipe,Tunisia,True,-0.0006965743790393062
2023-11-17,Zambia,Congo,False,0.2064222872487096
2023-11-17,Congo,Zambia,True,-0.11188032840730099
2023-11-18,Armenia,Wales,False,0.045049213164053636
2023-11-18,Wales,Armenia,False,-0.3263521968874439
2023-11-18,Belarus,Andorra,False,1.7268495395514156
2023-11-18,Andorra,Belarus,False,-0.9151505331640675
2023-11-18,France,Gibraltar,False,0.0
2023-11-18,Gibraltar,France,True,-3.667506114608156e-23
2023-11-18,Israel,Romania,True,-0.1286009253644555
2023-11-18,Romania,Israel,False,0.23586394793560395
2023-11-18,Latvia,Croatia,True,-0.0016201053946296212
2023-11-18,Croatia,Latvia,False,0.003153438579584833
2023-11-18,Netherlands,Republic of Ireland,False,0.13118113516256313
2023-11-18,Republic of Ireland,Netherlands,True,-0.06914113819130119
2023-11-18,Niger,Tanzania,True,-0.11489012420037237
2023-11-18,Tanzania,Niger,False,0.21313494548392864
2023-11-18,Senegal,South Sudan,False,6.171575117619454e-08
2023-11-18,South Sudan,Senegal,True,-3.109358745215978e-08
2023-11-18,South Africa,Benin,False,0.1601730844734579
2023-11-18,Benin,South Africa,True,-0.08504514704140227
2023-11-18,Switzerland,Kosovo,False,-1.8508993144210755
2023-11-18,Kosovo,Switzerland,True,0.9206585579360562
2023-11-19,Belgium,Azerbaijan,False,2.4785384011849487e-07
2023-11-19,Azerbaijan,Belgium,True,-1.252732295716448e-07
2023-11-19,Bosnia and Herzegovina,Slovakia,True,-0.14422191393524664
2023-11-19,Slovakia,Bosnia and Herzegovina,False,0.26258949941726284
2023-11-19,Burundi,Gabon,True,-0.10263829042940546
2023-11-19,Gabon,Burundi,False,0.19135042016310688
2023-11-19,Hungary,Montenegro,False,0.16127518678926833
2023-11-19,Montenegro,Hungary,True,-0.08581961836996216
2023-11-19,Liechtenstein,Luxembourg,True,-0.04223586605946765
2023-11-19,Luxembourg,Liechtenstein,False,0.08179658777091081
2023-11-19,Mozambique,Algeria,True,-0.09136558298640447
2023-11-19,Algeria,Mozambique,False,0.17038805218595243
2023-11-19,Portugal,Iceland,False,0.005290970247811
2023-11-19,Iceland,Portugal,True,-0.002742275622093037
2023-11-19,Scotland,Norway,False,-1.711641222376696
2023-11-19,Norway,Scotland,True,0.8400588533850363
2023-11-19,Serbia,Bulgaria,True,0.687175380857881
2023-11-19,Bulgaria,Serbia,False,-1.4719836179081107
2023-11-19,Sierra Leone,Egypt,True,-0.001411056117306723
2023-11-19,Egypt,Sierra Leone,False,0.0027545833776163597
2023-11-19,Spain,Georgia,False,0.0027783580137059616
2023-11-19,Georgia,Spain,True,-0.0014266240577992923
2023-11-19,Sudan,DR Congo,False,2.056313527051693
2023-11-19,DR Congo,Sudan,False,-1.2715227492103252
2023-11-19,Sweden,Estonia,False,0.00264464694885147
2023-11-19,Estonia,Sweden,True,-0.0013561336134592752
2023-11-19,Zimbabwe,Nigeria,False,0.018314259156436363
2023-11-19,Nigeria,Zimbabwe,False,-0.2557665279972525
2023-11-20,Chad,Madagascar,True,-0.07534835364997187
2023-11-20,Madagascar,Chad,False,0.1427801341080488
2023-11-20,Czech Republic,Moldova,False,0.00230649827523699
2023-11-20,Moldova,Czech Republic,True,-0.0011810553244656324
2023-11-20,Djibouti,Guinea-Bissau,True,-0.05784769145793284
2023-11-20,Guinea-Bissau,Djibouti,False,0.11054034409763869
2023-11-20,Gambia,Ivory Coast,True,-0.07681556775497322
2023-11-20,Ivory Coast,Gambia,False,0.14526329037239183
2023-11-20,Mali,Central African Republic,False,-0.462643815284689
2023-11-20,Central African Republic,Mali,False,0.15267566218660256
2023-11-20,North Macedonia,England,False,0.11266788162523067
2023-11-20,England,North Macedonia,False,-0.3938037686445912
2023-11-20,Northern Ireland,Denmark,False,0.31024968292656485
2023-11-20,Denmark,Northern Ireland,True,-0.17210992856460866
2023-11-20,San Marino,Finland,True,-0.000189613313220329
2023-11-20,Finland,San Marino,False,0.00037554838692832604
2023-11-20,Seychelles,Kenya,True,-6.849758171873262e-10
2023-11-20,Kenya,Seychelles,False,1.3598637771394806e-09
2023-11-20,Slovenia,Kazakhstan,False,1.675755136596698
2023-11-20,Kazakhstan,Slovenia,False,-0.9215080371919857
2023-11-21,Afghanistan,Kuwait,True,-0.0027065164960696888
2023-11-21,Kuwait,Afghanistan,False,0.005233218423969177
2023-11-21,Andorra,Israel,True,-0.0443834499640281
2023-11-21,Israel,Andorra,False,0.08560148552356539
2023-11-21,Bahrain,United Arab Emirates,True,-0.12696643041122543
2023-11-21,United Arab Emirates,Bahrain,False,0.23365991123787344
2023-11-21,Bangladesh,Lebanon,False,0.12513581878553603
2023-11-21,Lebanon,Bangladesh,False,-0.3605590822946976
2023-11-21,Botswana,Guinea,False,1.935058797541431
2023-11-21,Guinea,Botswana,False,-1.1619484103839046
2023-11-21,Brazil,Argentina,True,-0.16261780192612238
2023-11-21,Argentina,Brazil,False,0.29389617253075473
2023-11-21,China,South Korea,True,-0.004174822237256879
2023-11-21,South Korea,China,False,0.008017253953381598
2023-11-21,Comoros,Ghana,False,0.3729850990055956
2023-11-21,Ghana,Comoros,True,-0.21122295880646963
2023-11-21,Croatia,Armenia,False,0.10318517126830384
2023-11-21,Armenia,Croatia,True,-0.05424320464873993
2023-11-21,Ecuador,Chile,False,0.23288462268119137
2023-11-21,Chile,Ecuador,True,-0.12675921394316772
2023-11-21,Eswatini,Cape Verde,True,-0.0022587034197420245
2023-11-21,Cape Verde,Eswatini,False,0.0043828340528464516
2023-11-21,Ethiopia,Burkina Faso,True,-0.07747857230425559
2023-11-21,Burkina Faso,Ethiopia,False,0.146342271719762
2023-11-21,Gibraltar,Netherlands,True,-2.048300982424833e-11
2023-11-21,Netherlands,Gibraltar,False,4.0803360690233603e-11
2023-11-21,Greece,France,False,0.042262841831579356
2023-11-21,France,Greece,False,-0.2842422710964416
2023-11-21,Hong Kong,Turkmenistan,False,-0.14551077937304058
2023-11-21,Turkmenistan,Hong Kong,False,-0.09076920389122956
2023-11-21,India,Qatar,True,-0.0030977551501832853
2023-11-21,Qatar,India,False,0.005974256256184418
2023-11-21,Jordan,Saudi Arabia,True,-0.010613759642127144
2023-11-21,Saudi Arabia,Jordan,False,0.019946474796804115
2023-11-21,Kosovo,Belarus,True,-0.22694567626233356
2023-11-21,Belarus,Kosovo,False,0.39734289806225265
2023-11-21,Kyrgyzstan,Oman,False,0.294324938495905
2023-11-21,Oman,Kyrgyzstan,True,-0.16284629942725173
2023-11-21,Libya,Cameroon,False,-0.02735054396791181
2023-11-21,Cameroon,Libya,False,-0.20209122696873916
2023-11-21,Malawi,Tunisia,False,-0.9573950503590619
2023-11-21,Tunisia,Malawi,False,1.7379595794623122
2023-11-21,Myanmar,North Korea,True,-9.190599529468248e-10
2023-11-21,North Korea,Myanmar,False,1.8116059763428893e-09
2023-11-21,Nepal,Yemen,True,-0.07847447150705153
2023-11-21,Yemen,Nepal,False,0.1485138870867786
2023-11-21,Niger,Zambia,False,0.33260043223690694
2023-11-21,Zambia,Niger,True,-0.18626058397247514
2023-11-21,Pakistan,Tajikistan,True,-5.065870650249906e-07
2023-11-21,Tajikistan,Pakistan,False,9.986192130995164e-07
2023-11-21,Palestine,Australia,True,-0.06260771403256064
2023-11-21,Australia,Palestine,False,0.1194017337018396
2023-11-21,Paraguay,Colombia,True,-0.08624927806172392
2023-11-21,Colombia,Paraguay,False,0.16238968562282796
2023-11-21,Peru,Venezuela,False,-0.20898489036580803
2023-11-21,Venezuela,Peru,False,-0.030356801520439625
2023-11-21,Philippines,Indonesia,False,-0.12593201389199238
2023-11-21,Indonesia,Philippines,False,-0.15725810496059855
2023-11-21,Romania,Switzerland,False,0.3061824594505924
2023-11-21,Switzerland,Romania,True,-0.17026216773718217
2023-11-21,Rwanda,South Africa,False,0.016317919991280405
2023-11-21,South Africa,Rwanda,True,-0.008624136861725522
2023-11-21,Singapore,Thailand,True,-0.09752479971021062
2023-11-21,Thailand,Singapore,False,0.18167650831547677
2023-11-21,Somalia,Uganda,True,-0.030222775711745406
2023-11-21,Uganda,Somalia,False,0.059061417752420464
2023-11-21,Syria,Japan,True,-6.805702966013958e-05
2023-11-21,Japan,Syria,False,0.00013287230145442308
2023-11-21,São Tomé and Príncipe,Namibia,True,-0.002389517766706302
2023-11-21,Namibia,São Tomé and Príncipe,False,0.004628971495681977
2023-11-21,Taiwan,Malaysia,True,-0.13162937614443515
2023-11-21,Malaysia,Taiwan,False,0.23971297228675104
2023-11-21,Tanzania,Morocco,True,-0.0009786224885544933
2023-11-21,Morocco,Tanzania,False,0.0019176483174550008
2023-11-21,Uruguay,Bolivia,False,0.0001099396474129044
2023-11-21,Bolivia,Uruguay,True,-5.626170124469728e-05
2023-11-21,Uzbekistan,Iran,True,0.8975388848125014
2023-11-21,Iran,Uzbekistan,False,-1.8088693651333783
2023-11-21,Vietnam,Iraq,False,-1.0301158895171643
2023-11-21,Iraq,Vietnam,False,1.7957889421089757
2023-11-21,Wales,Turkey,False,-0.17179993228480228
2023-11-21,Turkey,Wales,False,-0.07585049544456934
2024-01-12,Qatar,Lebanon,False,0.005180582442029014
2024-01-12,Lebanon,Qatar,True,-0.0026782659199723023
2024-01-13,Australia,India,False,0.0013569699620994413
2024-01-13,India,Australia,True,-0.0006908565102475625
2024-01-13,Ivory Coast,Guinea-Bissau,False,0.002898724367915495
2024-01-13,Guinea-Bissau,Ivory Coast,True,-0.0014872325423792012
2024-01-14,Egypt,Mozambique,True,0.7751656214480867
2024-01-14,Mozambique,Egypt,False,-1.6044860853073368
2024-01-14,Ghana,Cape Verde,False,-1.138838983293395
2024-01-14,Cape Verde,Ghana,False,1.9458752691330754
2024-01-14,Iran,Palestine,False,5.7869927994946835e-05
2024-01-14,Palestine,Iran,True,-2.9466028166340136e-05
2024-01-14,Japan,Vietnam,False,0.09169932102937972
2024-01-14,Vietnam,Japan,True,-0.0476865495842748
2024-01-14,Nigeria,Equatorial Guinea,False,-0.24633485748640083
2024-01-14,Equatorial Guinea,Nigeria,False,0.03564735525748863
2024-01-14,United Arab Emirates,Hong Kong,False,0.09761547838609097
2024-01-14,Hong Kong,United Arab Emirates,True,-0.05076060911061521
2024-01-15,Algeria,Angola,False,-0.2806663856251974
2024-01-15,Angola,Algeria,False,0.042662654593770055
2024-01-15,Cameroon,Guinea,False,-0.1921217904402206
2024-01-15,Guinea,Cameroon,False,-0.02404799557271442
2024-01-15,Indonesia,Iraq,True,-0.002791496008332435
2024-01-15,Iraq,Indonesia,False,0.005394617684029157
2024-01-15,Malaysia,Jordan,True,-4.657574981825204e-05
2024-01-15,Jordan,Malaysia,False,9.116711513357245e-05
2024-01-15,Senegal,Gambia,False,0.0038982187237381893
2024-01-15,Gambia,Senegal,True,-0.0020068943477307742
2024-01-15,South Korea,Bahrain,False,0.0038216889691442546
2024-01-15,Bahrain,South Korea,True,-0.001965432407495449
2024-01-16,Burkina Faso,Mauritania,False,1.7794259583329195
2024-01-16,Mauritania,Burkina Faso,False,-0.9872014054530475
2024-01-16,Mali,South Africa,False,0.007517196315244057
2024-01-16,South Africa,Mali,True,-0.003905429205063363
2024-01-16,Saudi Arabia,Oman,True,2.857712906319049
2024-01-16,Oman,Saudi Arabia,False,-2.739562635126513
2024-01-16,Thailand,Kyrgyzstan,False,0.0131800808262863
2024-01-16,Kyrgyzstan,Thailand,True,-0.006937375774515588
2024-01-16,Tunisia,Namibia,False,-1.269791627353125
2024-01-16,Namibia,Tunisia,False,2.0543531515767777
2024-01-17,DR Congo,Zambia,False,-0.19727194516421065
2024-01-17,Zambia,DR Congo,False,-0.03097136818065782
2024-01-17,Morocco,Tanzania,False,0.06310102330051182
2024-01-17,Tanzania,Morocco,True,-0.03235752983243211
2024-01-17,Qatar,Tajikistan,False,0.14057884831581768
2024-01-17,Tajikistan,Qatar,True,-0.07453066646457515
2024-01-18,Egypt,Ghana,False,-0.13897855387802327
2024-01-18,Ghana,Egypt,False,-0.05053283992036972
2024-01-18,Equatorial Guinea,Guinea-Bissau,False,0.00019248975006513902
2024-01-18,Guinea-Bissau,Equatorial Guinea,True,-9.879586483616155e-05
2024-01-18,India,Uzbekistan,True,-1.718032275457837e-05
2024-01-18,Uzbekistan,India,False,3.384016771867948e-05
2024-01-18,Ivory Coast,Nigeria,True,-0.17078931620219046
2024-01-18,Nigeria,Ivory Coast,False,0.3072574786814575
2024-01-18,Palestine,United Arab Emirates,False,-0.0329198910077344
2024-01-18,United Arab Emirates,Palestine,False,-0.1933885467713221
2024-01-18,Syria,Australia,True,-0.07545024036842868
2024-01-18,Australia,Syria,False,0.14275553684999087
2024-01-19,Cape Verde,Mozambique,False,0.00018530438452124542
2024-01-19,Mozambique,Cape Verde,True,-9.510629210014e-05
2024-01-19,Guinea,Gambia,False,0.23091962933318166
2024-01-19,Gambia,Guinea,True,-0.12550528668307395
2024-01-19,Hong Kong,Iran,True,-0.026264631125739554
2024-01-19,Iran,Hong Kong,False,0.051339154223589034
2024-01-19,Iraq,Japan,False,0.040687498720504145
2024-01-19,Japan,Iraq,True,-0.022177622956845
2024-01-19,Senegal,Cameroon,False,0.006379863636952532
2024-01-19,Cameroon,Senegal,True,-0.003306161863869834
2024-01-19,Vietnam,Indonesia,True,-0.17275963004819894
2024-01-19,Indonesia,Vietnam,False,0.31051043348955965
2024-01-20,Algeria,Burkina Faso,True,0.793307117706574
2024-01-20,Burkina Faso,Algeria,False,-1.6348601232328561
2024-01-20,Bahrain,Malaysia,False,1.6867083543749315
2024-01-20,Malaysia,Bahrain,False,-0.9352823996130311
2024-01-20,Jordan,South Korea,False,-1.6929381395364351
2024-01-20,South Korea,Jordan,True,0.8297593353643732
2024-01-20,Mauritania,Angola,True,-0.07842683280066848
2024-01-20,Angola,Mauritania,False,0.14876586961569016
2024-01-20,Tunisia,Mali,False,-0.0963024962405239
2024-01-20,Mali,Tunisia,False,-0.08928147133153352
2024-01-21,Kyrgyzstan,Saudi Arabia,True,-0.06898542516484028
2024-01-21,Saudi Arabia,Kyrgyzstan,False,0.13111688390254184
2024-01-21,Morocco,DR Congo,False,-1.8824804016049326
2024-01-21,DR Congo,Morocco,True,0.9385973852747013
2024-01-21,South Africa,Namibia,False,1.7059601145064107e-06
2024-01-21,Namibia,South Africa,True,-8.668500811220962e-07
2024-01-21,Zambia,Tanzania,True,0.8512113116718991
2024-01-21,Tanzania,Zambia,False,-1.7287059136321177
2024-01-22,Cape Verde,Egypt,False,-0.010707309158675127
2024-01-22,Egypt,Cape Verde,False,-0.16999164301963932
2024-01-22,Guinea-Bissau,Nigeria,True,-0.05681448140862089
2024-01-22,Nigeria,Guinea-Bissau,False,0.10888478147371083
2024-01-22,Ivory Coast,Equatorial Guinea,True,-0.0018522273036730987
2024-01-22,Equatorial Guinea,Ivory Coast,False,0.003464348438547038
2024-01-22,Mozambique,Ghana,True,0.9969143696735192
2024-01-22,Ghana,Mozambique,False,-1.9940436385283578
2024-01-22,Qatar,China,False,0.20602985746817204
2024-01-22,China,Qatar,True,-0.11134103755211869
2024-01-22,Tajikistan,Lebanon,True,2.9041398807611554
2024-01-22,Lebanon,Tajikistan,False,-2.820114279450364
2024-01-23,Angola,Burkina Faso,False,0.25807381298377274
2024-01-23,Burkina Faso,Angola,True,-0.14091883116559167
2024-01-23,Australia,Uzbekistan,False,-1.8269706526283098
2024-01-23,Uzbekistan,Australia,True,0.9078193220843461
2024-01-23,Gambia,Cameroon,False,-0.9933599610239139
2024-01-23,Cameroon,Gambia,False,1.7725166345086478
2024-01-23,Guinea,Senegal,True,-0.0685168259050678
2024-01-23,Senegal,Guinea,False,0.13024971554333264
2024-01-23,Hong Kong,Palestine,True,-5.1083450288461024e-05
2024-01-23,Palestine,Hong Kong,False,9.99934425616189e-05
2024-01-23,Iran,United Arab Emirates,False,0.005091378191528939
2024-01-23,United Arab Emirates,Iran,True,-0.0026301817781412555
2024-01-23,Mauritania,Algeria,False,0.4569617253917073
2024-01-23,Algeria,Mauritania,True,-0.264638559046359
2024-01-23,Syria,India,False,1.6907429088328811
2024-01-23,India,Syria,False,-0.9294810397374415
2024-01-24,Iraq,Vietnam,False,0.14940496443000706
2024-01-24,Vietnam,Iraq,True,-0.07899963245343568
2024-01-24,Japan,Indonesia,False,0.0021877739170075294
2024-01-24,Indonesia,Japan,True,-0.001120402724085255
2024-01-24,Zambia,Morocco,True,-0.04904379444241208
2024-01-24,Morocco,Zambia,False,0.09449437451063636
2024-01-25,Jordan,Bahrain,True,-0.14327423957426497
2024-01-25,Bahrain,Jordan,False,0.26198932067539005
2024-01-25,Kyrgyzstan,Oman,True,0.9157528447566146
2024-01-25,Oman,Kyrgyzstan,False,-1.8411116225173108
2024-01-25,South Korea,Malaysia,True,0.5765484328382644
2024-01-25,Malaysia,South Korea,False,-1.3126646741578303
2024-01-27,Angola,Namibia,False,0.00016745373364113192
2024-01-27,Namibia,Angola,True,-8.584224791149299e-05
2024-01-27,Nigeria,Cameroon,False,0.20082095548333
2024-01-27,Cameroon,Nigeria,True,-0.10782572159226728
2024-01-28,Australia,Indonesia,False,0.002453927546515633
2024-01-28,Indonesia,Australia,True,-0.0012575437548479327
2024-01-28,Egypt,DR Congo,False,-0.14413826053406975
2024-01-28,DR Congo,Egypt,False,-0.04829853507285131
2024-01-28,Equatorial Guinea,Guinea,False,-1.0573999158852534
2024-01-28,Guinea,Equatorial Guinea,False,1.8545222092154767
2024-01-28,Tajikistan,United Arab Emirates,False,-1.6094875405319677
2024-01-28,United Arab Emirates,Tajikistan,True,0.7779523299542261
2024-01-29,Cape Verde,Mauritania,False,1.8291516000228554
2024-01-29,Mauritania,Cape Verde,False,-1.0087489346376026
2024-01-29,Iraq,Jordan,False,-1.0981567300133157
2024-01-29,Jordan,Iraq,False,1.8889534491472382
2024-01-29,Ivory Coast,Senegal,True,0.8715124150043414
2024-01-29,Senegal,Ivory Coast,False,-1.76376996753626
2024-01-29,Qatar,Palestine,False,0.18734137175328058
2024-01-29,Palestine,Qatar,True,-0.10077143487503121
2024-01-30,Mali,Burkina Faso,False,0.1833759784880047
2024-01-30,Burkina Faso,Mali,True,-0.0979256595383412
2024-01-30,Morocco,South Africa,True,-0.16878316273687619
2024-01-30,South Africa,Morocco,False,0.305302201863336
2024-01-30,Saudi Arabia,South Korea,False,-1.7214642612923443
2024-01-30,South Korea,Saudi Arabia,True,0.8469364334791643
2024-01-30,Uzbekistan,Thailand,False,0.1415766865485013
2024-01-30,Thailand,Uzbekistan,True,-0.07473970829708695
2024-01-31,Bahrain,Japan,True,-0.001823359264365013
2024-01-31,Japan,Bahrain,False,0.0035464601209835855
2024-01-31,Iran,Syria,False,-0.3124776866351344
2024-01-31,Syria,Iran,False,0.07153223730338443
2024-02-02,Australia,South Korea,False,-1.7906777197005446
2024-02-02,South Korea,Australia,True,0.8872712622275025
2024-02-02,DR Congo,Guinea,False,0.19427538332217464
2024-02-02,Guinea,DR Congo,True,-0.1043168045428252
2024-02-02,Nigeria,Angola,False,0.13828170671555107
2024-02-02,Angola,Nigeria,True,-0.0727694355102717
2024-02-02,Tajikistan,Jordan,True,-0.0732931155298648
2024-02-02,Jordan,Tajikistan,False,0.13892366666875455
2024-02-03,Iran,Japan,False,1.899884775356156
2024-02-03,Japan,Iran,False,-1.1147756531837727
2024-02-03,Ivory Coast,Mali,True,0.8450772768519694
2024-02-03,Mali,Ivory Coast,False,-1.7186268484604574
2024-02-03,Qatar,Uzbekistan,False,-0.13179678965231645
2024-02-03,Uzbekistan,Qatar,False,-0.11887027744050283
2024-02-06,Jordan,South Korea,False,0.02422332253467152
2024-02-06,South Korea,Jordan,True,-0.01295363729157745
2024-02-07,Ivory Coast,DR Congo,False,0.18778710984082236
2024-02-07,DR Congo,Ivory Coast,True,-0.10072987061679917
2024-02-07,Nigeria,South Africa,False,-1.8156140400667793
2024-02-07,South Africa,Nigeria,True,0.9014895509153393
2024-02-07,Qatar,Iran,False,1.9931945359355083
2024-02-07,Iran,Qatar,False,-1.2486392673697797
2024-02-10,Qatar,Jordan,False,0.2464238917782806
2024-02-10,Jordan,Qatar,True,-0.13490551695704703
2024-02-11,Ivory Coast,Nigeria,False,1.817853145343581
2024-02-11,Nigeria,Ivory Coast,False,-1.055602574745122
2024-03-21,Australia,Lebanon,False,0.0019715002199673926
2024-03-21,Lebanon,Australia,True,-0.001006990865291647
2024-03-21,Bahrain,Nepal,False,8.769349292059303e-06
2024-03-21,Nepal,Bahrain,True,-4.429188535068288e-06
2024-03-21,Bosnia and Herzegovina,Ukraine,False,-2.685575823948163
2024-03-21,Ukraine,Bosnia and Herzegovina,True,2.824504395520787
2024-03-21,Georgia,Luxembourg,False,0.006608883228261586
2024-03-21,Luxembourg,Georgia,True,-0.003431591032051157
2024-03-21,Gibraltar,Lithuania,True,-0.05201341386496782
2024-03-21,Lithuania,Gibraltar,False,0.10012242221831702
2024-03-21,Greece,Kazakhstan,False,1.2767515618072878e-06
2024-03-21,Kazakhstan,Greece,True,-6.482191953169328e-07
2024-03-21,Hong Kong,Uzbekistan,True,-0.0015665437110873293
2024-03-21,Uzbekistan,Hong Kong,False,0.003052285921273157
2024-03-21,Indonesia,Vietnam,False,0.30123774401891623
2024-03-21,Vietnam,Indonesia,True,-0.1675624698552041
2024-03-21,Iran,Turkmenistan,False,1.4197155717710075e-07
2024-03-21,Turkmenistan,Iran,True,-7.165743307365044e-08
2024-03-21,Iraq,Philippines,False,1.4760673434731404
2024-03-21,Philippines,Iraq,False,-0.8072868843282774
2024-03-21,Israel,Iceland,True,-0.17742125526700575
2024-03-21,Iceland,Israel,False,0.31630385247390835
2024-03-21,Japan,North Korea,False,0.09820573091268425
2024-03-21,North Korea,Japan,True,-0.051521893266840514
2024-03-21,Myanmar,Syria,False,0.21719652371332598
2024-03-21,Syria,Myanmar,False,-0.586089529099306
2024-03-21,Oman,Malaysia,False,0.1206676620315279
2024-03-21,Malaysia,Oman,True,-0.06344476439411739
2024-03-21,Pakistan,Jordan,True,-0.0005854304710437565
2024-03-21,Jordan,Pakistan,False,0.0011507343022958416
2024-03-21,Palestine,Bangladesh,False,1.1691030099569844e-07
2024-03-21,Bangladesh,Palestine,True,-5.895990046279757e-08
2024-03-21,Poland,Estonia,False,7.763569889185362e-07
2024-03-21,Estonia,Poland,True,-3.9360003141203895e-07
2024-03-21,Qatar,Kuwait,False,0.00027866695080724924
2024-03-21,Kuwait,Qatar,True,-0.00014372856163071847
2024-03-21,Saudi Arabia,Tajikistan,False,0.11843434006874132
2024-03-21,Tajikistan,Saudi Arabia,True,-0.062172174992910736
2024-03-21,Singapore,China,True,0.9289636742715124
2024-03-21,China,Singapore,False,-1.8654878840535876
2024-03-21,South Korea,Thailand,False,-0.45869791493869805
2024-03-21,Thailand,South Korea,False,0.15763165956342307
2024-03-21,Taiwan,Kyrgyzstan,True,-0.08756490532443971
2024-03-21,Kyrgyzstan,Taiwan,False,0.1636342514178475
2024-03-21,United Arab Emirates,Yemen,False,0.0910273781451294
2024-03-21,Yemen,United Arab Emirates,True,-0.04737166643357115
2024-03-21,Wales,Finland,False,0.005980905603381714
2024-03-21,Finland,Wales,True,-0.0030973534674938216
2024-03-22,United States Virgin Islands,British Virgin Islands,False,-1.7218570727528433
2024-03-22,British Virgin Islands,United States Virgin Islands,True,0.8465223855741548
2024-03-23,Canada,Trinidad and Tobago,False,0.12159864377094465
2024-03-23,Trinidad and Tobago,Canada,True,-0.06394645598952198
2024-03-23,Costa Rica,Honduras,False,0.008225642220934137
2024-03-23,Honduras,Costa Rica,True,-0.004284461724675189
2024-03-26,Australia,Lebanon,False,3.2489427992388187e-07
2024-03-26,Lebanon,Australia,True,-1.6424266094585669e-07
2024-03-26,Bahrain,Nepal,False,8.769349292059303e-06
2024-03-26,Nepal,Bahrain,True,-4.429188535068288e-06
2024-03-26,Bangladesh,Palestine,False,-0.8010020864942129
2024-03-26,Palestine,Bangladesh,False,1.4948741612082506
2024-03-26,China,Singapore,False,0.09629896963935591
2024-03-26,Singapore,China,True,-0.05023357714520384
2024-03-26,India,Afghanistan,False,-1.253457739751338
2024-03-26,Afghanistan,India,False,2.0149794298962203
2024-03-26,Jordan,Pakistan,False,1.9725066024989246e-10
2024-03-26,Pakistan,Jordan,True,-9.914528753684544e-11
2024-03-26,Kuwait,Qatar,False,-1.0323650385432783
2024-03-26,Qatar,Kuwait,False,1.751973158573298
2024-03-26,Kyrgyzstan,Taiwan,False,0.00011437670150149515
2024-03-26,Taiwan,Kyrgyzstan,True,-5.857376356516997e-05
2024-03-26,Lithuania,Gibraltar,False,0.09534753316982014
2024-03-26,Gibraltar,Lithuania,True,-0.04952816991314814
2024-03-26,Malaysia,Oman,True,-0.08795657284259191
2024-03-26,Oman,Malaysia,False,0.16497827132865384
2024-03-26,Philippines,Iraq,True,-1.5134974411190434e-06
2024-03-26,Iraq,Philippines,False,2.969902271221514e-06
2024-03-26,Syria,Myanmar,False,4.2579717529633854e-11
2024-03-26,Myanmar,Syria,True,-2.145733290550053e-11
2024-03-26,Tajikistan,Saudi Arabia,True,0.9141370397511384
2024-03-26,Saudi Arabia,Tajikistan,False,-1.8386267228445754
2024-03-26,Thailand,South Korea,True,-0.0031255185048008807
2024-03-26,South Korea,Thailand,False,0.0060285846977330415
2024-03-26,Turkmenistan,Iran,True,-0.04181416092544353
2024-03-26,Iran,Turkmenistan,False,0.0805867821551729
2024-03-26,Turks and Caicos Islands,Anguilla,False,-0.3251737692721943
2024-03-26,Anguilla,Turks and Caicos Islands,False,0.03354266485487045
2024-03-26,Ukraine,Iceland,False,1.7927298531627012
2024-03-26,Iceland,Ukraine,False,-1.0418745435301413
2024-03-26,Uzbekistan,Hong Kong,False,2.5053894268989296e-05
2024-03-26,Hong Kong,Uzbekistan,True,-1.2705970358788538e-05
2024-03-26,Vietnam,Indonesia,True,-0.022608302853960687
2024-03-26,Indonesia,Vietnam,False,0.04139378879261768
2024-03-26,Yemen,United Arab Emirates,True,-2.6337986721649248e-05
2024-03-26,United Arab Emirates,Yemen,False,5.17523860197322e-05
2024-06-05,Antigua and Barbuda,Bermuda,False,-1.498011604780166
2024-06-05,Bermuda,Antigua and Barbuda,True,0.7027829127285212
2024-06-05,Central African Republic,Chad,False,0.1716088309044923
2024-06-05,Chad,Central African Republic,True,-0.09152221266736982
2024-06-05,Curaçao,Barbados,False,0.002939831175468033
2024-06-05,Barbados,Curaçao,True,-0.0015116185243124927
2024-06-05,Guatemala,Dominica,False,2.0478535001089426e-07
2024-06-05,Dominica,Guatemala,True,-1.034366957473193e-07
2024-06-05,Namibia,Liberia,False,-0.12542982520858903
2024-06-05,Liberia,Namibia,False,-0.06282044432060241
2024-06-05,Nicaragua,Montserrat,False,0.005695312971217614
2024-06-05,Montserrat,Nicaragua,True,-0.002951334473539065
2024-06-05,Sierra Leone,Djibouti,False,0.11083163741146196
2024-06-05,Djibouti,Sierra Leone,True,-0.0580492518093023
2024-06-05,Suriname,Saint Vincent and the Grenadines,False,0.00015935033136793564
2024-06-05,Saint Vincent and the Grenadines,Suriname,True,-8.182197540001654e-05
2024-06-05,Togo,South Sudan,False,-0.3694256379556853
2024-06-05,South Sudan,Togo,False,0.10580339854626697
2024-06-05,Trinidad and Tobago,Grenada,False,-0.5356490822771256
2024-06-05,Grenada,Trinidad and Tobago,False,0.18327533332315493
2024-06-05,Tunisia,Equatorial Guinea,False,1.6840262045173344
2024-06-05,Equatorial Guinea,Tunisia,False,-0.9233524916936388
2024-06-06,Algeria,Guinea,True,-0.33301396386016757
2024-06-06,Guinea,Algeria,False,0.5565324869828263
2024-06-06,Bangladesh,Australia,True,-0.00022492494404153295
2024-06-06,Australia,Bangladesh,False,0.00044461316638644277
2024-06-06,Benin,Rwanda,False,0.16918725585057048
2024-06-06,Rwanda,Benin,True,-0.08981339373454446
2024-06-06,China,Thailand,True,0.78669217084806
2024-06-06,Thailand,China,False,-1.6239727030521056
2024-06-06,Costa Rica,Saint Kitts and Nevis,False,0.0013756417863981518
2024-06-06,Saint Kitts and Nevis,Costa Rica,True,-0.0007018755721794859
2024-06-06,Egypt,Burkina Faso,False,0.16426571485645125
2024-06-06,Burkina Faso,Egypt,True,-0.08735676955869366
2024-06-06,Haiti,Saint Lucia,False,1.4024221648709265
2024-06-06,Saint Lucia,Haiti,False,-0.7568975268212433
2024-06-06,Honduras,Cuba,False,0.11140010944796863
2024-06-06,Cuba,Honduras,True,-0.058406675953689216
2024-06-06,Hong Kong,Iran,True,-0.0007215470049102639
2024-06-06,Iran,Hong Kong,False,0.0014165377090842313
2024-06-06,Indonesia,Iraq,True,-0.09350060205691044
2024-06-06,Iraq,Indonesia,False,0.17463911394370202
2024-06-06,Jamaica,Dominican Republic,False,0.13437384059799884
2024-06-06,Dominican Republic,Jamaica,True,-0.07097723636633896
2024-06-06,Jordan,Tajikistan,False,0.005195881276471859
2024-06-06,Tajikistan,Jordan,True,-0.002688214358697765
2024-06-06,Kyrgyzstan,Malaysia,False,-0.3160952528798755
2024-06-06,Malaysia,Kyrgyzstan,False,0.0265868131528042
2024-06-06,Libya,Mauritius,False,0.10781303215886551
2024-06-06,Mauritius,Libya,True,-0.05638083818978531
2024-06-06,Malawi,São Tomé and Príncipe,False,0.12243602641593299
2024-06-06,São Tomé and Príncipe,Malawi,True,-0.06435477331610152
2024-06-06,Mali,Ghana,False,-1.1779528837068582
2024-06-06,Ghana,Mali,False,1.9635917464490547
2024-06-06,Mauritania,Sudan,True,-0.009203325181483347
2024-06-06,Sudan,Mauritania,False,0.017385143935273017
2024-06-06,Myanmar,Japan,True,-7.3312177300114645e-06
2024-06-06,Japan,Myanmar,False,1.4466944030733231e-05
2024-06-06,Nepal,United Arab Emirates,True,-2.636318926567447e-08
2024-06-06,United Arab Emirates,Nepal,False,5.23526226814397e-08
2024-06-06,North Korea,Syria,False,1.9688377521205158
2024-06-06,Syria,North Korea,False,-1.2331971420805328
2024-06-06,Pakistan,Saudi Arabia,True,-9.32048441312287e-13
2024-06-06,Saudi Arabia,Pakistan,False,1.8545165403338615e-12
2024-06-06,Panama,Guyana,False,0.00460824953323824
2024-06-06,Guyana,Panama,True,-0.0023872787285522472
2024-06-06,Senegal,DR Congo,False,-1.8501951059806618
2024-06-06,DR Congo,Senegal,True,0.9206350066703544
2024-06-06,Singapore,South Korea,True,-1.3863308988687573e-09
2024-06-06,South Korea,Singapore,False,2.7487234710577013e-09
2024-06-06,Taiwan,Oman,True,-3.5553832871469305e-05
2024-06-06,Oman,Taiwan,False,6.969351120744705e-05
2024-06-06,Uzbekistan,Turkmenistan,False,0.002639251298389933
2024-06-06,Turkmenistan,Uzbekistan,True,-0.0013539556168831815
2024-06-06,Vietnam,Philippines,False,1.6623787197738733
2024-06-06,Philippines,Vietnam,False,-0.942668375478589
2024-06-07,Angola,Eswatini,False,0.1330376513507754
2024-06-07,Eswatini,Angola,True,-0.07001629359705261
2024-06-07,Ivory Coast,Gabon,False,0.1444931609504163
2024-06-07,Gabon,Ivory Coast,True,-0.07648086946743109
2024-06-07,Kenya,Burundi,False,-1.781905484612094
2024-06-07,Burundi,Kenya,True,0.8821835934634972
2024-06-07,Madagascar,Comoros,False,0.014548242745916262
2024-06-07,Comoros,Madagascar,True,-0.007674934479710716
2024-06-07,Morocco,Zambia,False,0.0024213348547483804
2024-06-07,Zambia,Morocco,True,-0.0012395356092979272
2024-06-07,Mozambique,Somalia,False,0.0901016765361855
2024-06-07,Somalia,Mozambique,True,-0.04678997626767612
2024-06-07,Nigeria,South Africa,False,-0.21472411384589574
2024-06-07,South Africa,Nigeria,False,-0.015299063736220253
2024-06-07,Uganda,Botswana,False,0.12390220837342536
2024-06-07,Botswana,Uganda,True,-0.06482460161653583
2024-06-07,Zimbabwe,Lesotho,True,-0.015098793833833784
2024-06-07,Lesotho,Zimbabwe,False,0.028098942946488403
2024-06-08,Anguilla,Suriname,True,-1.0532884225194121e-06
2024-06-08,Suriname,Anguilla,False,2.092359344008088e-06
2024-06-08,Aruba,Curaçao,True,-0.06753164223706891
2024-06-08,Curaçao,Aruba,False,0.12777590049025678
2024-06-08,Bahamas,Trinidad and Tobago,True,-4.6423685407284355e-12
2024-06-08,Trinidad and Tobago,Bahamas,False,9.226841513054751e-12
2024-06-08,Belize,Nicaragua,True,-0.0001038412333683508
2024-06-08,Nicaragua,Belize,False,0.00020213701117688387
2024-06-08,British Virgin Islands,Guatemala,True,-6.048571664212128e-06
2024-06-08,Guatemala,British Virgin Islands,False,1.1950376597180679e-05
2024-06-08,Cameroon,Cape Verde,False,0.00018530438452124542
2024-06-08,Cape Verde,Cameroon,True,-9.510629210014e-05
2024-06-08,Cayman Islands,Antigua and Barbuda,False,1.9919116895365514
2024-06-08,Antigua and Barbuda,Cayman Islands,False,-1.2435805155218163
2024-06-08,Estonia,Faroe Islands,False,0.1824748886893972
2024-06-08,Faroe Islands,Estonia,True,-0.09747016195965444
2024-06-08,Gambia,Seychelles,False,2.1200071099070072e-05
2024-06-08,Seychelles,Gambia,True,-1.0745355553496496e-05
2024-06-08,Latvia,Lithuania,True,-0.010326532929801685
2024-06-08,Lithuania,Latvia,False,0.019442131109416394
2024-06-09,Barbados,Haiti,True,-0.05641087990955902
2024-06-09,Haiti,Barbados,False,0.10709488200844808
2024-06-09,Bermuda,Honduras,True,-4.77774479760375e-06
2024-06-09,Honduras,Bermuda,False,9.314354714184958e-06
2024-06-09,DR Congo,Togo,False,0.14373308141717533
2024-06-09,Togo,DR Congo,True,-0.07602505174181096
2024-06-09,Djibouti,Ethiopia,False,0.1341269724682982
2024-06-09,Ethiopia,Djibouti,False,-0.44323261441063
2024-06-09,Dominica,Jamaica,True,-0.0009067804699071178
2024-06-09,Jamaica,Dominica,False,0.001776080786460632
2024-06-09,Grenada,Costa Rica,True,-2.051612695183129e-05
2024-06-09,Costa Rica,Grenada,False,4.033193161712134e-05
2024-06-09,Mauritania,Senegal,True,-0.05802497002898913
2024-06-09,Senegal,Mauritania,False,0.11109068752303353
2024-06-09,Montserrat,Panama,True,-0.0009739126255055521
2024-06-09,Panama,Montserrat,False,0.0019053438340956852
2024-06-09,Saint Vincent and the Grenadines,El Salvador,True,-0.06380092262526947
2024-06-09,El Salvador,Saint Vincent and the Grenadines,False,0.1214590086671512
2024-06-09,São Tomé and Príncipe,Liberia,False,-0.9433945201830819
2024-06-09,Liberia,São Tomé and Príncipe,False,1.6863500851458566
2024-06-10,Benin,Nigeria,False,0.32818372200761026
2024-06-10,Nigeria,Benin,True,-0.18309795051423217
2024-06-10,Burkina Faso,Sierra Leone,False,-1.8556544880832755
2024-06-10,Sierra Leone,Burkina Faso,True,0.9237503353813107
2024-06-10,Equatorial Guinea,Malawi,False,1.8208225644827847
2024-06-10,Malawi,Equatorial Guinea,False,-1.0126711060399138
2024-06-10,Ghana,Central African Republic,False,0.005930636351617391
2024-06-10,Central African Republic,Ghana,True,-0.00307805937319077
2024-06-10,Guinea,Mozambique,False,-1.2033566920019036
2024-06-10,Mozambique,Guinea,False,1.9648062201908576
2024-06-10,Guinea-Bissau,Egypt,False,0.06029643603908896
2024-06-10,Egypt,Guinea-Bissau,False,-0.2857333404143054
2024-06-10,Somalia,Botswana,True,-0.001087692234038083
2024-06-10,Botswana,Somalia,False,0.0021298796947175624
2024-06-10,Uganda,Algeria,True,-0.08895791495830171
2024-06-10,Algeria,Uganda,False,0.16714531497670304
2024-06-11,Angola,Cameroon,False,-0.048299116072367365
2024-06-11,Cameroon,Angola,False,-0.14962665004670983
2024-06-11,Australia,Palestine,False,1.308430974678032e-06
2024-06-11,Palestine,Australia,True,-6.645288011535592e-07
2024-06-11,Cape Verde,Libya,False,0.16511173800694445
2024-06-11,Libya,Cape Verde,True,-0.08782364056342934
2024-06-11,Chad,Comoros,True,-0.07506970024141596
2024-06-11,Comoros,Chad,False,0.14242203908300333
2024-06-11,Dominican Republic,British Virgin Islands,False,2.0827360329711553e-05
2024-06-11,British Virgin Islands,Dominican Republic,True,-1.0567945128213687e-05
2024-06-11,Gabon,Gambia,False,0.01295534144119559
2024-06-11,Gambia,Gabon,True,-0.006820639712501001
2024-06-11,Guyana,Belize,False,0.0004163408938779867
2024-06-11,Belize,Guyana,True,-0.00021551326109873562
2024-06-11,Indonesia,Philippines,False,0.014664074360319912
2024-06-11,Philippines,Indonesia,True,-0.007755236387761589
2024-06-11,Iraq,Vietnam,False,0.005885032836679294
2024-06-11,Vietnam,Iraq,True,-0.0030491638989301978
2024-06-11,Japan,Syria,False,2.188366992506019e-06
2024-06-11,Syria,Japan,True,-1.1139264833846962e-06
2024-06-11,Kuwait,Afghanistan,False,1.558513776774804
2024-06-11,Afghanistan,Kuwait,False,-0.8651599355581633
2024-06-11,Latvia,Faroe Islands,False,0.1898797561198422
2024-06-11,Faroe Islands,Latvia,True,-0.10165873585339588
2024-06-11,Lebanon,Bangladesh,False,9.674437917439604e-08
2024-06-11,Bangladesh,Lebanon,True,-4.876136502737113e-08
2024-06-11,Lesotho,Rwanda,True,-0.06746767814633504
2024-06-11,Rwanda,Lesotho,False,0.12879517160017073
2024-06-11,Lithuania,Estonia,False,-0.09373220578616204
2024-06-11,Estonia,Lithuania,False,-0.1030739711061679
2024-06-11,Malaysia,Taiwan,False,0.17419325319858414
2024-06-11,Taiwan,Malaysia,True,-0.09377594024359018
2024-06-11,Mauritius,Eswatini,False,0.3085880476606393
2024-06-11,Eswatini,Mauritius,True,-0.17152353636976753
2024-06-11,Morocco,Congo,False,1.2241763158726826e-11
2024-06-11,Congo,Morocco,True,-6.159876587205744e-12
2024-06-11,North Korea,Myanmar,False,0.005507307114425153
2024-06-11,Myanmar,North Korea,True,-0.0028564305751598924
2024-06-11,Oman,Kyrgyzstan,False,-0.27913145208361456
2024-06-11,Kyrgyzstan,Oman,False,0.03481857664000931
2024-06-11,Puerto Rico,Anguilla,False,4.440892098500626e-15
2024-06-11,Anguilla,Puerto Rico,True,-1.8444066006427222e-15
2024-06-11,Qatar,India,False,1.5072035166220539
2024-06-11,India,Qatar,False,-0.8239126067419782
2024-06-11,Saint Kitts and Nevis,Bahamas,False,0.12131442269468229
2024-06-11,Bahamas,Saint Kitts and Nevis,True,-0.06421935214628978
2024-06-11,Saint Lucia,Aruba,False,-0.14342701840681493
2024-06-11,Aruba,Saint Lucia,False,-0.10547910135426042
2024-06-11,Saudi Arabia,Jordan,True,-0.17348580041561112
2024-06-11,Jordan,Saudi Arabia,False,0.3117535637036517
2024-06-11,Seychelles,Burundi,True,-1.6543641231748568e-05
2024-06-11,Burundi,Seychelles,False,3.257960254510195e-05
2024-06-11,South Africa,Zimbabwe,False,0.16974395952377552
2024-06-11,Zimbabwe,South Africa,True,-0.09053090311880177
2024-06-11,South Korea,China,False,0.12596068560775553
2024-06-11,China,South Korea,True,-0.0661932325382003
2024-06-11,South Sudan,Sudan,True,-0.004156636952414122
2024-06-11,Sudan,South Sudan,False,0.007987177481193264
2024-06-11,Tajikistan,Pakistan,False,3.064638112659779e-05
2024-06-11,Pakistan,Tajikistan,True,-1.5557927808158722e-05
2024-06-11,Thailand,Singapore,False,1.5601786511047733
2024-06-11,Singapore,Thailand,False,-0.8713886498225536
2024-06-11,United Arab Emirates,Bahrain,False,-0.22410827887806217
2024-06-11,Bahrain,United Arab Emirates,False,-0.008874297130143871
2024-06-11,Yemen,Nepal,True,0.8231428137814186
2024-06-11,Nepal,Yemen,False,-1.681533015263144
2024-06-11,Zambia,Tanzania,True,-0.1948042391996304
2024-06-11,Tanzania,Zambia,False,0.3468552641480187
2024-06-14,Germany,Scotland,False,5.886493565920858e-06
2024-06-14,Scotland,Germany,True,-3.011188614634886e-06
2024-06-15,Hungary,Switzerland,True,-0.09780356350281588
2024-06-15,Switzerland,Hungary,False,0.1826566264474887
2024-06-15,Italy,Albania,False,0.10357248971996169
2024-06-15,Albania,Italy,True,-0.05384383075959595
2024-06-15,Spain,Croatia,False,0.0002960974802235228
2024-06-15,Croatia,Spain,True,-0.00015270079099251105
2024-06-15,Vanuatu,Solomon Islands,False,0.3554996755171822
2024-06-15,Solomon Islands,Vanuatu,True,-0.20269506451695626
2024-06-16,Fiji,Papua New Guinea,False,5.510697111965612e-07
2024-06-16,Papua New Guinea,Fiji,True,-2.8230278592296217e-07
2024-06-16,Poland,Netherlands,False,-1.0178312376686496
2024-06-16,Netherlands,Poland,False,1.7406833039776544
2024-06-16,Serbia,England,True,-0.07980666465000508
2024-06-16,England,Serbia,False,0.15058090621957376
2024-06-16,Slovenia,Denmark,True,0.9354677112402694
2024-06-16,Denmark,Slovenia,False,-1.8767075911109563
2024-06-16,Tahiti,Samoa,False,0.0020044301262451825
2024-06-16,Samoa,Tahiti,True,-0.0010254500035648529
2024-06-17,Austria,France,True,-0.08418154703486125
2024-06-17,France,Austria,False,0.15838011421596798
2024-06-17,Belgium,Slovakia,True,-0.2350612121502816
2024-06-17,Slovakia,Belgium,False,0.41061678741129537
2024-06-17,Romania,Ukraine,False,0.0006671467910859263
2024-06-17,Ukraine,Romania,True,-0.0003469729165594007
2024-06-18,New Zealand,Solomon Islands,False,4.501403085832578e-07
2024-06-18,Solomon Islands,New Zealand,True,-2.2783483353122622e-07
2024-06-18,Portugal,Czech Republic,False,1.687013560773
2024-06-18,Czech Republic,Portugal,False,-0.9507070188863044
2024-06-18,Turkey,Georgia,False,0.20089861570142276
2024-06-18,Georgia,Turkey,True,-0.10829711715243515
2024-06-19,Croatia,Albania,False,-0.24547896184274198
2024-06-19,Albania,Croatia,False,0.03493924594100195
2024-06-19,Fiji,Samoa,False,2.154987299718414e-11
2024-06-19,Samoa,Fiji,True,-1.0852257354104481e-11
2024-06-19,Germany,Hungary,False,0.0073279012108788955
2024-06-19,Hungary,Germany,True,-0.003818872921943263
2024-06-19,Papua New Guinea,Tahiti,False,-0.09379633635931706
2024-06-19,Tahiti,Papua New Guinea,False,-0.15411166513891184
2024-06-19,Scotland,Switzerland,False,-0.023211440665583005
2024-06-19,Switzerland,Scotland,False,-0.2194470279121905
2024-06-20,Argentina,Canada,False,0.11268846106720432
2024-06-20,Canada,Argentina,True,-0.058931598206344735
2024-06-20,Denmark,England,False,-0.043091801125931806
2024-06-20,England,Denmark,False,-0.16122329629174237
2024-06-20,Slovenia,Serbia,False,-1.7404452369438927
2024-06-20,Serbia,Slovenia,True,0.8581018786052597
2024-06-20,Spain,Italy,False,0.17590867956711076
2024-06-20,Italy,Spain,True,-0.09385038958664889
2024-06-21,Poland,Austria,True,-0.15147507313315967
2024-06-21,Austria,Poland,False,0.2747351570805976
2024-06-21,Slovakia,Ukraine,False,-1.079812407519892
2024-06-21,Ukraine,Slovakia,False,1.8659944354934181
2024-06-21,Vanuatu,New Zealand,True,-3.3759799153173744e-05
2024-06-21,New Zealand,Vanuatu,False,6.616679680782056e-05
2024-06-22,Belgium,Romania,False,0.1483965916743104
2024-06-22,Romania,Belgium,True,-0.07859589165340758
2024-06-22,Ecuador,Venezuela,True,-0.1639882675771776
2024-06-22,Venezuela,Ecuador,False,0.2962902773264382
2024-06-22,Fiji,Tahiti,False,0.23736571275183938
2024-06-22,Tahiti,Fiji,True,-0.1295852256906124
2024-06-22,Georgia,Czech Republic,False,-0.040353746171410965
2024-06-22,Czech Republic,Georgia,False,-0.19693576720807782
2024-06-22,Mexico,Jamaica,False,0.11522845173271845
2024-06-22,Jamaica,Mexico,True,-0.06026427898129744
2024-06-22,Samoa,Papua New Guinea,True,-0.04779666875856749
2024-06-22,Papua New Guinea,Samoa,False,0.09146422594304893
2024-06-22,Turkey,Portugal,True,-0.00014171991968735048
2024-06-22,Portugal,Turkey,False,0.0002749355118485397
2024-06-23,Germany,Switzerland,True,0.7334290464485802
2024-06-23,Switzerland,Germany,False,-1.5431358970611448
2024-06-23,Scotland,Hungary,False,-1.1240845204007122
2024-06-23,Hungary,Scotland,False,1.9019814866477516
2024-06-23,United States,Bolivia,False,0.009375514857643097
2024-06-23,Bolivia,United States,True,-0.004907542482103259
2024-06-23,Uruguay,Panama,False,0.11759929324559693
2024-06-23,Panama,Uruguay,True,-0.06161147801864985
2024-06-24,Albania,Spain,True,-0.04449290386911525
2024-06-24,Spain,Albania,False,0.08594060575471518
2024-06-24,Colombia,Paraguay,False,0.1262084975008433
2024-06-24,Paraguay,Colombia,True,-0.06616816849987314
2024-06-24,Croatia,Italy,False,-1.7479172891454855
2024-06-24,Italy,Croatia,True,0.8623894690017304
2024-06-25,Chile,Argentina,False,-0.974721316641409
2024-06-25,Argentina,Chile,False,1.7461824421712169
2024-06-25,France,Poland,False,-1.8316616673868338
2024-06-25,Poland,France,True,0.9101337913753332
2024-06-25,Netherlands,Austria,False,-1.2481830936006413
2024-06-25,Austria,Netherlands,False,1.984922859422263
2024-06-25,Peru,Canada,True,-0.14451357072232318
2024-06-25,Canada,Peru,False,0.2639047759166848
2024-06-26,Czech Republic,Turkey,False,-1.1087037519531595
2024-06-26,Turkey,Czech Republic,False,1.8526042214792617
2024-06-26,Ecuador,Jamaica,False,0.1089235446179635
2024-06-26,Jamaica,Ecuador,True,-0.05684460222228879
2024-06-26,Georgia,Portugal,False,0.06266104083306612
2024-06-26,Portugal,Georgia,True,-0.034830834300954176
2024-06-26,Slovakia,Romania,False,-0.10329538629545243
2024-06-26,Romania,Slovakia,False,-0.0958985864621078
2024-06-26,Venezuela,Mexico,False,0.28645940409082815
2024-06-26,Mexico,Venezuela,True,-0.15811747816783014
2024-06-27,New Zealand,Tahiti,False,1.7116219552804068e-09
2024-06-27,Tahiti,New Zealand,True,-8.624830922478793e-10
2024-06-27,United States,Panama,False,-1.33333661639664
2024-06-27,Panama,United States,False,2.055704460638259
2024-06-27,Uruguay,Bolivia,False,0.004912227119981072
2024-06-27,Bolivia,Uruguay,True,-0.0025388622337565747
2024-06-27,Vanuatu,Fiji,False,0.34145195858257305
2024-06-27,Fiji,Vanuatu,True,-0.19323423966383163
2024-06-28,Colombia,Costa Rica,False,7.087176970177467e-05
2024-06-28,Costa Rica,Colombia,True,-3.6129189734760414e-05
2024-06-28,Paraguay,Brazil,True,-3.292699316564121e-05
2024-06-28,Brazil,Paraguay,False,6.463068692763585e-05
2024-06-29,Argentina,Peru,False,0.12063958665995234
2024-06-29,Peru,Argentina,True,-0.06314540216170798
2024-06-29,Germany,Denmark,False,0.014637753758834027
2024-06-29,Denmark,Germany,True,-0.0077351737847186994
2024-06-29,Switzerland,Italy,False,0.01828024333288747
2024-06-29,Italy,Switzerland,True,-0.009698175605195997
2024-06-30,England,Slovakia,True,0.7855295293449501
2024-06-30,Slovakia,England,False,-1.621122562693698
2024-06-30,Jamaica,Venezuela,True,-0.002992454766823924
2024-06-30,Venezuela,Jamaica,False,0.0057801529866856605
2024-06-30,Spain,Georgia,False,0.003030268027891303
2024-06-30,Georgia,Spain,True,-0.0015560746465181337
2024-06-30,Tahiti,Fiji,False,1.896597834057073
2024-06-30,Fiji,Tahiti,False,-1.131682655325076
2024-06-30,Vanuatu,New Zealand,True,-0.049695821838019294
2024-06-30,New Zealand,Vanuatu,False,0.09500126392037211
2024-07-01,Bolivia,Panama,False,-1.125105524575094
2024-07-01,Panama,Bolivia,False,1.872753238756541
2024-07-01,France,Belgium,False,1.8383269725741318
2024-07-01,Belgium,France,False,-1.0876830053177367
2024-07-01,United States,Uruguay,True,-0.11982542523757288
2024-07-01,Uruguay,United States,False,0.22109741604317756
2024-07-02,Austria,Turkey,True,-0.16298001245545443
2024-07-02,Turkey,Austria,False,0.2938753569585537
2024-07-02,Brazil,Colombia,False,-0.16194313469789767
2024-07-02,Colombia,Brazil,False,-0.04525216586646952
2024-07-02,Costa Rica,Paraguay,False,0.26201967705369533
2024-07-02,Paraguay,Costa Rica,True,-0.14330638189906847
2024-07-02,Romania,Netherlands,True,-0.08445601127712278
2024-07-02,Netherlands,Romania,False,0.1589011233459625
2024-07-04,Argentina,Ecuador,False,-1.8600780574633173
2024-07-04,Ecuador,Argentina,True,0.9262525533399624
2024-07-05,Germany,Spain,True,0.8294235305740492
2024-07-05,Spain,Germany,False,-1.6949075450409663
2024-07-05,Venezuela,Canada,False,-0.12967600658374012
2024-07-05,Canada,Venezuela,False,-0.10310453688603083
2024-07-06,Colombia,Panama,False,7.43342282838455e-07
2024-07-06,Panama,Colombia,True,-3.7669467679661415e-07
2024-07-06,England,Switzerland,True,0.8192005813560564
2024-07-06,Switzerland,England,False,-1.676043870404253
2024-07-06,Netherlands,Turkey,False,1.706317491694746
2024-07-06,Turkey,Netherlands,False,-0.9912351718363491
2024-07-09,Argentina,Canada,False,0.003713268518170665
2024-07-09,Canada,Argentina,True,-0.001910329892875202
2024-07-09,Spain,France,False,0.23868042981156234
2024-07-09,France,Spain,True,-0.13003304980151004
2024-07-10,Netherlands,England,False,-1.0780637391234322
2024-07-10,England,Netherlands,False,1.8385266489748329
2024-07-10,Uruguay,Colombia,True,-0.10119982891649289
2024-07-10,Colombia,Uruguay,False,0.1891721834007436
2024-07-13,Canada,Uruguay,False,0.013918020320109026
2024-07-13,Uruguay,Canada,False,-0.2432077733171274
2024-07-14,Spain,England,False,1.8510307180827863
2024-07-14,England,Spain,False,-1.0749012698045122
2024-09-05,Argentina,Chile,False,0.13993975158817484
2024-09-05,Chile,Argentina,True,-0.073969561211136
2024-09-05,Australia,Bahrain,False,-1.3853162523573217
2024-09-05,Bahrain,Australia,False,2.1164506604693774
2024-09-05,Azerbaijan,Sweden,True,-0.0027294100571167556
2024-09-05,Sweden,Azerbaijan,False,0.005274286167160636
2024-09-05,Bolivia,Venezuela,False,0.002302554194022921
2024-09-05,Venezuela,Bolivia,True,-0.0012225128235526035
2024-09-05,Denmark,Switzerland,False,1.7955429676264627
2024-09-05,Switzerland,Denmark,False,-1.0437474889500846
2024-09-05,Estonia,Slovakia,True,-0.07180766078161284
2024-09-05,Slovakia,Estonia,False,0.1362666411647897
2024-09-05,Iran,Kyrgyzstan,False,0.07409993073288268
2024-09-05,Kyrgyzstan,Iran,True,-0.038328970308558884
2024-09-05,Iraq,Oman,False,0.17319641513060935
2024-09-05,Oman,Iraq,True,-0.09231327448976841
2024-09-05,Japan,China,False,1.5223910483364023e-06
2024-09-05,China,Japan,True,-7.736659995108487e-07
2024-09-05,Jordan,Kuwait,False,-1.8427372993437752
2024-09-05,Kuwait,Jordan,True,0.9162852467841487
2024-09-05,Northern Ireland,Luxembourg,False,0.004357567672166773
2024-09-05,Luxembourg,Northern Ireland,True,-0.002245969384245057
2024-09-05,Portugal,Croatia,False,0.19914236943177777
2024-09-05,Croatia,Portugal,True,-0.10750219714152728
2024-09-05,Qatar,United Arab Emirates,False,-1.1995278478421971
2024-09-05,United Arab Emirates,Qatar,False,1.9323580505581015
2024-09-05,San Marino,Liechtenstein,False,0.16977305845245416
2024-09-05,Liechtenstein,San Marino,True,-0.08991161634576994
2024-09-05,Saudi Arabia,Indonesia,False,-0.48938927077612004
2024-09-05,Indonesia,Saudi Arabia,False,0.16607899514176871
2024-09-05,Scotland,Poland,True,-0.16399516947118206
2024-09-05,Poland,Scotland,False,0.2950475870431677
2024-09-05,Uzbekistan,North Korea,False,0.14295607267291466
2024-09-05,North Korea,Uzbekistan,True,-0.0758608645107417
2024-09-06,Belgium,Israel,False,0.00797223722171525
2024-09-06,Israel,Belgium,True,-0.004163662224291394
2024-09-06,Brazil,Ecuador,False,0.13449008225224723
2024-09-06,Ecuador,Brazil,True,-0.07096891146468534
2024-09-06,Cook Islands,Tonga,True,-0.15634338231791492
2024-09-06,Tonga,Cook Islands,False,0.28339114750161176
2024-09-06,France,Italy,True,-0.01781210586601279
2024-09-06,Italy,France,False,0.03293350411725848
2024-09-06,Iceland,Montenegro,False,0.011197450941704101
2024-09-06,Montenegro,Iceland,True,-0.005879049164997098
2024-09-06,Kosovo,Romania,True,-0.00866434868688401
2024-09-06,Romania,Kosovo,False,0.01636573552479037
2024-09-06,Lithuania,Cyprus,True,-0.12581686697996047
2024-09-06,Cyprus,Lithuania,False,0.23177610697729412
2024-09-06,Peru,Colombia,False,-1.71050869655358
2024-09-06,Colombia,Peru,True,0.8402224070922873
2024-09-06,Samoa,American Samoa,False,0.1622735474547934
2024-09-06,American Samoa,Samoa,True,-0.08774900654726835
2024-09-06,Slovenia,Austria,False,-0.08215446667284843
2024-09-06,Austria,Slovenia,False,-0.13739276406548484
2024-09-07,Armenia,Latvia,False,0.012755350902759144
2024-09-07,Latvia,Armenia,True,-0.006715900239399053
2024-09-07,Faroe Islands,North Macedonia,False,-0.018582310606314767
2024-09-07,North Macedonia,Faroe Islands,False,-0.21302924842038218
2024-09-07,Georgia,Czech Republic,False,5.041619839607492e-05
2024-09-07,Czech Republic,Georgia,True,-2.6171254028212854e-05
2024-09-07,Germany,Hungary,False,0.00022233523403825117
2024-09-07,Hungary,Germany,True,-0.00011445922626452937
2024-09-07,Greece,Finland,False,0.006657910527816391
2024-09-07,Finland,Greece,True,-0.0034533294753038464
2024-09-07,Moldova,Malta,False,0.008868198352691259
2024-09-07,Malta,Moldova,True,-0.004624111855064686
2024-09-07,Netherlands,Bosnia and Herzegovina,False,0.1379350602776812
2024-09-07,Bosnia and Herzegovina,Netherlands,True,-0.07324091045647997
2024-09-07,Republic of Ireland,England,True,-0.002674134213167645
2024-09-07,England,Republic of Ireland,False,0.0051756042743074104
2024-09-07,Ukraine,Albania,True,-0.14284988511591074
2024-09-07,Albania,Ukraine,False,0.2614991496063914
2024-09-08,Bulgaria,Northern Ireland,False,0.2617001467706488
2024-09-08,Northern Ireland,Bulgaria,True,-0.14324165537860084
2024-09-08,Croatia,Poland,False,0.22159095994148714
2024-09-08,Poland,Croatia,True,-0.12062760852422522
2024-09-08,Denmark,Serbia,False,0.008653555124849888
2024-09-08,Serbia,Denmark,True,-0.00451692597949497
2024-09-08,Gibraltar,Liechtenstein,False,-0.13697655676099796
2024-09-08,Liechtenstein,Gibraltar,False,-0.03098818583054541
2024-09-08,Luxembourg,Belarus,False,-1.1228836727587008
2024-09-08,Belarus,Luxembourg,False,1.894572786423482
2024-09-08,Portugal,Scotland,False,1.58961001095811
2024-09-08,Scotland,Portugal,False,-0.8890553457301216
2024-09-08,Slovakia,Azerbaijan,False,0.0033767320867132966
2024-09-08,Azerbaijan,Slovakia,True,-0.0017356692474436765
2024-09-08,Sweden,Estonia,False,4.836110794625981e-05
2024-09-08,Estonia,Sweden,True,-2.4612028887211207e-05
2024-09-08,Switzerland,Spain,True,-0.12414951030742462
2024-09-08,Spain,Switzerland,False,0.22782681980902053
2024-09-09,Cyprus,Kosovo,True,-6.977368048248153e-06
2024-09-09,Kosovo,Cyprus,False,1.3577475879600343e-05
2024-09-09,France,Belgium,False,0.01588367099573862
2024-09-09,Belgium,France,True,-0.008413721890819386
2024-09-09,Israel,Italy,True,-0.003611632864793423
2024-09-09,Italy,Israel,False,0.006945930511632614
2024-09-09,Montenegro,Wales,True,-0.09475935454479144
2024-09-09,Wales,Montenegro,False,0.17750730996664998
2024-09-09,Norway,Austria,False,1.8128047847783828
2024-09-09,Austria,Norway,False,-1.0877059522336623
2024-09-09,Romania,Lithuania,False,1.5582953417376026
2024-09-09,Lithuania,Romania,False,-0.8351461451211913
2024-09-09,Samoa,Tonga,True,0.5800659420478158
2024-09-09,Tonga,Samoa,False,-1.3222285910278235
2024-09-09,Slovenia,Kazakhstan,False,9.322948859447067e-05
2024-09-09,Kazakhstan,Slovenia,True,-4.7614452830539046e-05
2024-09-09,Turkey,Iceland,False,0.22610575050783144
2024-09-09,Iceland,Turkey,True,-0.1235449547174082
2024-09-10,Albania,Georgia,True,-0.1433665969512898
2024-09-10,Georgia,Albania,False,0.2620027583876605
2024-09-10,Andorra,Malta,True,-0.0724561684110868
2024-09-10,Malta,Andorra,False,0.13798918401189075
2024-09-10,Bahrain,Japan,True,-1.4161888081556952e-06
2024-09-10,Japan,Bahrain,False,2.7802662572185e-06
2024-09-10,Chile,Bolivia,True,-0.3471479722122486
2024-09-10,Bolivia,Chile,False,0.5772877604514486
2024-09-10,China,Saudi Arabia,False,-1.0901611275770609
2024-09-10,Saudi Arabia,China,False,1.8637356369512932
2024-09-10,Colombia,Argentina,False,0.24069408728362385
2024-09-10,Argentina,Colombia,True,-0.13098099776944103
2024-09-10,Czech Republic,Ukraine,False,0.264058075193073
2024-09-10,Ukraine,Czech Republic,True,-0.14526711346552293
2024-09-10,Ecuador,Peru,False,0.19125830064891014
2024-09-10,Peru,Ecuador,True,-0.10257639550576805
2024-09-10,England,Finland,False,0.09033677447438082
2024-09-10,Finland,England,True,-0.04692796563041235
2024-09-10,Kyrgyzstan,Uzbekistan,True,-0.08286148916202798
2024-09-10,Uzbekistan,Kyrgyzstan,False,0.1559698859008538
2024-09-10,Latvia,Faroe Islands,False,0.1898797561198422
2024-09-10,Faroe Islands,Latvia,True,-0.10165873585339588
2024-09-10,Netherlands,Germany,False,-0.21047382608774234
2024-09-10,Germany,Netherlands,False,-0.10260066394307454
2024-09-10,North Korea,Qatar,False,0.018670308695100224
2024-09-10,Qatar,North Korea,False,-0.3049747651666066
2024-09-10,North Macedonia,Armenia,False,0.20068780164753353
2024-09-10,Armenia,North Macedonia,True,-0.10862214280572786
2024-09-10,Oman,South Korea,False,-0.9970273795342972
2024-09-10,South Korea,Oman,False,1.7785337565763153
2024-09-10,Palestine,Jordan,True,-0.004736627220600653
2024-09-10,Jordan,Palestine,False,0.00907519963983372
2024-09-10,Paraguay,Brazil,False,0.4033333825827845
2024-09-10,Brazil,Paraguay,True,-0.23017149362227085
2024-09-10,Republic of Ireland,Greece,True,-0.12161707633317426
2024-09-10,Greece,Republic of Ireland,False,0.22508657583462854
2024-09-10,United Arab Emirates,Iran,True,-0.0924562529518279
2024-09-10,Iran,United Arab Emirates,False,0.1732274667472744
2024-10-10,Australia,China,False,0.12453843868656644
2024-10-10,China,Australia,True,-0.06549489718566384
2024-10-10,Austria,Kazakhstan,False,8.623498127269258e-05
2024-10-10,Kazakhstan,Austria,True,-4.405177129368241e-05
2024-10-10,Bahrain,Indonesia,True,0.7381170264287137
2024-10-10,Indonesia,Bahrain,False,-1.5480698593074234
2024-10-10,Bolivia,Colombia,False,0.5282147837672442
2024-10-10,Colombia,Bolivia,True,-0.3128984358888177
2024-10-10,Chile,Brazil,False,-1.0052731204295935
2024-10-10,Brazil,Chile,False,1.7480404190552776
2024-10-10,England,Greece,True,-0.26385246023185965
2024-10-10,Greece,England,False,0.45602991629914635
2024-10-10,Faroe Islands,Armenia,False,-0.12170299900063353
2024-10-10,Armenia,Faroe Islands,False,-0.1395745959409047
2024-10-10,Fiji,Solomon Islands,False,0.27349303988998974
2024-10-10,Solomon Islands,Fiji,True,-0.15160148237983298
2024-10-10,Finland,Republic of Ireland,False,-1.0924768283820878
2024-10-10,Republic of Ireland,Finland,False,1.899692864341144
2024-10-10,Gibraltar,San Marino,False,0.09769648243879914
2024-10-10,San Marino,Gibraltar,True,-0.050662651811306365
2024-10-10,Iraq,Palestine,False,0.17226747738684045
2024-10-10,Palestine,Iraq,True,-0.09196278985627562
2024-10-10,Israel,France,True,-0.06956333630402592
2024-10-10,France,Israel,False,0.13142495799685117
2024-10-10,Italy,Belgium,False,-0.13887426935239433
2024-10-10,Belgium,Italy,False,-0.1120444155922149
2024-10-10,Jordan,South Korea,True,-0.005920344123050944
2024-10-10,South Korea,Jordan,False,0.011288676926196395
2024-10-10,Latvia,North Macedonia,True,-0.004827639755073737
2024-10-10,North Macedonia,Latvia,False,0.00924512984262238
2024-10-10,Moldova,Andorra,False,0.10054580530769597
2024-10-10,Andorra,Moldova,True,-0.05217632418155371
2024-10-10,Norway,Slovenia,False,0.00027128680534360683
2024-10-10,Slovenia,Norway,True,-0.00013976556257028617
2024-10-10,Oman,Kuwait,False,0.0002596136904053914
2024-10-10,Kuwait,Oman,True,-0.00013369821611000423
2024-10-10,Papua New Guinea,New Caledonia,True,-0.006620540020080172
2024-10-10,New Caledonia,Papua New Guinea,False,0.01258295169136403
2024-10-10,Qatar,Kyrgyzstan,False,0.006673653494770004
2024-10-10,Kyrgyzstan,Qatar,True,-0.0034700767618484583
2024-10-10,Saudi Arabia,Japan,True,-0.10747095623861327
2024-10-10,Japan,Saudi Arabia,False,0.19940731935820333
2024-10-10,United Arab Emirates,North Korea,False,-1.8220337533612945
2024-10-10,North Korea,United Arab Emirates,True,0.9043707542065593
2024-10-10,Venezuela,Argentina,False,0.052103867709526464
2024-10-10,Argentina,Venezuela,False,-0.3139449259398528
2024-10-11,Bosnia and Herzegovina,Germany,True,-0.10366947069111547
2024-10-11,Germany,Bosnia and Herzegovina,False,0.19175368548422478
2024-10-11,Czech Republic,Albania,False,0.0076180249535440225
2024-10-11,Albania,Czech Republic,True,-0.00396280373723572
2024-10-11,Estonia,Azerbaijan,False,0.010892149514721616
2024-10-11,Azerbaijan,Estonia,True,-0.005704714116870004
2024-10-11,Hungary,Netherlands,False,-1.5816655949025726
2024-10-11,Netherlands,Hungary,True,0.7591762579943335
2024-10-11,Iceland,Wales,False,-0.10217629098584147
2024-10-11,Wales,Iceland,False,-0.14418511093168185
2024-10-11,New Zealand,Tahiti,False,0.0016460357625254218
2024-10-11,Tahiti,New Zealand,True,-0.0008394923097100235
2024-10-11,Peru,Uruguay,False,1.9246549851796544
2024-10-11,Uruguay,Peru,False,-1.1416478477089012
2024-10-11,Slovakia,Sweden,False,-0.11948177198249432
2024-10-11,Sweden,Slovakia,False,-0.12843970930771187
2024-10-11,Turkey,Montenegro,False,0.1567815487509061
2024-10-11,Montenegro,Turkey,True,-0.08352734275038855
2024-10-11,Ukraine,Georgia,False,0.1785481170903349
2024-10-11,Georgia,Ukraine,True,-0.09539387812226283
2024-10-12,Croatia,Scotland,False,0.1759081414157473
2024-10-12,Scotland,Croatia,True,-0.09422901921283436
2024-10-12,Cyprus,Romania,True,-9.222563306126944e-05
2024-10-12,Romania,Cyprus,False,0.0001796540437450922
2024-10-12,Lithuania,Kosovo,True,-0.00369716626926951
2024-10-12,Kosovo,Lithuania,False,0.0071130028967325565
2024-10-12,Poland,Portugal,True,-0.008489533596221715
2024-10-12,Portugal,Poland,False,0.016022763126175565
2024-10-12,Serbia,Switzerland,False,0.028608110867846648
2024-10-12,Switzerland,Serbia,True,-0.015421192476885346
2024-10-12,Spain,Denmark,False,1.7052770833286846
2024-10-12,Denmark,Spain,False,-0.965969943863737
2024-10-12,Vanuatu,Samoa,False,0.003064288066939369
2024-10-12,Samoa,Vanuatu,True,-0.0015802145583045115
2024-10-13,Armenia,North Macedonia,True,-0.1499673953321205
2024-10-13,North Macedonia,Armenia,False,0.2713117620303369
2024-10-13,Austria,Norway,False,2.702976596946627e-05
2024-10-13,Norway,Austria,True,-1.396102853659115e-05
2024-10-13,Faroe Islands,Latvia,False,-0.13917503385674923
2024-10-13,Latvia,Faroe Islands,False,-0.06700127343306583
2024-10-13,Finland,England,True,-0.0023020022749715738
2024-10-13,England,Finland,False,0.004462811413124879
2024-10-13,Greece,Republic of Ireland,False,0.17100766250936772
2024-10-13,Republic of Ireland,Greece,True,-0.09088408131541889
2024-10-13,Kazakhstan,Slovenia,True,-0.08672675713504205
2024-10-13,Slovenia,Kazakhstan,False,0.16322199786866776
2024-10-13,Malta,Moldova,False,1.870388188821697
2024-10-13,Moldova,Malta,False,-1.0719576787322966
2024-10-14,Azerbaijan,Slovakia,True,-0.07617802274140946
2024-10-14,Slovakia,Azerbaijan,False,0.1441104979711163
2024-10-14,Belgium,France,True,-0.17630906297655646
2024-10-14,France,Belgium,False,0.31517303702666233
2024-10-14,Bosnia and Herzegovina,Hungary,True,-0.011761978677244933
2024-10-14,Hungary,Bosnia and Herzegovina,False,0.02202279022668696
2024-10-14,Estonia,Sweden,True,-9.322548458336477e-07
2024-10-14,Sweden,Estonia,False,1.833376104709572e-06
2024-10-14,Georgia,Albania,True,-0.1370320632584965
2024-10-14,Albania,Georgia,False,0.25123872149902304
2024-10-14,Germany,Netherlands,False,0.29067931480078624
2024-10-14,Netherlands,Germany,True,-0.1622314881636155
2024-10-14,Iceland,Turkey,True,-0.1707827189766078
2024-10-14,Turkey,Iceland,False,0.3053816390815549
2024-10-14,Italy,Israel,False,0.006471861135029844
2024-10-14,Israel,Italy,True,-0.003364847465380521
2024-10-14,Ukraine,Czech Republic,False,-0.14220051665129496
2024-10-14,Czech Republic,Ukraine,False,-0.09148111395565595
2024-10-14,Wales,Montenegro,False,0.13207488762848607
2024-10-14,Montenegro,Wales,True,-0.0695166382112808
2024-10-15,Argentina,Bolivia,False,5.49241572667114e-07
2024-10-15,Bolivia,Argentina,True,-2.7820829626066154e-07
2024-10-15,Belarus,Luxembourg,False,-1.8006301230733879
2024-10-15,Luxembourg,Belarus,True,0.8929462208445621
2024-10-15,Brazil,Peru,False,1.297912208819696e-06
2024-10-15,Peru,Brazil,True,-6.590402848887055e-07
2024-10-15,China,Indonesia,False,0.0064844792984208866
2024-10-15,Indonesia,China,True,-0.003368534877140914
2024-10-15,Colombia,Chile,False,0.007909521518529417
2024-10-15,Chile,Colombia,True,-0.004119845139919322
2024-10-15,Iran,Qatar,False,0.006264633699314182
2024-10-15,Qatar,Iran,True,-0.0032483210234831124
2024-10-15,Japan,Australia,True,0.7993084025112013
2024-10-15,Australia,Japan,False,-1.6445744971722998
2024-10-15,Jordan,Oman,False,0.00025807187871063064
2024-10-15,Oman,Jordan,True,-0.00013287244264391121
2024-10-15,Kosovo,Cyprus,False,4.669069264995329e-06
2024-10-15,Cyprus,Kosovo,True,-2.3847852900086624e-06
2024-10-15,Kyrgyzstan,North Korea,False,0.29946776607872394
2024-10-15,North Korea,Kyrgyzstan,True,-0.16689071604254888
2024-10-15,Lithuania,Romania,True,-0.05802497002898913
2024-10-15,Romania,Lithuania,False,0.11109068752303353
2024-10-15,Northern Ireland,Bulgaria,False,0.0001660929434899039
2024-10-15,Bulgaria,Northern Ireland,True,-8.518124636594389e-05
2024-10-15,Palestine,Kuwait,False,-0.16120441266227603
2024-10-15,Kuwait,Palestine,False,-0.06886473365426915
2024-10-15,Paraguay,Venezuela,False,0.21796090108087274
2024-10-15,Venezuela,Paraguay,True,-0.11796223078966141
2024-10-15,Poland,Croatia,False,-0.1282377923655491
2024-10-15,Croatia,Poland,False,-0.14798372476147081
2024-10-15,South Korea,Iraq,False,0.14312454444439338
2024-10-15,Iraq,South Korea,True,-0.07561698917461598
2024-10-15,Spain,Serbia,False,0.005701985325709202
2024-10-15,Serbia,Spain,True,-0.0029579536335612583
2024-10-15,Switzerland,Denmark,False,-0.14320124692093228
2024-10-15,Denmark,Switzerland,False,-0.1006244490503776
2024-10-15,Uzbekistan,United Arab Emirates,False,1.7785985029243436
2024-10-15,United Arab Emirates,Uzbekistan,False,-1.0200977934694153
2024-11-14,Armenia,Faroe Islands,True,-0.220944735889872
2024-11-14,Faroe Islands,Armenia,False,0.3874902431748066
2024-11-14,Bahrain,China,False,-1.1319290599776293
2024-11-14,China,Bahrain,False,1.9177990138855174
2024-11-14,Belgium,Italy,True,-0.1974458976376694
2024-11-14,Italy,Belgium,False,0.35030361908104224
2024-11-14,Ecuador,Bolivia,False,0.0001884629413773098
2024-11-14,Bolivia,Ecuador,True,-9.685427275037813e-05
2024-11-14,Greece,England,True,-0.07514966724679228
2024-11-14,England,Greece,False,0.14239775529536258
2024-11-14,Kazakhstan,Austria,True,-0.0035961788855315997
2024-11-14,Austria,Kazakhstan,False,0.006915787983017285
2024-11-14,Kuwait,South Korea,True,-0.0030009571158749774
2024-11-14,South Korea,Kuwait,False,0.005791482628323408
2024-11-14,North Korea,Iran,True,-0.05250789417968337
2024-11-14,Iran,North Korea,False,0.10060811716114504
2024-11-14,North Macedonia,Latvia,False,0.13617550653324706
2024-11-14,Latvia,North Macedonia,True,-0.07180297501406811
2024-11-14,Oman,Palestine,False,1.810138351720527
2024-11-14,Palestine,Oman,False,-1.0361864954331872
2024-11-14,Papua New Guinea,Fiji,False,-0.15195911782588656
2024-11-14,Fiji,Papua New Guinea,False,-0.13669028330905242
2024-11-14,Paraguay,Argentina,False,0.3718426229026792
2024-11-14,Argentina,Paraguay,True,-0.21015213384367235
2024-11-14,Qatar,Uzbekistan,False,0.2702445445020727
2024-11-14,Uzbekistan,Qatar,True,-0.14883102672599036
2024-11-14,Republic of Ireland,Finland,False,0.15569234757307449
2024-11-14,Finland,Republic of Ireland,True,-0.0824033925450676
2024-11-14,Slovenia,Norway,True,-0.007883869473951963
2024-11-14,Norway,Slovenia,False,0.014932977643018042
2024-11-14,Solomon Islands,New Caledonia,True,-0.13043892711643132
2024-11-14,New Caledonia,Solomon Islands,False,0.23888234151995036
2024-11-14,United Arab Emirates,Kyrgyzstan,False,0.006068403830734148
2024-11-14,Kyrgyzstan,United Arab Emirates,True,-0.0031481125018317443
2024-11-14,Venezuela,Brazil,False,0.06653619227378327
2024-11-14,Brazil,Venezuela,False,-0.3439620898786746
2024-11-15,Cyprus,Lithuania,False,0.17429717142284407
2024-11-15,Lithuania,Cyprus,True,-0.09297707200467908
2024-11-15,Denmark,Spain,True,-0.007147436769577523
2024-11-15,Spain,Denmark,False,0.013564520845705808
2024-11-15,Indonesia,Japan,True,-6.436204663291863e-07
2024-11-15,Japan,Indonesia,False,1.2668463660325813e-06
2024-11-15,Luxembourg,Bulgaria,True,-0.1386830582036201
2024-11-15,Bulgaria,Luxembourg,False,0.2534790406774077
2024-11-15,New Zealand,Vanuatu,False,2.559442435767778e-09
2024-11-15,Vanuatu,New Zealand,True,-1.2910520566499924e-09
2024-11-15,Northern Ireland,Belarus,False,0.005562877943628308
2024-11-15,Belarus,Northern Ireland,True,-0.0028776051029896685
2024-11-15,Portugal,Poland,False,0.009173201187983704
2024-11-15,Poland,Portugal,True,-0.00479937618115765
2024-11-15,Samoa,Tahiti,True,-0.0010254500035648529
2024-11-15,Tahiti,Samoa,False,0.0020044301262451825
2024-11-15,San Marino,Gibraltar,True,0.9319514786740056
2024-11-15,Gibraltar,San Marino,False,-1.8701114875118843
2024-11-15,Scotland,Croatia,False,1.934916670448344
2024-11-15,Croatia,Scotland,False,-1.194238092500729
2024-11-15,Switzerland,Serbia,False,-0.2875173804522413
2024-11-15,Serbia,Switzerland,False,0.00010584164404014995
2024-11-15,Uruguay,Colombia,False,0.23620454982426597
2024-11-15,Colombia,Uruguay,True,-0.12840237467277285
2024-11-16,Andorra,Moldova,False,-1.0250469702535834
2024-11-16,Moldova,Andorra,False,1.8639980505038332
2024-11-16,Georgia,Ukraine,True,0.8753202246068651
2024-11-16,Ukraine,Georgia,False,-1.7707229934142692
2024-11-16,Germany,Bosnia and Herzegovina,False,6.119846851504462e-10
2024-11-16,Bosnia and Herzegovina,Germany,True,-3.09734430703731e-10
2024-11-16,Montenegro,Iceland,True,-0.1455269200590521
2024-11-16,Iceland,Montenegro,False,0.2644141282611021
2024-11-16,Netherlands,Hungary,False,0.0002119775486573161
2024-11-16,Hungary,Netherlands,True,-0.00010905578477697884
2024-11-16,Sweden,Slovakia,False,0.20113989209784178
2024-11-16,Slovakia,Sweden,True,-0.1084805799085214
2024-11-17,Austria,Slovenia,False,-1.8357342851435487
2024-11-17,Slovenia,Austria,True,0.9126432304413064
2024-11-17,England,Republic of Ireland,False,5.4864789494235566e-05
2024-11-17,Republic of Ireland,England,True,-2.7927124921914093e-05
2024-11-17,Fiji,New Caledonia,False,-0.07523888250002497
2024-11-17,New Caledonia,Fiji,False,-0.16281504739231822
2024-11-17,Finland,Greece,True,-0.006054042689087406
2024-11-17,Greece,Finland,False,0.011547912091489199
2024-11-17,Israel,Belgium,False,2.1289152348806155
2024-11-17,Belgium,Israel,False,-1.4717012773184823
2024-11-17,Italy,France,True,-0.008131039858958142
2024-11-17,France,Italy,False,0.015388109907631176
2024-11-17,Latvia,Armenia,True,-0.15666505220318444
2024-11-17,Armenia,Latvia,False,0.28316536986750185
2024-11-17,North Macedonia,Faroe Islands,False,0.13428724803988468
2024-11-17,Faroe Islands,North Macedonia,True,-0.07077745108679447
2024-11-17,Norway,Kazakhstan,False,1.7986116889190384e-06
2024-11-17,Kazakhstan,Norway,True,-9.148438106547197e-07
2024-11-17,Papua New Guinea,Solomon Islands,True,-0.02084986873439704
2024-11-17,Solomon Islands,Papua New Guinea,False,0.03820067237649338
2024-11-18,Bulgaria,Belarus,False,-0.18103205292820923
2024-11-18,Belarus,Bulgaria,False,-0.05799848525076157
2024-11-18,Croatia,Portugal,False,-0.10221807940126482
2024-11-18,Portugal,Croatia,False,-0.16053317563595693
2024-11-18,Kosovo,Lithuania,False,0.11617744993289891
2024-11-18,Lithuania,Kosovo,True,-0.060914152793252394
2024-11-18,Liechtenstein,San Marino,True,-0.11863679420632889
2024-11-18,San Marino,Liechtenstein,False,0.22054434663097133
2024-11-18,Luxembourg,Northern Ireland,False,-0.020494958089248172
2024-11-18,Northern Ireland,Luxembourg,False,-0.1899029220966708
2024-11-18,New Zealand,Samoa,False,1.509903313490213e-14
2024-11-18,Samoa,New Zealand,True,-7.713264210834915e-15
2024-11-18,Poland,Scotland,False,-1.2543512787541231
2024-11-18,Scotland,Poland,False,1.976789705173391
2024-11-18,Romania,Cyprus,False,0.11055713655001753
2024-11-18,Cyprus,Romania,True,-0.057875700400059384
2024-11-18,Spain,Switzerland,False,0.16768265218492218
2024-11-18,Switzerland,Spain,True,-0.08972034118197891
2024-11-18,Tahiti,Vanuatu,False,0.019115144035328324
2024-11-18,Vanuatu,Tahiti,True,-0.010171365956522939
2024-11-19,Albania,Ukraine,True,-0.10476961101698994
2024-11-19,Ukraine,Albania,False,0.19534819696461314
2024-11-19,Argentina,Peru,False,0.11495110260070884
2024-11-19,Peru,Argentina,True,-0.06016090088309697
2024-11-19,Bahrain,Australia,False,0.0318700156038485
2024-11-19,Australia,Bahrain,False,-0.2711022498681781
2024-11-19,Bolivia,Paraguay,False,-0.06334698348690582
2024-11-19,Paraguay,Bolivia,False,-0.19104073589579906
2024-11-19,Bosnia and Herzegovina,Netherlands,False,0.04650019941523087
2024-11-19,Netherlands,Bosnia and Herzegovina,False,-0.3528563266772877
2024-11-19,Brazil,Uruguay,False,-0.2869715069858143
2024-11-19,Uruguay,Brazil,False,0.0365912297095119
2024-11-19,Chile,Venezuela,False,0.011107142447834395
2024-11-19,Venezuela,Chile,True,-0.0058297658109377065
2024-11-19,China,Japan,True,-0.0038727500768126815
2024-11-19,Japan,China,False,0.007440279707278119
2024-11-19,Colombia,Ecuador,True,-0.20851966215135387
2024-11-19,Ecuador,Colombia,False,0.36887386120577803
2024-11-19,Czech Republic,Georgia,False,0.1929218920211988
2024-11-19,Georgia,Czech Republic,True,-0.10389265426740762
2024-11-19,Hungary,Germany,False,0.010186896359352549
2024-11-19,Germany,Hungary,False,-0.3058655344382788
2024-11-19,Indonesia,Saudi Arabia,False,0.057989474850459466
2024-11-19,Saudi Arabia,Indonesia,True,-0.03214261465594236
2024-11-19,Kuwait,Jordan,False,-0.033474785866135726
2024-11-19,Jordan,Kuwait,False,-0.22463130300029932
2024-11-19,Kyrgyzstan,Iran,False,-0.8482843566258889
2024-11-19,Iran,Kyrgyzstan,False,1.5544274188647602
2024-11-19,Montenegro,Turkey,False,0.03835550446764335
2024-11-19,Turkey,Montenegro,True,-0.020886232859596753
2024-11-19,North Korea,Uzbekistan,True,-0.08071748015096256
2024-11-19,Uzbekistan,North Korea,False,0.1520762852966766
2024-11-19,Oman,Iraq,True,-0.12433321683102655
2024-11-19,Iraq,Oman,False,0.22933304620429462
2024-11-19,Palestine,South Korea,False,0.06866895021381292
2024-11-19,South Korea,Palestine,False,-0.30390560171444525
2024-11-19,Slovakia,Estonia,False,0.10028888711488948
2024-11-19,Estonia,Slovakia,True,-0.052248739309825216
2024-11-19,Sweden,Azerbaijan,False,5.808864500522759e-11
2024-11-19,Azerbaijan,Sweden,True,-2.928242368877483e-11
2024-11-19,United Arab Emirates,Qatar,False,6.412257969046209e-07
2024-11-19,Qatar,United Arab Emirates,True,-3.286538079496269e-07
2024-11-19,Wales,Iceland,False,0.010276780580250833
2024-11-19,Iceland,Wales,True,-0.005382608444380273
2025-03-19,Central African Republic,Madagascar,True,-0.010227111647232329
2025-03-19,Madagascar,Central African Republic,False,0.019217557980886646
2025-03-19,Liberia,Tunisia,True,-0.07145143938522451
2025-03-19,Tunisia,Liberia,False,0.1355793142649513
2025-03-20,Armenia,Georgia,True,-0.000437407201315479
2025-03-20,Georgia,Armenia,False,0.000837318418324795
2025-03-20,Australia,Indonesia,False,4.887475308912315e-07
2025-03-20,Indonesia,Australia,True,-2.4750114738593134e-07
2025-03-20,Austria,Serbia,False,-0.2190561218749172
2025-03-20,Serbia,Austria,False,-0.054422763469014424
2025-03-20,Brazil,Colombia,False,1.7685446284528457
2025-03-20,Colombia,Brazil,False,-1.0053502167200428
2025-03-20,Bulgaria,Republic of Ireland,True,-0.09571865654262382
2025-03-20,Republic of Ireland,Bulgaria,False,0.17931189133085068
2025-03-20,Cape Verde,Mauritius,False,1.516931944680844
2025-03-20,Mauritius,Cape Verde,False,-0.8113557002840743
2025-03-20,Comoros,Mali,True,-3.335389453938744e-05
2025-03-20,Mali,Comoros,False,6.547048063998417e-05
2025-03-20,Croatia,France,False,0.029267353771673665
2025-03-20,France,Croatia,True,-0.015778555926778313
2025-03-20,Denmark,Portugal,False,1.8883309941307072
2025-03-20,Portugal,Denmark,False,-1.1269803815771562
2025-03-20,Gabon,Seychelles,False,1.2586941154246745e-05
2025-03-20,Seychelles,Gabon,True,-6.3687185926696365e-06
2025-03-20,Gambia,Kenya,False,-0.13748520796388108
2025-03-20,Kenya,Gambia,False,-0.07447645444531314
2025-03-20,Greece,Scotland,True,-0.14431513299781665
2025-03-20,Scotland,Greece,False,0.26337196118690986
2025-03-20,Iran,United Arab Emirates,False,0.00482906554601481
2025-03-20,United Arab Emirates,Iran,True,-0.002494546429063146
2025-03-20,Iraq,Kuwait,True,0.9727679043445945
2025-03-20,Kuwait,Iraq,False,-1.9504889045728895
2025-03-20,Italy,Germany,False,-1.1563112536739921
2025-03-20,Germany,Italy,False,1.8925557417082421
2025-03-20,Japan,Bahrain,False,0.10333240321267079
2025-03-20,Bahrain,Japan,True,-0.0539781461107734
2025-03-20,Jordan,Palestine,False,0.008671136517423683
2025-03-20,Palestine,Jordan,True,-0.004525454818741745
2025-03-20,Kosovo,Iceland,False,0.29799975066327145
2025-03-20,Iceland,Kosovo,True,-0.1660537072045022
2025-03-20,Libya,Angola,False,-1.7824017409600263
2025-03-20,Angola,Libya,True,0.8824595081652519
2025-03-20,Malawi,Namibia,True,-0.11680674427715597
2025-03-20,Namibia,Malawi,False,0.21665091971861816
2025-03-20,Mozambique,Uganda,False,0.013893567727867762
2025-03-20,Uganda,Mozambique,True,-0.007310829416243843
2025-03-20,Netherlands,Spain,False,-1.6570609846524462
2025-03-20,Spain,Netherlands,True,0.8064279746595869
2025-03-20,Paraguay,Chile,False,0.266419043717935
2025-03-20,Chile,Paraguay,True,-0.14626058542399434
2025-03-20,Peru,Bolivia,False,0.15363954267832858
2025-03-20,Bolivia,Peru,True,-0.08170780618218541
2025-03-20,Qatar,North Korea,False,1.812884709018192e-07
2025-03-20,North Korea,Qatar,True,-9.244880612237348e-08
2025-03-20,Saudi Arabia,China,False,0.1716088309044923
2025-03-20,China,Saudi Arabia,True,-0.09152221266736982
2025-03-20,Sierra Leone,Guinea-Bissau,False,0.20456298253141147
2025-03-20,Guinea-Bissau,Sierra Leone,True,-0.10991435359302863
2025-03-20,South Korea,Oman,False,-1.8843146692327855
2025-03-20,Oman,South Korea,True,0.9394668518012139
2025-03-20,Turkey,Hungary,False,0.014631402964178086
2025-03-20,Hungary,Turkey,True,-0.007732122932514768
2025-03-20,Ukraine,Belgium,False,0.3949272237552788
2025-03-20,Belgium,Ukraine,True,-0.2252749066794485
2025-03-20,Uzbekistan,Kyrgyzstan,False,0.11283224021831506
2025-03-20,Kyrgyzstan,Uzbekistan,True,-0.05912950967460061
2025-03-20,Zimbabwe,Benin,False,-0.1027299274491642
2025-03-20,Benin,Zimbabwe,False,-0.11295487475198729
2025-03-21,Andorra,Latvia,True,-0.05897397270369062
2025-03-21,Latvia,Andorra,False,0.11318727042946275
2025-03-21,Botswana,Algeria,True,-0.0031605500834496654
2025-03-21,Algeria,Botswana,False,0.006092880641381804
2025-03-21,Burkina Faso,Djibouti,False,2.49725373713261e-07
2025-03-21,Djibouti,Burkina Faso,True,-1.2621664319866014e-07
2025-03-21,Burundi,Ivory Coast,True,-0.06460483551996953
2025-03-21,Ivory Coast,Burundi,False,0.12304326623879014
2025-03-21,Cyprus,San Marino,False,0.043716316180165915
2025-03-21,San Marino,Cyprus,True,-0.022297921575932383
2025-03-21,DR Congo,South Sudan,False,0.07368685724891577
2025-03-21,South Sudan,DR Congo,True,-0.03809188636061974
2025-03-21,Ecuador,Venezuela,False,0.010300433819562471
2025-03-21,Venezuela,Ecuador,True,-0.005395551782064748
2025-03-21,England,Albania,False,0.08535581226651656
2025-03-21,Albania,England,True,-0.04419952848622105
2025-03-21,Equatorial Guinea,São Tomé and Príncipe,False,0.0034721282062948333
2025-03-21,São Tomé and Príncipe,Equatorial Guinea,True,-0.0017866919141019766
2025-03-21,Ethiopia,Egypt,True,-0.0014921017393688795
2025-03-21,Egypt,Ethiopia,False,0.002909734623832705
2025-03-21,Ghana,Chad,False,1.938965876746579e-09
2025-03-21,Chad,Ghana,True,-9.772450674460365e-10
2025-03-21,Malta,Finland,True,-0.06587865865700283
2025-03-21,Finland,Malta,False,0.12554876001918247
2025-03-21,Morocco,Niger,False,1.4371382813786724
2025-03-21,Niger,Morocco,False,-0.7639413740268094
2025-03-21,New Caledonia,Tahiti,False,0.2059873037205464
2025-03-21,Tahiti,New Caledonia,True,-0.11099407717425713
2025-03-21,New Zealand,Fiji,False,7.860379014346108e-14
2025-03-21,Fiji,New Zealand,True,-3.949101116625912e-14
2025-03-21,Poland,Lithuania,False,1.4083130928668015
2025-03-21,Lithuania,Poland,False,-0.7580922622589391
2025-03-21,Romania,Bosnia and Herzegovina,True,-0.19700823834848108
2025-03-21,Bosnia and Herzegovina,Romania,False,0.3499342432517829
2025-03-21,Rwanda,Nigeria,True,-0.0032275066755221332
2025-03-21,Nigeria,Rwanda,False,0.006228706575209575
2025-03-21,Uruguay,Argentina,True,-0.11138268180138386
2025-03-21,Argentina,Uruguay,False,0.20671855226537827
2025-03-22,Czech Republic,Faroe Islands,False,0.10090765635775645
2025-03-22,Faroe Islands,Czech Republic,True,-0.05268839616908132
2025-03-22,Israel,Estonia,False,0.16004643767393256
2025-03-22,Estonia,Israel,True,-0.0852063467921983
2025-03-22,Liechtenstein,North Macedonia,True,-0.0005712641044999062
2025-03-22,North Macedonia,Liechtenstein,False,0.0011242329484510982
2025-03-22,Moldova,Norway,True,-6.284177122938906e-09
2025-03-22,Norway,Moldova,False,1.2424234530072908e-08
2025-03-22,Montenegro,Gibraltar,False,0.0012308144357104922
2025-03-22,Gibraltar,Montenegro,True,-0.0006264291997788498
2025-03-22,Togo,Mauritania,False,-0.1668533964479968
2025-03-22,Mauritania,Togo,False,-0.04189195460478201
2025-03-22,Wales,Kazakhstan,False,0.1071945199008808
2025-03-22,Kazakhstan,Wales,True,-0.05601649643261418
2025-03-23,Belgium,Ukraine,False,0.0083747438065358
2025-03-23,Ukraine,Belgium,True,-0.004372850306604604
2025-03-23,Eswatini,Mauritius,False,-1.841937068163765
2025-03-23,Mauritius,Eswatini,True,0.916186953505703
2025-03-23,France,Croatia,False,0.18182553846248872
2025-03-23,Croatia,France,True,-0.09760549101496108
2025-03-23,Georgia,Armenia,False,1.696808236140157e-07
2025-03-23,Armenia,Georgia,True,-8.649634463016531e-08
2025-03-23,Germany,Italy,False,-1.7686819176111306
2025-03-23,Italy,Germany,True,0.8738964151222415
2025-03-23,Hungary,Turkey,True,-0.013457232952286765
2025-03-23,Turkey,Hungary,False,0.025080873320276087
2025-03-23,Iceland,Kosovo,True,-0.17240834226747084
2025-03-23,Kosovo,Iceland,False,0.3093151847974176
2025-03-23,Kenya,Gabon,True,-0.12650612390132543
2025-03-23,Gabon,Kenya,False,0.23287056540174955
2025-03-23,Portugal,Denmark,False,0.19158091262328902
2025-03-23,Denmark,Portugal,True,-0.10292904990359086
2025-03-23,Republic of Ireland,Bulgaria,False,1.7235757295511465
2025-03-23,Bulgaria,Republic of Ireland,False,-0.9543360564512238
2025-03-23,Scotland,Greece,True,-0.0005125186160322935
2025-03-23,Greece,Scotland,False,0.0009802121139377284
2025-03-23,Serbia,Austria,False,0.27406787484521145
2025-03-23,Austria,Serbia,True,-0.15140728898118921
2025-03-23,Spain,Netherlands,False,-1.7883793578261074
2025-03-23,Netherlands,Spain,True,0.8850447747718807
2025-03-24,Albania,Andorra,False,0.000601770068876295
2025-03-24,Andorra,Albania,True,-0.00030439031401622197
2025-03-24,Bosnia and Herzegovina,Cyprus,False,0.14498762802264764
2025-03-24,Cyprus,Bosnia and Herzegovina,True,-0.07692758680862506
2025-03-24,England,Latvia,False,0.0008726609562526022
2025-03-24,Latvia,England,True,-0.0004430967970995325
2025-03-24,Ethiopia,Djibouti,False,2.880822469464306e-08
2025-03-24,Djibouti,Ethiopia,True,-1.4601708726052089e-08
2025-03-24,Guinea-Bissau,Burkina Faso,True,-0.09315334931443521
2025-03-24,Burkina Faso,Guinea-Bissau,False,0.17447090782950792
2025-03-24,Ivory Coast,Gambia,False,0.13744070059086866
2025-03-24,Gambia,Ivory Coast,True,-0.07266642846347807
2025-03-24,Liberia,São Tomé and Príncipe,False,0.13714379179870928
2025-03-24,São Tomé and Príncipe,Liberia,True,-0.07257983584268779
2025-03-24,Lithuania,Finland,False,0.02942161609967542
2025-03-24,Finland,Lithuania,False,-0.2461327681051384
2025-03-24,Madagascar,Ghana,True,-8.778901104842282e-05
2025-03-24,Ghana,Madagascar,False,0.00017110191015712317
2025-03-24,Namibia,Equatorial Guinea,False,-0.06839515942081142
2025-03-24,Equatorial Guinea,Namibia,False,-0.10965829812838934
2025-03-24,New Zealand,New Caledonia,False,0.002177857080743806
2025-03-24,New Caledonia,New Zealand,True,-0.0011144463724409863
2025-03-24,Poland,Malta,False,0.0017240012149706274
2025-03-24,Malta,Poland,True,-0.0008805828600202703
2025-03-24,San Marino,Romania,True,-7.480725797814784e-07
2025-03-24,Romania,San Marino,False,1.4875267653202684e-06
2025-03-24,Tunisia,Malawi,False,1.6325123800602994
2025-03-24,Malawi,Tunisia,False,-0.8814383781159694
2025-03-25,Algeria,Mozambique,False,0.00012719849612974343
2025-03-25,Mozambique,Algeria,True,-6.51890932093358e-05
2025-03-25,Angola,Cape Verde,True,-0.11225756912589986
2025-03-25,Cape Verde,Angola,False,0.20870140153793315
2025-03-25,Argentina,Brazil,False,0.0005107663792465189
2025-03-25,Brazil,Argentina,True,-0.00026486934134840515
2025-03-25,Benin,South Africa,True,-0.08824929420672747
2025-03-25,South Africa,Benin,False,0.16618680169763023
2025-03-25,Botswana,Somalia,False,0.08315843199335804
2025-03-25,Somalia,Botswana,True,-0.04299267999222186
2025-03-25,Burundi,Seychelles,False,3.257960254510195e-05
2025-03-25,Seychelles,Burundi,True,-1.6543641231748568e-05
2025-03-25,Cameroon,Libya,False,0.0001385755758009921
2025-03-25,Libya,Cameroon,True,-7.098341363281513e-05
2025-03-25,China,Australia,True,-0.004224600214272236
2025-03-25,Australia,China,False,0.00810752105259649
2025-03-25,Colombia,Paraguay,False,-0.3201229867462869
2025-03-25,Paraguay,Colombia,False,0.07677705371783627
2025-03-25,Comoros,Chad,False,0.14242203908300333
2025-03-25,Chad,Comoros,True,-0.07506970024141596
2025-03-25,Egypt,Sierra Leone,False,0.09332453214637049
2025-03-25,Sierra Leone,Egypt,True,-0.04847850546108313
2025-03-25,Gibraltar,Czech Republic,True,-3.576245902288536e-06
2025-03-25,Czech Republic,Gibraltar,False,7.082980619355084e-06
2025-03-25,Indonesia,Bahrain,False,0.346852168564455
2025-03-25,Bahrain,Indonesia,True,-0.19515787688271893
2025-03-25,Iran,Uzbekistan,True,0.7873743705523008
2025-03-25,Uzbekistan,Iran,False,-1.6243320596631374
2025-03-25,Israel,Norway,True,-0.008831673408140036
2025-03-25,Norway,Israel,False,0.016640364353364134
2025-03-25,Kuwait,Oman,True,-0.1257681407189541
2025-03-25,Oman,Kuwait,False,0.23146063681562357
2025-03-25,Kyrgyzstan,Qatar,False,2.005615631781941
2025-03-25,Qatar,Kyrgyzstan,False,-1.2859510825750387
2025-03-25,Liechtenstein,Kazakhstan,True,-0.0010682075256802407
2025-03-25,Kazakhstan,Liechtenstein,False,0.0020913345815523066
2025-03-25,Mauritania,DR Congo,True,-0.08760136806070709
2025-03-25,DR Congo,Mauritania,False,0.16482279649087728
2025-03-25,Moldova,Estonia,True,-0.005912053096347504
2025-03-25,Estonia,Moldova,False,0.0112817167141408
2025-03-25,Montenegro,Faroe Islands,False,1.716782046158424
2025-03-25,Faroe Islands,Montenegro,False,-0.9565252249654814
2025-03-25,Morocco,Tanzania,False,0.0011242329484510982
2025-03-25,Tanzania,Morocco,True,-0.0005712641044999062
2025-03-25,Nigeria,Zimbabwe,False,-1.8490408835660785
2025-03-25,Zimbabwe,Nigeria,True,0.9198419720126026
2025-03-25,North Korea,United Arab Emirates,False,-0.9927210418289831
2025-03-25,United Arab Emirates,North Korea,False,1.727166516808837
2025-03-25,North Macedonia,Wales,False,-0.04599759474578535
2025-03-25,Wales,North Macedonia,False,-0.17926179408139875
2025-03-25,Palestine,Iraq,True,2.904176878355356
2025-03-25,Iraq,Palestine,False,-2.820529372571606
2025-03-25,Rwanda,Lesotho,False,-1.8754525856932864
2025-03-25,Lesotho,Rwanda,True,0.934762854599868
2025-03-25,Senegal,Togo,False,0.0027527859885365658
2025-03-25,Togo,Senegal,True,-0.0014116168040906063
2025-03-25,South Korea,Jordan,False,-0.2860622648025135
2025-03-25,Jordan,South Korea,False,0.03878984185132606
2025-03-25,Sudan,South Sudan,False,-0.19889598846715906
2025-03-25,South Sudan,Sudan,False,0.006498453440008323
2025-03-25,Uganda,Guinea,False,0.19442734960890773
2025-03-25,Guinea,Uganda,True,-0.10419069652374496
2025-03-25,Venezuela,Peru,False,0.2491942765849311
2025-03-25,Peru,Venezuela,True,-0.1361546512313186
2025-06-04,Barbados,Aruba,False,-0.2181176827863125
2025-06-04,Aruba,Barbados,False,-0.0874834297610878
2025-06-04,Bermuda,Cayman Islands,False,5.8980948005604716e-05
2025-06-04,Cayman Islands,Bermuda,True,-3.0080978559467544e-05
2025-06-04,Dominica,British Virgin Islands,False,0.00013452297302363192
2025-06-04,British Virgin Islands,Dominica,True,-6.892919808131546e-05
2025-06-04,Germany,Portugal,True,-0.1993746563410069
2025-06-04,Portugal,Germany,False,0.3519961107878875
2025-06-04,Grenada,Bahamas,False,2.88898099620738e-06
2025-06-04,Bahamas,Grenada,True,-1.4730023208368932e-06
2025-06-04,Montserrat,Belize,False,0.2273317704153377
2025-06-04,Belize,Montserrat,True,-0.12316631996851653
2025-06-04,Saint Vincent and the Grenadines,Anguilla,False,9.336575956808701e-10
2025-06-04,Anguilla,Saint Vincent and the Grenadines,True,-4.702214207283489e-10
2025-06-05,Australia,Japan,False,1.8593415763387735
2025-06-05,Japan,Australia,False,-1.1136071051709697
2025-06-05,Bahrain,Saudi Arabia,True,-0.11010961121461604
2025-06-05,Saudi Arabia,Bahrain,False,0.20459886854892995
2025-06-05,Chile,Argentina,True,-0.10151185452162771
2025-06-05,Argentina,Chile,False,0.18914355259775295
2025-06-05,Indonesia,China,False,0.389066426341905
2025-06-05,China,Indonesia,True,-0.2218202546952867
2025-06-05,Iraq,South Korea,True,-0.10295321059508997
2025-06-05,South Korea,Iraq,False,0.1919476390755639
2025-06-05,Kuwait,Palestine,True,-0.15474689525557553
2025-06-05,Palestine,Kuwait,False,0.28010830447424695
2025-06-05,North Korea,Kyrgyzstan,False,-1.7493158240445918
2025-06-05,Kyrgyzstan,North Korea,True,0.8626837032631917
2025-06-05,Oman,Jordan,True,-0.000295231291815557
2025-06-05,Jordan,Oman,False,0.0005686665528310542
2025-06-05,Paraguay,Uruguay,False,0.28787147555885806
2025-06-05,Uruguay,Paraguay,True,-0.1588340700429294
2025-06-05,Qatar,Iran,False,0.37066259349364117
2025-06-05,Iran,Qatar,True,-0.21001450529826254
2025-06-05,Spain,France,False,1.8137891238723114e-05
2025-06-05,France,Spain,True,-9.336647303779591e-06
2025-06-06,Antigua and Barbuda,Cuba,True,-0.10766951405380212
2025-06-06,Cuba,Antigua and Barbuda,False,0.19940895649203538
2025-06-06,Curaçao,Saint Lucia,False,6.454716667825267e-07
2025-06-06,Saint Lucia,Curaçao,True,-3.2706822717953795e-07
2025-06-06,Czech Republic,Montenegro,False,0.007409184852158468
2025-06-06,Montenegro,Czech Republic,True,-0.003856703663812809
2025-06-06,Estonia,Israel,True,-0.11138948214011629
2025-06-06,Israel,Estonia,False,0.20574542992676514
2025-06-06,Gibraltar,Croatia,True,-2.8264920536671015e-11
2025-06-06,Croatia,Gibraltar,False,5.629541277585304e-11
2025-06-06,Guatemala,Dominican Republic,False,0.00812440410046067
2025-06-06,Dominican Republic,Guatemala,True,-0.004237994500662061
2025-06-06,Nicaragua,Guyana,False,0.22535505417218404
2025-06-06,Guyana,Nicaragua,True,-0.12306198876312914
2025-06-06,North Macedonia,Belgium,True,0.921031462100724
2025-06-06,Belgium,North Macedonia,False,-1.8514973185636219
2025-06-06,Norway,Italy,False,0.0013425377276501393
2025-06-06,Italy,Norway,True,-0.0007056561687266031
2025-06-06,Suriname,Puerto Rico,False,1.5796355695452888
2025-06-06,Puerto Rico,Suriname,False,-0.8889244811526466
2025-06-06,Trinidad and Tobago,Saint Kitts and Nevis,False,0.00581904140957068
2025-06-06,Saint Kitts and Nevis,Trinidad and Tobago,True,-0.003021279149801285
2025-06-06,Venezuela,Bolivia,False,0.011086843620119247
2025-06-06,Bolivia,Venezuela,True,-0.005824790996003966
2025-06-06,Wales,Liechtenstein,False,1.4588852259578289e-06
2025-06-06,Liechtenstein,Wales,True,-7.336339837592495e-07
2025-06-07,Andorra,England,True,-0.011491560211449174
2025-06-07,England,Andorra,False,0.022728423934503805
2025-06-07,Anguilla,El Salvador,True,-0.00010973182018946342
2025-06-07,El Salvador,Anguilla,False,0.00021771146017401932
2025-06-07,Aruba,Haiti,True,-8.271849939450563e-07
2025-06-07,Haiti,Aruba,False,1.6262384536780417e-06
2025-06-07,Austria,Romania,False,0.010571081102197066
2025-06-07,Romania,Austria,True,-0.005538226281679603
2025-06-07,Bahamas,Costa Rica,True,-7.505827740665079e-14
2025-06-07,Costa Rica,Bahamas,False,1.496580637194711e-13
2025-06-07,Belize,Panama,True,-0.0011948527886237756
2025-06-07,Panama,Belize,False,0.0023336322755183048
2025-06-07,Bosnia and Herzegovina,San Marino,False,0.023726420223628253
2025-06-07,San Marino,Bosnia and Herzegovina,True,-0.012022447736994218
2025-06-07,British Virgin Islands,Jamaica,True,-0.019302288621544362
2025-06-07,Jamaica,British Virgin Islands,False,0.037740221818576725
2025-06-07,Cayman Islands,Honduras,False,-0.6346847455510467
2025-06-07,Honduras,Cayman Islands,False,1.209896938260633
2025-06-07,Finland,Netherlands,True,-0.003991379296895521
2025-06-07,Netherlands,Finland,False,0.007662630363408418
2025-06-08,Germany,France,True,-0.1813168251636528
2025-06-08,France,Germany,False,0.32289704290886556
2025-06-08,Portugal,Spain,False,-0.06738224427497785
2025-06-08,Spain,Portugal,False,-0.17296244854498233
2025-06-09,Belgium,Wales,False,1.649329784226619
2025-06-09,Wales,Belgium,False,-0.9261856874455339
2025-06-09,Croatia,Czech Republic,False,8.783944142720657e-06
2025-06-09,Czech Republic,Croatia,True,-4.502265817489177e-06
2025-06-09,Estonia,Norway,True,-0.07163841602191198
2025-06-09,Norway,Estonia,False,0.13563106303291272
2025-06-09,Faroe Islands,Gibraltar,False,1.5843520633463393
2025-06-09,Gibraltar,Faroe Islands,False,-0.8532000932527309
2025-06-09,Italy,Moldova,False,0.0008149257602778626
2025-06-09,Moldova,Italy,True,-0.00041350226815483574
2025-06-09,Kazakhstan,North Macedonia,True,-0.1242807870191347
2025-06-09,North Macedonia,Kazakhstan,False,0.22862439317285244
2025-06-10,Argentina,Colombia,True,0.8242045849649844
2025-06-10,Colombia,Argentina,False,-1.6840380745678227
2025-06-10,Bolivia,Chile,False,0.444468442176142
2025-06-10,Chile,Bolivia,True,-0.2579467940075332
2025-06-10,Brazil,Paraguay,False,0.1015988667180796
2025-06-10,Paraguay,Brazil,True,-0.052984972978139054
2025-06-10,China,Bahrain,False,1.828236692023049
2025-06-10,Bahrain,China,False,-1.04526726438238
2025-06-10,Costa Rica,Trinidad and Tobago,False,0.13063373434075976
2025-06-10,Trinidad and Tobago,Costa Rica,True,-0.06901693386248503
2025-06-10,Cuba,Bermuda,True,-0.22910571998387708
2025-06-10,Bermuda,Cuba,False,0.3983654084465451
2025-06-10,Dominican Republic,Dominica,False,1.314157552556594e-06
2025-06-10,Dominica,Dominican Republic,True,-6.67528400194379e-07
2025-06-10,El Salvador,Suriname,False,-0.15385006193272766
2025-06-10,Suriname,El Salvador,False,-0.047580575308508344
2025-06-10,Finland,Poland,False,0.33196163458216077
2025-06-10,Poland,Finland,True,-0.1860427298067337
2025-06-10,Guyana,Montserrat,False,0.0006407526658707141
2025-06-10,Montserrat,Guyana,True,-0.0003338685665193653
2025-06-10,Haiti,Curaçao,True,-0.01482139157144744
2025-06-10,Curaçao,Haiti,False,0.027567492419937167
2025-06-10,Honduras,Antigua and Barbuda,False,0.061000350891628585
2025-06-10,Antigua and Barbuda,Honduras,True,-0.0314736278503032
2025-06-10,Iran,North Korea,False,0.09254217606447179
2025-06-10,North Korea,Iran,True,-0.04828923125932535
2025-06-10,Jamaica,Guatemala,False,0.00031624578682798443
2025-06-10,Guatemala,Jamaica,True,-0.00016315980066868577
2025-06-10,Japan,Indonesia,False,3.596121622706505e-09
2025-06-10,Indonesia,Japan,True,-1.8150810710809484e-09
2025-06-10,Jordan,Iraq,True,-0.16485485563920751
2025-06-10,Iraq,Jordan,False,0.29749017225441765
2025-06-10,Kyrgyzstan,United Arab Emirates,True,0.896090087483334
2025-06-10,United Arab Emirates,Kyrgyzstan,False,-1.8068869315395317
2025-06-10,Latvia,Albania,False,0.0028834078301156474
2025-06-10,Albania,Latvia,False,-0.1994422596902563
2025-06-10,Netherlands,Malta,False,5.659868129725965e-10
2025-06-10,Malta,Netherlands,True,-2.8485249075715055e-10
2025-06-10,Palestine,Oman,False,-1.7630182382605373
2025-06-10,Oman,Palestine,True,0.8713600154251971
2025-06-10,Panama,Nicaragua,False,0.11667698828024387
2025-06-10,Nicaragua,Panama,True,-0.061250308501834674
2025-06-10,Puerto Rico,Saint Vincent and the Grenadines,False,1.6824029473938489
2025-06-10,Saint Vincent and the Grenadines,Puerto Rico,False,-1.0264184851204272
2025-06-10,Romania,Cyprus,False,0.003730297587268172
2025-06-10,Cyprus,Romania,True,-0.0019204165208058317
2025-06-10,Saint Kitts and Nevis,Grenada,False,-1.2229489504848157
2025-06-10,Grenada,Saint Kitts and Nevis,False,1.9363057443833769
2025-06-10,Saint Lucia,Barbados,False,1.77978423800494
2025-06-10,Barbados,Saint Lucia,False,-1.06099062601144
2025-06-10,San Marino,Austria,True,-2.5942991364102602e-09
2025-06-10,Austria,San Marino,False,5.166845618020943e-09
2025-06-10,Saudi Arabia,Australia,True,-0.11349640042332623
2025-06-10,Australia,Saudi Arabia,False,0.21017306958498327
2025-06-10,Serbia,Andorra,False,5.10965194377988e-06
2025-06-10,Andorra,Serbia,True,-2.57679910006691e-06
2025-06-10,South Korea,Kuwait,False,9.232782809398543e-07
2025-06-10,Kuwait,South Korea,True,-4.6832740603553004e-07
2025-06-10,Uruguay,Venezuela,False,0.007097618242736914
2025-06-10,Venezuela,Uruguay,True,-0.0036906024118977467
2025-06-10,Uzbekistan,Qatar,False,0.20980595982628714
2025-06-10,Qatar,Uzbekistan,True,-0.11348381002766825
2025-06-14,Mexico,Dominican Republic,False,0.07179943567761216
2025-06-14,Dominican Republic,Mexico,True,-0.03712037809674002
2025-06-15,Costa Rica,Suriname,True,2.7706315509338424
2025-06-15,Suriname,Costa Rica,False,-2.5976034329002515
2025-06-15,Haiti,Saudi Arabia,True,-0.11156818930945835
2025-06-15,Saudi Arabia,Haiti,False,0.2068339472006966
2025-06-15,United States,Trinidad and Tobago,False,9.851858280285342e-07
2025-06-15,Trinidad and Tobago,United States,True,-4.999923851894258e-07
2025-06-16,Jamaica,Guatemala,True,-0.138652483310533
2025-06-16,Guatemala,Jamaica,False,0.25402291028159274
2025-06-16,Panama,Guadeloupe,False,0.0035972264102857032
2025-06-16,Guadeloupe,Panama,True,-0.0018506842263400327
2025-06-17,Canada,Honduras,False,4.515426343942863e-08
2025-06-17,Honduras,Canada,True,-2.291269515064311e-08
2025-06-18,Costa Rica,Dominican Republic,False,1.5640311658165649
2025-06-18,Dominican Republic,Costa Rica,False,-0.8574998213091183
2025-06-18,Suriname,Mexico,True,-0.0010851166651956329
2025-06-18,Mexico,Suriname,False,0.002122636200939887
2025-06-19,Trinidad and Tobago,Haiti,False,-0.027878276430301163
2025-06-19,Haiti,Trinidad and Tobago,False,-0.2384315835178623
2025-06-19,United States,Saudi Arabia,False,0.15308284903943958
2025-06-19,Saudi Arabia,United States,True,-0.08126492165000224
2025-06-20,Guatemala,Panama,True,-0.09468580030307715
2025-06-20,Panama,Guatemala,False,0.17727310617556347
2025-06-20,Jamaica,Guadeloupe,False,0.12111476063665849
2025-06-20,Guadeloupe,Jamaica,True,-0.06347884640008092
2025-06-21,Curaçao,Canada,True,0.9359273472840656
2025-06-21,Canada,Curaçao,False,-1.8779787647575352
2025-06-21,Honduras,El Salvador,False,0.15068211025968337
2025-06-21,El Salvador,Honduras,True,-0.0795631773898427
2025-06-22,Saudi Arabia,Trinidad and Tobago,False,-0.284895049189561
2025-06-22,Trinidad and Tobago,Saudi Arabia,False,0.03725395844073143
2025-06-22,United States,Haiti,False,0.1376574640877517
2025-06-22,Haiti,United States,True,-0.07297100115050363
2025-06-24,Canada,El Salvador,False,0.0028698471127386327
2025-06-24,El Salvador,Canada,True,-0.0014709761158868857
2025-06-24,Guadeloupe,Guatemala,True,-0.003231865023981024
2025-06-24,Guatemala,Guadeloupe,False,0.0062338040702525355
2025-06-24,Honduras,Curaçao,False,1.8187116686994633
2025-06-24,Curaçao,Honduras,False,-1.0371722864640938
2025-06-24,Panama,Jamaica,False,0.010101449898001658
2025-06-24,Jamaica,Panama,True,-0.0052824708238896016
2025-06-28,Mexico,Saudi Arabia,False,0.14239775529536258
2025-06-28,Saudi Arabia,Mexico,True,-0.07514966724679228
2025-06-28,Panama,Honduras,False,-1.7990660553080824
2025-06-28,Honduras,Panama,True,0.8919246742853227
2025-06-29,Canada,Guatemala,False,-0.31828352925582726
2025-06-29,Guatemala,Canada,False,0.06591801765015715
2025-06-29,United States,Costa Rica,False,-0.2749004471774583
2025-06-29,Costa Rica,United States,False,0.015562910860371981
2025-07-02,Mexico,Honduras,False,0.11924822342297592
2025-07-02,Honduras,Mexico,True,-0.06249191745200814
2025-07-02,United States,Guatemala,False,0.0038906123194273334
2025-07-02,Guatemala,United States,True,-0.002005009216352672
2025-07-06,United States,Mexico,False,-1.138812723728235
2025-07-06,Mexico,United States,False,1.8952986152873155
2025-09-03,Seychelles,Gabon,True,-7.1126539733101906e-06
2025-09-03,Gabon,Seychelles,False,1.4056931672001838e-05
2025-09-04,Algeria,Botswana,False,0.10357295003108291
2025-09-04,Botswana,Algeria,True,-0.0541688988980096
2025-09-04,Angola,Libya,True,-0.15782270889021605
2025-09-04,Libya,Angola,False,0.2862560742082958
2025-09-04,Argentina,Venezuela,False,0.11144803669108949
2025-09-04,Venezuela,Argentina,True,-0.05839109532307542
2025-09-04,Brazil,Chile,False,0.005945138971810149
2025-09-04,Chile,Brazil,True,-0.0030828302367875674
2025-09-04,Bulgaria,Spain,True,-3.186399466236886e-05
2025-09-04,Spain,Bulgaria,False,6.249820167125719e-05
2025-09-04,Cameroon,Eswatini,False,5.6925413994157736e-05
2025-09-04,Eswatini,Cameroon,True,-2.8991078005799215e-05
2025-09-04,Chad,Ghana,True,0.9473708574227165
2025-09-04,Ghana,Chad,False,-1.8989775786247374
2025-09-04,Colombia,Bolivia,False,0.0033784853739526888
2025-09-04,Bolivia,Colombia,True,-0.0017388457577189177
2025-09-04,Georgia,Turkey,True,-0.009899700889382364
2025-09-04,Turkey,Georgia,False,0.018614056669733703
2025-09-04,Guatemala,El Salvador,False,-1.190460755715969
2025-09-04,El Salvador,Guatemala,False,1.9795504428139612
2025-09-04,Guinea-Bissau,Sierra Leone,False,-0.144452420948324
2025-09-04,Sierra Leone,Guinea-Bissau,False,-0.07185946050129344
2025-09-04,Kazakhstan,Wales,True,-0.07727512057169482
2025-09-04,Wales,Kazakhstan,False,0.14606787743400007
2025-09-04,Liechtenstein,Belgium,True,-1.1955727224063641e-11
2025-09-04,Belgium,Liechtenstein,False,2.382716246529526e-11
2025-09-04,Lithuania,Malta,False,-0.16521102495701445
2025-09-04,Malta,Lithuania,False,-0.03441223702240226
2025-09-04,Luxembourg,Northern Ireland,True,-0.003911073476330765
2025-09-04,Northern Ireland,Luxembourg,False,0.0075231854219488525
2025-09-04,Madagascar,Central African Republic,False,0.019217557980886646
2025-09-04,Central African Republic,Madagascar,True,-0.010227111647232329
2025-09-04,Mali,Comoros,False,0.0033797211886659184
2025-09-04,Comoros,Mali,True,-0.0017356716292799283
2025-09-04,Mauritius,Cape Verde,True,-0.0016867160840323763
2025-09-04,Cape Verde,Mauritius,False,0.0032839632640819794
2025-09-04,Netherlands,Poland,False,-1.7960844761152033
2025-09-04,Poland,Netherlands,True,0.8893226703718484
2025-09-04,Slovakia,Germany,False,0.04519678421501894
2025-09-04,Germany,Slovakia,True,-0.02478871572292595
2025-09-04,São Tomé and Príncipe,Equatorial Guinea,True,-0.05858726851159322
2025-09-04,Equatorial Guinea,São Tomé and Príncipe,False,0.11198160774547228
2025-09-04,Tunisia,Liberia,False,0.002993174338552951
2025-09-04,Liberia,Tunisia,True,-0.0015361294815873147
2025-09-04,Uruguay,Peru,False,0.007044961697402208
2025-09-04,Peru,Uruguay,True,-0.003659599119462191
2025-09-05,Benin,Zimbabwe,False,1.8870451252480127
2025-09-05,Zimbabwe,Benin,False,-1.1027299274491642
2025-09-05,Bermuda,Jamaica,True,-0.0001637254156407435
2025-09-05,Jamaica,Bermuda,False,0.0003169591227036861
2025-09-05,Congo,Tanzania,False,-1.7719152834029614
2025-09-05,Tanzania,Congo,True,0.8760926015451995
2025-09-05,Djibouti,Burkina Faso,True,-1.2621664319866014e-07
2025-09-05,Burkina Faso,Djibouti,False,2.49725373713261e-07
2025-09-05,Egypt,Ethiopia,False,0.002724347267794247
2025-09-05,Ethiopia,Egypt,True,-0.0013969717191665927
2025-09-05,Faroe Islands,Croatia,True,-0.05198065518986444
2025-09-05,Croatia,Faroe Islands,False,0.09962142844629929
2025-09-05,Greece,Belarus,False,1.663404538998492e-06
2025-09-05,Belarus,Greece,True,-8.453062457121924e-07
2025-09-05,Iceland,Azerbaijan,False,4.1668151151696975e-08
2025-09-05,Azerbaijan,Iceland,True,-2.114040767554504e-08
2025-09-05,Italy,Estonia,False,1.6072878457507045e-05
2025-09-05,Estonia,Italy,True,-8.136308499106287e-06
2025-09-05,Ivory Coast,Burundi,False,0.11550120464165348
2025-09-05,Burundi,Ivory Coast,True,-0.06063474793618705
2025-09-05,Kenya,Gambia,True,-0.0004464521314116581
2025-09-05,Gambia,Kenya,False,0.0008552569030246815
2025-09-05,Mauritania,Togo,False,0.011442930470244583
2025-09-05,Togo,Mauritania,True,-0.005998948182408271
2025-09-05,Moldova,Israel,True,-0.00013344883467561916
2025-09-05,Israel,Moldova,False,0.0002589302307218766
2025-09-05,Montenegro,Czech Republic,True,-0.11560566523675306
2025-09-05,Czech Republic,Montenegro,False,0.21353551121810277
2025-09-05,Morocco,Niger,False,1.8523951750282208e-07
2025-09-05,Niger,Morocco,True,-9.352493697900076e-08
2025-09-05,Namibia,Malawi,True,-0.005365285577771993
2025-09-05,Malawi,Namibia,False,0.010267258740024321
2025-09-05,Nicaragua,Costa Rica,True,0.9277726972452004
2025-09-05,Costa Rica,Nicaragua,False,-1.8631895162678762
2025-09-05,Senegal,Sudan,False,0.001592862279492735
2025-09-05,Sudan,Senegal,True,-0.0008120666475798855
2025-09-05,Slovenia,Sweden,True,0.8821112868623632
2025-09-05,Sweden,Slovenia,False,-1.7820065493093145
2025-09-05,Somalia,Guinea,True,-0.0008509622839381486
2025-09-05,Guinea,Somalia,False,0.0016688472229953177
2025-09-05,South Africa,Lesotho,False,4.527323653347182e-05
2025-09-05,Lesotho,South Africa,True,-2.30209949585065e-05
2025-09-05,South Sudan,DR Congo,True,-3.231920428448583e-05
2025-09-05,DR Congo,South Sudan,False,6.34196102824447e-05
2025-09-05,Switzerland,Kosovo,False,4.120554182307501e-06
2025-09-05,Kosovo,Switzerland,True,-2.103646869007442e-06
2025-09-05,Uganda,Mozambique,False,0.006130640832952672
2025-09-05,Mozambique,Uganda,True,-0.003175371102642795
2025-09-05,Ukraine,France,True,-0.0777508300906567
2025-09-05,France,Ukraine,False,0.1468989199212496
2025-09-06,Armenia,Portugal,True,-1.1933430254841861e-08
2025-09-06,Portugal,Armenia,False,2.3548758054658947e-08
2025-09-06,Austria,Cyprus,False,0.10160857494622633
2025-09-06,Cyprus,Austria,True,-0.05315697305615664
2025-09-06,England,Andorra,False,0.00016088189928176178
2025-09-06,Andorra,England,True,-8.100346180807181e-05
2025-09-06,Latvia,Serbia,True,-0.07112274965682394
2025-09-06,Serbia,Latvia,False,0.13473861822247502
2025-09-06,Nigeria,Rwanda,False,0.11184346411626356
2025-09-06,Rwanda,Nigeria,True,-0.058426042457148705
2025-09-06,Republic of Ireland,Hungary,True,0.8592494410335912
2025-09-06,Hungary,Republic of Ireland,False,-1.7424878362029892
2025-09-06,San Marino,Bosnia and Herzegovina,True,-1.6985456606776085e-06
2025-09-06,Bosnia and Herzegovina,San Marino,False,3.3714595182310347e-06
2025-09-07,Belgium,Kazakhstan,False,3.4941203659766273e-05
2025-09-07,Kazakhstan,Belgium,True,-1.7765699640638522e-05
2025-09-07,Central African Republic,Comoros,True,-0.009949396292210541
2025-09-07,Comoros,Central African Republic,False,0.018721915548996826
2025-09-07,Georgia,Bulgaria,False,0.0003150022752547166
2025-09-07,Bulgaria,Georgia,True,-0.0001625606042154322
2025-09-07,Germany,Northern Ireland,False,0.0043704428229953685
2025-09-07,Northern Ireland,Germany,True,-0.002255882973698233
2025-09-07,Lithuania,Netherlands,True,-0.039819201116638656
2025-09-07,Netherlands,Lithuania,False,0.07683112691226723
2025-09-07,Luxembourg,Slovakia,False,-0.9712874822750541
2025-09-07,Slovakia,Luxembourg,False,1.7267423197224603
2025-09-07,North Macedonia,Liechtenstein,False,3.4928516967625e-08
2025-09-07,Liechtenstein,North Macedonia,True,-1.7576822976348285e-08
2025-09-07,Poland,Finland,False,0.00022570294073309682
2025-09-07,Finland,Poland,True,-0.0001161208199418969
2025-09-07,Turkey,Spain,True,-1.314453983723359e-09
2025-09-07,Spain,Turkey,False,2.5892581412279014e-09
2025-09-08,Belarus,Scotland,True,-0.003147123313783032
2025-09-08,Scotland,Belarus,False,0.006073456529319898
2025-09-08,Croatia,Montenegro,False,0.0040379529494103394
2025-09-08,Montenegro,Croatia,True,-0.002082040369574262
2025-09-08,El Salvador,Suriname,False,-1.1538500619327277
2025-09-08,Suriname,El Salvador,False,1.9524194246914917
2025-09-08,Equatorial Guinea,Tunisia,False,-1.0023623180412298
2025-09-08,Tunisia,Equatorial Guinea,False,1.7856854643945148
2025-09-08,Ghana,Mali,False,0.21759825903997365
2025-09-08,Mali,Ghana,True,-0.11754049183474813
2025-09-08,Gibraltar,Faroe Islands,True,-0.0631806210942558
2025-09-08,Faroe Islands,Gibraltar,False,0.12057990255972273
2025-09-08,Greece,Denmark,True,-0.004107924312389916
2025-09-08,Denmark,Greece,False,0.007894989124629603
2025-09-08,Guinea-Bissau,Djibouti,False,0.10266129280354575
2025-09-08,Djibouti,Guinea-Bissau,True,-0.05371489031595541
2025-09-08,Israel,Italy,True,-0.08131594100256966
2025-09-08,Italy,Israel,False,0.15298596099920658
2025-09-08,Kosovo,Sweden,False,0.03868398757318525
2025-09-08,Sweden,Kosovo,True,-0.0210808229777698
2025-09-08,Libya,Eswatini,False,0.007919452689129969
2025-09-08,Eswatini,Libya,True,-0.004125924730907333
2025-09-08,Madagascar,Chad,False,0.1427801341080488
2025-09-08,Chad,Madagascar,True,-0.07534835364997187
2025-09-08,Malawi,Liberia,True,0.8645239459550489
2025-09-08,Liberia,Malawi,False,-1.7512271734043607
2025-09-08,Mozambique,Botswana,False,0.011027797099459669
2025-09-08,Botswana,Mozambique,True,-0.005779661275819924
2025-09-08,Panama,Guatemala,False,-0.3002304402751641
2025-09-08,Guatemala,Panama,False,0.033313783761148574
2025-09-08,Switzerland,Slovenia,False,0.00015476758326826712
2025-09-08,Slovenia,Switzerland,True,-7.934503098363163e-05
2025-09-08,Uganda,Somalia,False,0.0009350685862741237
2025-09-08,Somalia,Uganda,True,-0.0004743754590227716
2025-09-08,Zambia,Morocco,True,-0.0021995440483389573
2025-09-08,Morocco,Zambia,False,0.004267772866878072
2025-09-09,Albania,Latvia,False,0.10404120491769975
2025-09-09,Latvia,Albania,True,-0.05415187261223981
2025-09-09,Angola,Mauritius,False,0.0022577781790253937
2025-09-09,Mauritius,Angola,True,-0.0011546642426475476
2025-09-09,Armenia,Republic of Ireland,False,0.37734736300390503
2025-09-09,Republic of Ireland,Armenia,True,-0.2141996723002378
2025-09-09,Azerbaijan,Ukraine,False,0.07482497648704989
2025-09-09,Ukraine,Azerbaijan,False,-0.33719773691453403
2025-09-09,Benin,Lesotho,False,1.6207982262983478e-06
2025-09-09,Lesotho,Benin,True,-8.234303523023866e-07
2025-09-09,Bolivia,Brazil,False,0.6614188307441968
2025-09-09,Brazil,Bolivia,True,-0.4061326804317007
2025-09-09,Bosnia and Herzegovina,Austria,True,-0.1351677275442123
2025-09-09,Austria,Bosnia and Herzegovina,False,0.24680972070379203
2025-09-09,Cape Verde,Cameroon,False,0.23000418114055776
2025-09-09,Cameroon,Cape Verde,True,-0.12462218876537404
2025-09-09,Costa Rica,Haiti,False,-0.3234761934321557
2025-09-09,Haiti,Costa Rica,False,0.038370626964459476
2025-09-09,Curaçao,Bermuda,False,0.17477174434414877
2025-09-09,Bermuda,Curaçao,True,-0.0940958280002391
2025-09-09,Cyprus,Romania,True,0.9199482987565339
2025-09-09,Romania,Cyprus,False,-1.8490208192483664
2025-09-09,DR Congo,Senegal,False,-1.0463604038027838
2025-09-09,Senegal,DR Congo,False,1.8158311942128265
2025-09-09,Ecuador,Argentina,False,0.33019895620242234
2025-09-09,Argentina,Ecuador,True,-0.18460619147705057
2025-09-09,France,Iceland,False,0.11527459887610059
2025-09-09,Iceland,France,True,-0.0607080631553288
2025-09-09,Gambia,Burundi,False,0.21898550532959682
2025-09-09,Burundi,Gambia,True,-0.11856537444599294
2025-09-09,Honduras,Nicaragua,False,0.136408756885126
2025-09-09,Nicaragua,Honduras,True,-0.07198670234692361
2025-09-09,Hungary,Portugal,True,-0.09510469294053167
2025-09-09,Portugal,Hungary,False,0.17754625316473094
2025-09-09,Jamaica,Trinidad and Tobago,False,0.0083129122770087
2025-09-09,Trinidad and Tobago,Jamaica,True,-0.0043355590290509866
2025-09-09,Kenya,Seychelles,False,1.2447194386311367e-09
2025-09-09,Seychelles,Kenya,True,-6.269736851943429e-10
2025-09-09,Namibia,São Tomé and Príncipe,False,0.00010738982847957601
2025-09-09,São Tomé and Príncipe,Namibia,True,-5.491030684813704e-05
2025-09-09,Norway,Moldova,False,2.027444878649476e-11
2025-09-09,Moldova,Norway,True,-1.0207373959442397e-11
2025-09-09,Peru,Paraguay,False,-1.1825953823029811
2025-09-09,Paraguay,Peru,False,1.9701479149920853
2025-09-09,Serbia,England,True,-4.697489086779006e-06
2025-09-09,England,Serbia,False,9.164107901860064e-06
2025-09-09,Sierra Leone,Ethiopia,False,0.22341326437230036
2025-09-09,Ethiopia,Sierra Leone,True,-0.12096720216396573
2025-09-09,South Africa,Nigeria,False,-0.10364706430093173
2025-09-09,Nigeria,South Africa,False,-0.11833900789630736
2025-09-09,Tanzania,Niger,True,-0.1592723307464767
2025-09-09,Niger,Tanzania,False,0.2883877337220522
2025-09-09,Togo,Sudan,False,0.1625640927404981
2025-09-09,Sudan,Togo,True,-0.08631637830565753
2025-09-09,Venezuela,Colombia,True,-0.00015431132085563456
2025-09-09,Colombia,Venezuela,False,0.0002992043109641962
2025-09-09,Zimbabwe,Rwanda,True,-0.12281086972771138
2025-09-09,Rwanda,Zimbabwe,False,0.22706869657445283
2025-10-08,Central African Republic,Ghana,True,-1.683871620743791e-06
2025-10-08,Ghana,Central African Republic,False,3.302880794642249e-06
2025-10-08,Chad,Mali,True,-0.001092635903842945
2025-10-08,Mali,Chad,False,0.002138076448533699
2025-10-08,Comoros,Madagascar,True,-0.007674934479710716
2025-10-08,Madagascar,Comoros,False,0.014548242745916262
2025-10-08,Djibouti,Egypt,True,-0.0003687519779415254
2025-10-08,Egypt,Djibouti,False,0.0007269866362946686
2025-10-08,Eswatini,Angola,False,-1.7070362544340263
2025-10-08,Angola,Eswatini,True,0.8381593461956282
2025-10-08,Ethiopia,Guinea-Bissau,False,0.23632701990824412
2025-10-08,Guinea-Bissau,Ethiopia,True,-0.12837506451648537
2025-10-08,Libya,Cape Verde,False,-1.982624974575533
2025-10-08,Cape Verde,Libya,True,0.9907944009087624
2025-10-08,Mauritius,Cameroon,True,-0.04539748651788431
2025-10-08,Cameroon,Mauritius,False,0.08750662116657004
2025-10-08,Niger,Congo,False,0.0010855635101090222
2025-10-08,Congo,Niger,True,-0.000568809135079849
2025-10-08,Saudi Arabia,Indonesia,False,0.004228737157327078
2025-10-08,Indonesia,Saudi Arabia,True,-0.002182615659208292
2025-10-08,Sierra Leone,Burkina Faso,True,-0.07624966461868932
2025-10-08,Burkina Faso,Sierra Leone,False,0.1443455119167245
2025-10-08,Tanzania,Zambia,True,-0.11980007554840254
2025-10-08,Zambia,Tanzania,False,0.22132102753249994
2025-10-09,Algeria,Somalia,False,6.853425712716188e-06
2025-10-09,Somalia,Algeria,True,-3.4614540091830275e-06
2025-10-09,Austria,San Marino,False,0.0
2025-10-09,San Marino,Austria,True,-4.326339167816278e-18
2025-10-09,Belarus,Denmark,True,-2.325599299331452e-09
2025-10-09,Denmark,Belarus,False,4.607962900138318e-09
2025-10-09,Botswana,Uganda,True,-0.08688397288547135
2025-10-09,Uganda,Botswana,False,0.16399476583129147
2025-10-09,Burundi,Kenya,True,-0.1541022032444069
2025-10-09,Kenya,Burundi,False,0.2795326313477866
2025-10-09,Cyprus,Bosnia and Herzegovina,True,0.8934942793582792
2025-10-09,Bosnia and Herzegovina,Cyprus,False,-1.8024915029788664
2025-10-09,Faroe Islands,Montenegro,False,3.7442863677572547e-05
2025-10-09,Montenegro,Faroe Islands,True,-1.9378388361314746e-05
2025-10-09,Finland,Lithuania,False,0.10009119384434584
2025-10-09,Lithuania,Finland,True,-0.05208048675807622
2025-10-09,Liberia,Namibia,False,0.012957092829791517
2025-10-09,Namibia,Liberia,True,-0.006812546550724904
2025-10-09,Malta,Netherlands,True,-1.3605886403153569e-05
2025-10-09,Netherlands,Malta,False,2.680494485352014e-05
2025-10-09,Mozambique,Guinea,True,-0.14013737934229858
2025-10-09,Guinea,Mozambique,False,0.25537973458792695
2025-10-09,Nicaragua,Haiti,True,-0.006667815028722728
2025-10-09,Haiti,Nicaragua,False,0.012666688513672586
2025-10-09,Scotland,Greece,False,1.832839769036019
2025-10-09,Greece,Scotland,False,-1.0537158077131454
2025-10-10,Bermuda,Trinidad and Tobago,True,-0.0006285861732572168
2025-10-10,Trinidad and Tobago,Bermuda,False,0.0011958297627150394
2025-10-10,Curaçao,Jamaica,False,0.019922174309571883
2025-10-10,Jamaica,Curaçao,True,-0.01059888008686007
2025-10-10,El Salvador,Panama,True,-0.09033377421654379
2025-10-10,Panama,El Salvador,False,0.16968529639166752
2025-10-10,France,Azerbaijan,False,0.0010801455077236177
2025-10-10,Azerbaijan,France,True,-0.0005495642734185105
2025-10-10,Gambia,Gabon,False,-1.0840764726909922
2025-10-10,Gabon,Gambia,False,1.860239260926417
2025-10-10,Germany,Luxembourg,False,4.773129367308115e-07
2025-10-10,Luxembourg,Germany,True,-2.417177588647625e-07
2025-10-10,Iceland,Ukraine,False,-1.1000746058649349
2025-10-10,Ukraine,Iceland,False,1.8294396282296228
2025-10-10,Kazakhstan,Liechtenstein,False,1.4080653759407369e-05
2025-10-10,Liechtenstein,Kazakhstan,True,-7.122131059589547e-06
2025-10-10,Lesotho,Nigeria,True,-0.045470189478826376
2025-10-10,Nigeria,Lesotho,False,0.08777290298672824
2025-10-10,Northern Ireland,Slovakia,False,0.226208507151052
2025-10-10,Slovakia,Northern Ireland,True,-0.1224431231344731
2025-10-10,Rwanda,Benin,False,-1.1045870038811458
2025-10-10,Benin,Rwanda,False,1.9087872558907821
2025-10-10,Seychelles,Ivory Coast,True,-1.538694231178282e-13
2025-10-10,Ivory Coast,Seychelles,False,3.0730973321624333e-13
2025-10-10,South Sudan,Senegal,True,-6.762269774804653e-10
2025-10-10,Senegal,South Sudan,False,1.3423844258397821e-09
2025-10-10,Suriname,Guatemala,True,0.8662121409291791
2025-10-10,Guatemala,Suriname,False,-1.75483970070476
2025-10-10,Sweden,Switzerland,True,-0.1698151274943886
2025-10-10,Switzerland,Sweden,False,0.3046194827815092
2025-10-10,Togo,DR Congo,True,-0.10396688451717993
2025-10-10,DR Congo,Togo,False,0.19355893006465852
2025-10-10,Tunisia,São Tomé and Príncipe,False,1.49563561535615e-09
2025-10-10,São Tomé and Príncipe,Tunisia,True,-7.537554066647911e-10
2025-10-11,Bulgaria,Turkey,True,-5.875252931780217e-06
2025-10-11,Turkey,Bulgaria,False,1.1444167021590346e-05
2025-10-11,Estonia,Italy,True,-1.8964171994380814e-05
2025-10-11,Italy,Estonia,False,3.732885228524552e-05
2025-10-11,Hungary,Armenia,False,0.15326172655533643
2025-10-11,Armenia,Hungary,True,-0.08175540427893835
2025-10-11,Iraq,Indonesia,False,1.662802263085466
2025-10-11,Indonesia,Iraq,False,-0.9251750235129501
2025-10-11,Latvia,Andorra,False,-1.9151444364597245
2025-10-11,Andorra,Latvia,True,0.9561866198877813
2025-10-11,Norway,Israel,False,4.85790552673393e-07
2025-10-11,Israel,Norway,True,-2.4879384673628357e-07
2025-10-11,Portugal,Republic of Ireland,False,1.631480062951939
2025-10-11,Republic of Ireland,Portugal,False,-0.8928196910274478
2025-10-11,Serbia,Albania,True,-0.19762608421968342
2025-10-11,Albania,Serbia,False,0.3514819589504352
2025-10-11,Spain,Georgia,False,0.0027783580137059616
2025-10-11,Georgia,Spain,True,-0.0014266240577992923
2025-10-11,United Arab Emirates,Oman,True,2.8624392481526595
2025-10-11,Oman,United Arab Emirates,False,-2.7477673295479907
2025-10-12,Burkina Faso,Ethiopia,False,0.13783961167927306
2025-10-12,Ethiopia,Burkina Faso,True,-0.07296298976578794
2025-10-12,Chad,Central African Republic,True,-0.11960914576693413
2025-10-12,Central African Republic,Chad,False,0.22044347947671117
2025-10-12,Croatia,Gibraltar,False,0.024853372234483473
2025-10-12,Gibraltar,Croatia,True,-0.012635728070019683
2025-10-12,Denmark,Greece,False,0.0045792956901618
2025-10-12,Greece,Denmark,True,-0.002361863420884198
2025-10-12,Djibouti,Sierra Leone,True,-0.0580492518093023
2025-10-12,Sierra Leone,Djibouti,False,0.11083163741146196
2025-10-12,Egypt,Guinea-Bissau,False,0.08776366620548881
2025-10-12,Guinea-Bissau,Egypt,True,-0.04548208502549864
2025-10-12,Faroe Islands,Czech Republic,False,0.4588488843801004
2025-10-12,Czech Republic,Faroe Islands,True,-0.2662701482734005
2025-10-12,Ghana,Comoros,False,0.12397544629571033
2025-10-12,Comoros,Ghana,True,-0.06518130541108459
2025-10-12,Lithuania,Poland,True,-0.001870570336135976
2025-10-12,Poland,Lithuania,False,0.0036339768927589056
2025-10-12,Mali,Madagascar,False,9.362917280153482e-05
2025-10-12,Madagascar,Mali,True,-4.7831870475052e-05
2025-10-12,Netherlands,Finland,False,0.00010039947772888524
2025-10-12,Finland,Netherlands,True,-5.1336486513778284e-05
2025-10-12,Romania,Austria,False,1.881992365275326
2025-10-12,Austria,Romania,False,-1.118007634724674
2025-10-12,San Marino,Cyprus,True,-5.371806643998334e-08
2025-10-12,Cyprus,San Marino,False,1.0654686866118368e-07
2025-10-12,Scotland,Belarus,False,0.13929266489431935
2025-10-12,Belarus,Scotland,True,-0.07364470767636624
2025-10-12,Zambia,Niger,True,-0.24434346179170477
2025-10-12,Niger,Zambia,False,0.4241728224154677
2025-10-13,Cape Verde,Eswatini,False,0.004163666012864109
2025-10-13,Eswatini,Cape Verde,True,-0.002145659264593251
2025-10-13,Costa Rica,Nicaragua,False,0.0031014017374504377
2025-10-13,Nicaragua,Costa Rica,True,-0.0015931315013327035
2025-10-13,Equatorial Guinea,Liberia,False,-0.20656526816442788
2025-10-13,Liberia,Equatorial Guinea,False,-0.005579380531057332
2025-10-13,Honduras,Haiti,False,4.840853993215433e-07
2025-10-13,Haiti,Honduras,True,-2.477825756577307e-07
2025-10-13,Iceland,France,False,0.09284247762061426
2025-10-13,France,Iceland,False,-0.40471439810371024
2025-10-13,Lesotho,Zimbabwe,False,2.019589035978248
2025-10-13,Zimbabwe,Lesotho,False,-1.2371431360788734
2025-10-13,North Macedonia,Kazakhstan,False,-0.29080729033916075
2025-10-13,Kazakhstan,North Macedonia,False,0.02860532606663524
2025-10-13,Northern Ireland,Germany,True,-0.0867207724265688
2025-10-13,Germany,Northern Ireland,False,0.162732821670462
2025-10-13,Slovakia,Luxembourg,False,0.003980171328520576
2025-10-13,Luxembourg,Slovakia,True,-0.0020504465981121805
2025-10-13,Sweden,Kosovo,True,-0.29229661223431797
2025-10-13,Kosovo,Sweden,False,0.4969602047818338
2025-10-13,São Tomé and Príncipe,Malawi,False,0.3913403932109767
2025-10-13,Malawi,São Tomé and Príncipe,True,-0.22240011757312325
2025-10-13,Tunisia,Namibia,False,7.29317941066121e-05
2025-10-13,Namibia,Tunisia,True,-3.7189964546957176e-05
2025-10-13,Ukraine,Azerbaijan,False,0.10582172211284702
2025-10-13,Azerbaijan,Ukraine,True,-0.05519949085581866
2025-10-13,Wales,Belgium,True,-0.10760603478651978
2025-10-13,Belgium,Wales,False,0.1996535884329207
2025-10-14,Algeria,Uganda,True,2.752852048248127
2025-10-14,Uganda,Algeria,False,-2.5700164568785384
2025-10-14,Andorra,Serbia,True,-0.029675463719034727
2025-10-14,Serbia,Andorra,False,0.057876855622350565
2025-10-14,Curaçao,Trinidad and Tobago,False,-0.21291550889382926
2025-10-14,Trinidad and Tobago,Curaçao,False,-0.052770023557048296
2025-10-14,DR Congo,Sudan,False,0.10896959830325015
2025-10-14,Sudan,DR Congo,True,-0.056914976070694755
2025-10-14,El Salvador,Guatemala,True,-0.12122177658059723
2025-10-14,Guatemala,El Salvador,False,0.22407483256816407
2025-10-14,Estonia,Moldova,False,-0.20656526816442788
2025-10-14,Moldova,Estonia,False,-0.005579380531057332
2025-10-14,Gabon,Burundi,False,1.7327100882853261
2025-10-14,Burundi,Gabon,False,-0.9921133464953139
2025-10-14,Guinea,Botswana,False,-0.18990063384288436
2025-10-14,Botswana,Guinea,False,-0.019231959877964444
2025-10-14,Italy,Israel,False,0.006471861135029844
2025-10-14,Israel,Italy,True,-0.003364847465380521
2025-10-14,Ivory Coast,Kenya,False,0.0037196168618649494
2025-10-14,Kenya,Ivory Coast,True,-0.0019142422009811504
2025-10-14,Jamaica,Bermuda,False,0.00013680286429806898
2025-10-14,Bermuda,Jamaica,True,-7.015584395973368e-05
2025-10-14,Latvia,England,True,-1.1566460584670812e-07
2025-10-14,England,Latvia,False,2.2897322793369312e-07
2025-10-14,Morocco,Congo,False,0.07181764278332681
2025-10-14,Congo,Morocco,True,-0.037110104896441974
2025-10-14,Nigeria,Benin,False,0.00015423665726244096
2025-10-14,Benin,Nigeria,True,-7.907774840298551e-05
2025-10-14,Panama,Suriname,True,0.7213103842939144
2025-10-14,Suriname,Panama,False,-1.522330200300091
2025-10-14,Portugal,Hungary,False,-1.8701327187449266
2025-10-14,Hungary,Portugal,True,0.9314613506860971
2025-10-14,Qatar,United Arab Emirates,False,0.016848151560866942
2025-10-14,United Arab Emirates,Qatar,True,-0.008934374760811738
2025-10-14,Republic of Ireland,Armenia,False,0.13606595516303477
2025-10-14,Armenia,Republic of Ireland,True,-0.07189385884867668
2025-10-14,Senegal,Mauritania,False,3.063752805543274e-05
2025-10-14,Mauritania,Senegal,True,-1.554931896770504e-05
2025-10-14,Seychelles,Gambia,True,-1.0745355553496496e-05
2025-10-14,Gambia,Seychelles,False,2.1200071099070072e-05
2025-10-14,Somalia,Mozambique,True,-0.04971647154479981
2025-10-14,Mozambique,Somalia,False,0.09572595518649685
2025-10-14,South Africa,Rwanda,False,9.369444230866719e-05
2025-10-14,Rwanda,South Africa,True,-4.7837892297100936e-05
2025-10-14,Spain,Bulgaria,False,0.001679246691602465
2025-10-14,Bulgaria,Spain,True,-0.0008579292944206931
2025-10-14,Turkey,Georgia,False,0.00038210290845075434
2025-10-14,Georgia,Turkey,True,-0.00019768161808021383
2025-11-13,Andorra,Albania,True,-0.03142378078210255
2025-11-13,Albania,Andorra,False,0.0613699106552863
2025-11-13,Armenia,Hungary,True,-0.11428280875522309
2025-11-13,Hungary,Armenia,False,0.21050895903791877
2025-11-13,Azerbaijan,Iceland,True,-0.005506459543475412
2025-11-13,Iceland,Azerbaijan,False,0.010505274712907298
2025-11-13,Bermuda,Curaçao,True,-2.957599045168485e-07
2025-11-13,Curaçao,Bermuda,False,5.771427407097462e-07
2025-11-13,Cameroon,DR Congo,False,-1.1126289828431823
2025-11-13,DR Congo,Cameroon,False,1.9139028158398914
2025-11-13,England,Serbia,False,0.14225490408384056
2025-11-13,Serbia,England,True,-0.07537989584247297
2025-11-13,France,Ukraine,False,0.13783582597007715
2025-11-13,Ukraine,France,True,-0.07291488603834369
2025-11-13,Guatemala,Panama,False,-1.0638416713002676
2025-11-13,Panama,Guatemala,False,1.8136850889604617
2025-11-13,Haiti,Costa Rica,False,0.3542306072774184
2025-11-13,Costa Rica,Haiti,True,-0.19965471819919534
2025-11-13,Moldova,Italy,False,-0.7838613517024077
2025-11-13,Italy,Moldova,False,1.4740534925890332
2025-11-13,Nicaragua,Honduras,False,0.33800333272601346
2025-11-13,Honduras,Nicaragua,True,-0.18947729592271556
2025-11-13,Nigeria,Gabon,False,-0.22785137774216424
2025-11-13,Gabon,Nigeria,False,0.0037131132807129985
2025-11-13,Norway,Estonia,False,6.0973903067917945e-05
2025-11-13,Estonia,Norway,True,-3.1074884827949375e-05
2025-11-13,Republic of Ireland,Portugal,False,0.03315264115378458
2025-11-13,Portugal,Republic of Ireland,True,-0.01792597798669529
2025-11-13,Suriname,El Salvador,False,0.010181672564894662
2025-11-13,El Salvador,Suriname,True,-0.005323446978723071
2025-11-13,Trinidad and Tobago,Jamaica,True,0.8753202246068651
2025-11-13,Jamaica,Trinidad and Tobago,False,-1.7707229934142692
2025-11-13,United Arab Emirates,Iraq,False,-0.16854480227169222
2025-11-13,Iraq,United Arab Emirates,False,-0.06880010419728255
2025-11-14,Croatia,Faroe Islands,False,0.0017070839262980364
2025-11-14,Faroe Islands,Croatia,True,-0.0008716455730875554
2025-11-14,Finland,Malta,False,-1.3928983053046764
2025-11-14,Malta,Finland,False,2.132657378146857
2025-11-14,Gibraltar,Montenegro,True,-0.04382843257928875
2025-11-14,Montenegro,Gibraltar,False,0.08454683315577682
2025-11-14,Luxembourg,Germany,True,-0.0020580890497587712
2025-11-14,Germany,Luxembourg,False,0.003987940445902893
2025-11-14,Poland,Netherlands,False,-0.07781855911075652
2025-11-14,Netherlands,Poland,False,-0.22006656187658225
2025-11-14,Slovakia,Northern Ireland,False,1.8038533865100712
2025-11-14,Northern Ireland,Slovakia,False,-1.0153464960050562
2025-11-15,Bosnia and Herzegovina,Romania,False,1.8850035512259102
2025-11-15,Romania,Bosnia and Herzegovina,False,-1.1246878352923426
2025-11-15,Cyprus,Austria,True,-0.003143624129455191
2025-11-15,Austria,Cyprus,False,0.0060586103713173856
2025-11-15,Denmark,Belarus,True,0.6387659388623605
2025-11-15,Belarus,Denmark,False,-1.4000775889852086
2025-11-15,Georgia,Spain,True,-1.3638112564041496e-10
2025-11-15,Spain,Georgia,False,2.699249712634355e-10
2025-11-15,Greece,Scotland,False,0.21426790968332643
2025-11-15,Scotland,Greece,True,-0.11569616412743791
2025-11-15,Kazakhstan,Belgium,False,0.2172183981505108
2025-11-15,Belgium,Kazakhstan,False,-0.5776471416621174
2025-11-15,Liechtenstein,Wales,True,-0.0190186211305173
2025-11-15,Wales,Liechtenstein,False,0.03739893826644147
2025-11-15,Slovenia,Kosovo,True,-0.014266163053346721
2025-11-15,Kosovo,Slovenia,False,0.026582234194669763
2025-11-15,Switzerland,Sweden,False,0.014828716686011045
2025-11-15,Sweden,Switzerland,True,-0.007839936478615526
2025-11-15,Turkey,Bulgaria,False,0.14773764053464333
2025-11-15,Bulgaria,Turkey,True,-0.07854817804014017
2025-11-16,Albania,England,True,-0.06073281533289866
2025-11-16,England,Albania,False,0.11613128409179962
2025-11-16,Azerbaijan,France,True,-0.0010234509546619586
2025-11-16,France,Azerbaijan,False,0.002001429305506175
2025-11-16,Hungary,Republic of Ireland,False,-2.804896274881811
2025-11-16,Republic of Ireland,Hungary,True,2.8953456871388776
2025-11-16,Italy,Norway,False,-1.2860280874106451
2025-11-16,Norway,Italy,False,2.0221542084764756
2025-11-16,Moldova,Israel,True,-0.08793140773437892
2025-11-16,Israel,Moldova,False,0.16447734770690658
2025-11-16,Nigeria,DR Congo,False,-0.14389051240620443
2025-11-16,DR Congo,Nigeria,False,-0.06946615726568894
2025-11-16,Portugal,Armenia,False,4.326805580490145e-11
2025-11-16,Armenia,Portugal,True,-2.1807375857703862e-11
2025-11-16,Serbia,Latvia,False,0.09763392800347592
2025-11-16,Latvia,Serbia,True,-0.05092933197162376
2025-11-16,Ukraine,Iceland,False,1.7927298531627012
2025-11-16,Iceland,Ukraine,False,-1.0418745435301413
2025-11-17,Czech Republic,Gibraltar,False,8.641976023682219e-13
2025-11-17,Gibraltar,Czech Republic,True,-4.339377106516525e-13
2025-11-17,Germany,Slovakia,False,7.701413196059548e-08
2025-11-17,Slovakia,Germany,True,-3.914990924502771e-08
2025-11-17,Malta,Poland,False,-0.8164847543722458
2025-11-17,Poland,Malta,False,1.4972644884456847
2025-11-17,Montenegro,Croatia,False,-0.9418723902784795
2025-11-17,Croatia,Montenegro,False,1.6696431703068053
2025-11-17,Netherlands,Lithuania,False,1.2216371425566308e-07
2025-11-17,Lithuania,Netherlands,True,-6.164131317424098e-08
2025-11-17,Northern Ireland,Luxembourg,False,0.12401973511918118
2025-11-17,Luxembourg,Northern Ireland,True,-0.0650457939606778
2025-11-18,Austria,Bosnia and Herzegovina,True,0.7432329357186834
2025-11-18,Bosnia and Herzegovina,Austria,False,-1.5566944701449557
2025-11-18,Belgium,Liechtenstein,False,-8.881784197001252e-16
2025-11-18,Liechtenstein,Belgium,True,-7.969503337654974e-18
2025-11-18,Bulgaria,Georgia,False,0.022519931885764954
2025-11-18,Georgia,Bulgaria,True,-0.012030928750108192
2025-11-18,Guatemala,Suriname,False,0.0003071007297585915
2025-11-18,Suriname,Guatemala,True,-0.00015841244377835128
2025-11-18,Haiti,Nicaragua,False,0.007683921653931947
2025-11-18,Nicaragua,Haiti,True,-0.003999850482429914
2025-11-18,Iraq,United Arab Emirates,False,1.833143827978454
2025-11-18,United Arab Emirates,Iraq,False,-1.0699469488200646
2025-11-18,Kosovo,Switzerland,False,0.006933908369459729
2025-11-18,Switzerland,Kosovo,False,-0.29254892788351716
2025-11-18,Panama,El Salvador,False,0.004565110195217326
2025-11-18,El Salvador,Panama,True,-0.0023550254835169905
2025-11-18,Romania,San Marino,False,6.04604328380276e-07
2025-11-18,San Marino,Romania,True,-3.0365528586091873e-07
2025-11-18,Scotland,Denmark,False,1.957662400927823
2025-11-18,Denmark,Scotland,False,-1.1954209237017142
2025-11-18,Spain,Turkey,False,-0.4935149265739658
2025-11-18,Turkey,Spain,False,0.15338867295503156
2025-11-18,Sweden,Slovenia,True,0.800544048866658
2025-11-18,Slovenia,Sweden,False,-1.6456468780132112
2025-11-18,Trinidad and Tobago,Bermuda,False,-0.4419980840832465
2025-11-18,Bermuda,Trinidad and Tobago,False,0.08571087038455316
2025-11-18,Wales,North Macedonia,False,2.947375045359024e-06
2025-11-18,North Macedonia,Wales,True,-1.5015207027861563e-06
2025-12-21,Morocco,Comoros,False,0.0012330578687369531
2025-12-21,Comoros,Morocco,True,-0.0006273054447396562
2025-12-22,Egypt,Zimbabwe,False,1.7531004462847943
2025-12-22,Zimbabwe,Egypt,False,-0.9700479382084524
2025-12-22,Mali,Zambia,False,-1.8466045236923683
2025-12-22,Zambia,Mali,True,0.9188164548182576
2025-12-22,South Africa,Angola,False,1.8516627527905634
2025-12-22,Angola,South Africa,False,-1.0313270203359695
2025-12-23,DR Congo,Benin,False,0.16917419729769634
2025-12-23,Benin,DR Congo,True,-0.09000342327027458
2025-12-23,Nigeria,Tanzania,False,0.11155289635138388
2025-12-23,Tanzania,Nigeria,True,-0.05821689953147538
2025-12-23,Senegal,Botswana,False,0.0019725087237416616
2025-12-23,Botswana,Senegal,True,-0.0010070034714856379
2025-12-23,Tunisia,Uganda,False,8.075621366776531e-05
2025-12-23,Uganda,Tunisia,True,-4.117994629999576e-05
2025-12-24,Algeria,Sudan,False,0.003180713355244613
2025-12-24,Sudan,Algeria,True,-0.0016336311999344362
2025-12-24,Burkina Faso,Equatorial Guinea,False,1.8051581689950482
2025-12-24,Equatorial Guinea,Burkina Faso,False,-1.0109340167812975
2025-12-24,Cameroon,Gabon,False,0.16108851745573327
2025-12-24,Gabon,Cameroon,True,-0.08544355852170468
2025-12-24,Ivory Coast,Mozambique,False,0.1242568121259433
2025-12-24,Mozambique,Ivory Coast,True,-0.06526374435432752
2025-12-26,Angola,Zimbabwe,False,-0.10458700388114583
2025-12-26,Zimbabwe,Angola,False,-0.09121274410921787
2025-12-26,Egypt,South Africa,False,0.15609826020978934
2025-12-26,South Africa,Egypt,True,-0.08254655318164919
2025-12-26,Morocco,Mali,False,-0.24735966728103476
2025-12-26,Mali,Morocco,False,0.04496279435707229
2025-12-27,Benin,Botswana,False,0.15932492297946155
2025-12-27,Botswana,Benin,True,-0.08437857548274826
2025-12-27,Nigeria,Tunisia,False,0.013062482882370663
2025-12-27,Tunisia,Nigeria,True,-0.0068687518264042
2025-12-27,Senegal,DR Congo,False,-0.21117983194113554
2025-12-27,DR Congo,Senegal,False,-0.002679863144384287
2025-12-27,Uganda,Tanzania,True,0.8927449872426505
2025-12-27,Tanzania,Uganda,False,-1.7995886866550954
2025-12-28,Algeria,Burkina Faso,False,0.20597957966065739
2025-12-28,Burkina Faso,Algeria,True,-0.11129590473060073
2025-12-28,Equatorial Guinea,Sudan,True,-0.12124213873975168
2025-12-28,Sudan,Equatorial Guinea,False,0.2246135326107428
2025-12-28,Gabon,Mozambique,True,-0.012530025479079467
2025-12-28,Mozambique,Gabon,False,0.023443219306501284
2025-12-28,Ivory Coast,Cameroon,False,-0.13316047664024833
2025-12-28,Cameroon,Ivory Coast,False,-0.0657423139735922
2025-12-29,Morocco,Zambia,False,4.125840274493697e-05
2025-12-29,Zambia,Morocco,True,-2.0972174456891264e-05
2025-12-29,Zimbabwe,South Africa,False,-1.0301674118620912
2025-12-29,South Africa,Zimbabwe,False,1.8159439411436404
2025-12-30,Benin,Senegal,True,-0.001886944240438343
2025-12-30,Senegal,Benin,False,0.0036698551569203097
2025-12-30,Botswana,DR Congo,True,-4.644988717367903e-05
2025-12-30,DR Congo,Botswana,False,9.099127885914271e-05
2025-12-30,Tanzania,Tunisia,False,0.05925598979692781
2025-12-30,Tunisia,Tanzania,False,-0.2696663466789406
2025-12-30,Uganda,Nigeria,True,-0.0021649043440400547
2025-12-30,Nigeria,Uganda,False,0.004206045077526532
2025-12-31,Equatorial Guinea,Algeria,True,-0.0025108994462480203
2025-12-31,Algeria,Equatorial Guinea,False,0.004861388594216365
2025-12-31,Gabon,Ivory Coast,False,-2.658445030012124
2025-12-31,Ivory Coast,Gabon,True,2.8086265426660604
2025-12-31,Mozambique,Cameroon,True,-0.07000945021780486
2025-12-31,Cameroon,Mozambique,False,0.13306527676308555
2025-12-31,Sudan,Burkina Faso,True,-0.06598366660922957
2025-12-31,Burkina Faso,Sudan,False,0.12580864245048717
2026-01-03,Mali,Tunisia,False,-0.08928147133153352
2026-01-03,Tunisia,Mali,False,-0.0963024962405239
2026-01-03,Senegal,Sudan,False,0.07601929438265831
2026-01-03,Sudan,Senegal,True,-0.03920142797626473
2026-01-04,Morocco,Tanzania,False,0.060534810854321996
2026-01-04,Tanzania,Morocco,True,-0.031053207485695098
2026-01-04,South Africa,Cameroon,True,-0.004708811855694128
2026-01-04,Cameroon,South Africa,False,0.009030857547947413
2026-01-05,Egypt,Benin,False,-1.872874562391464
2026-01-05,Benin,Egypt,True,0.9333547806284656
2026-01-05,Nigeria,Mozambique,False,1.9682218246330763e-06
2026-01-05,Mozambique,Nigeria,True,-1.00097954114016e-06
2026-01-06,Ivory Coast,Burkina Faso,False,0.009847177210820846
2026-01-06,Burkina Faso,Ivory Coast,True,-0.005147943469958286
2026-01-09,Mali,Senegal,True,-0.08268534783269649
2026-01-09,Senegal,Mali,False,0.15629109015344067
2026-01-09,Morocco,Cameroon,False,0.003454033702837034
2026-01-09,Cameroon,Morocco,True,-0.0017741398206438256
2026-01-10,Algeria,Nigeria,True,-0.012666188430838395
2026-01-10,Nigeria,Algeria,False,0.023671999280228118
2026-01-10,Egypt,Ivory Coast,False,0.20317134488357835
2026-01-10,Ivory Coast,Egypt,True,-0.10908858812349613
2026-01-14,Senegal,Egypt,False,1.861195047251497
2026-01-14,Egypt,Senegal,False,-1.0466203624017445
2026-03-26,Bolivia,Suriname,False,1.697404888663156
2026-03-26,Suriname,Bolivia,False,-0.9569834623717377
2026-03-26,Czech Republic,Republic of Ireland,True,0.8353449726455646
2026-03-26,Republic of Ireland,Czech Republic,False,-1.7025720865166205
2026-03-26,Denmark,North Macedonia,False,1.1104814716667022e-06
2026-03-26,North Macedonia,Denmark,True,-5.635905570883161e-07
2026-03-26,Italy,Northern Ireland,False,0.10555502864827693
2026-03-26,Northern Ireland,Italy,True,-0.055008748920852016
2026-03-26,New Caledonia,Jamaica,True,-0.044780717797633665
2026-03-26,Jamaica,New Caledonia,False,0.08638522189069109
2026-03-26,Poland,Albania,False,0.15145257242193244
2026-03-26,Albania,Poland,True,-0.08026352597738474
2026-03-26,Slovakia,Kosovo,True,-0.021994948402205464
2026-03-26,Kosovo,Slovakia,False,0.04032972206436236
2026-03-26,Turkey,Romania,False,0.22197795156476818
2026-03-26,Romania,Turkey,True,-0.12054039934244515
2026-03-26,Ukraine,Sweden,True,-0.0003251262163422781
2026-03-26,Sweden,Ukraine,False,0.0006253895175931667
2026-03-26,Wales,Bosnia and Herzegovina,False,-1.824897580767869
2026-03-26,Bosnia and Herzegovina,Wales,True,0.9064504248908198
2026-03-31,Bosnia and Herzegovina,Italy,True,0.9091925189320607
2026-03-31,Italy,Bosnia and Herzegovina,False,-1.8298508146144328
2026-03-31,Czech Republic,Denmark,False,-0.051979560684256576
2026-03-31,Denmark,Czech Republic,False,-0.19451840655773922
2026-03-31,Iraq,Bolivia,False,0.2815703940130523
2026-03-31,Bolivia,Iraq,True,-0.15537760308937926
2026-03-31,Kosovo,Turkey,True,-0.14659123224160378
2026-03-31,Turkey,Kosovo,False,0.26557051112423125
2026-03-31,Sweden,Poland,False,1.7930712899050965
2026-03-31,Poland,Sweden,False,-1.075137794320769
2026-06-06,Estonia,Faroe Islands,False,0.1824748886893972
2026-06-06,Faroe Islands,Estonia,True,-0.09747016195965444
2026-06-06,Lithuania,Latvia,False,-0.1030739711061679
2026-06-06,Latvia,Lithuania,False,-0.09373220578616204
2026-06-09,Estonia,Lithuania,False,1.812320676904494
2026-06-09,Lithuania,Estonia,False,-1.0160293205604989
2026-06-09,Latvia,Faroe Islands,False,-1.1516871973212501
2026-06-09,Faroe Islands,Latvia,False,1.9445949727324345
2026-06-11,Mexico,South Africa,False,0.005899545454687072
2026-06-11,South Africa,Mexico,True,-0.0030562117742625196
2026-06-11,South Korea,Czech Republic,False,1.9117370386062456
2026-06-11,Czech Republic,South Korea,False,-1.1292850544289177
2026-06-12,Canada,Bosnia and Herzegovina,True,0.7925217242331628
2026-06-12,Bosnia and Herzegovina,Canada,False,-1.6339022129767957
2026-06-12,United States,Paraguay,False,0.011179032765413766
2026-06-12,Paraguay,United States,True,-0.0058615835535790264
2026-06-13,Australia,Turkey,False,0.02092383330296732
2026-06-13,Turkey,Australia,True,-0.011152778019526244
2026-06-13,Brazil,Morocco,False,-0.18683946633711757
2026-06-13,Morocco,Brazil,False,-0.0030026202854027684
2026-06-13,Haiti,Scotland,True,-0.08291620105061193
2026-06-13,Scotland,Haiti,False,0.15595372216918202
2026-06-13,Qatar,Switzerland,True,0.9270847971832842
2026-06-13,Switzerland,Qatar,False,-1.8621769089112399
2026-06-14,Germany,Curaçao,False,3.553550107504577e-07
2026-06-14,Curaçao,Germany,True,-1.7977399837290435e-07
2026-06-14,Ivory Coast,Ecuador,False,1.9573823234286705
2026-06-14,Ecuador,Ivory Coast,False,-1.1713598246985506
2026-06-14,Netherlands,Japan,False,-1.7968283710668893
2026-06-14,Japan,Netherlands,True,0.8902440768368752
2026-06-14,Sweden,Tunisia,False,0.010093904752188632
2026-06-14,Tunisia,Sweden,True,-0.005280134864027576
2026-06-15,Belgium,Egypt,False,-0.27897736238458526
2026-06-15,Egypt,Belgium,False,0.042861610454711485
2026-06-15,Iran,New Zealand,False,-0.2813263845772951
2026-06-15,New Zealand,Iran,False,0.06230689874766404
2026-06-15,Saudi Arabia,Uruguay,False,-1.589810367941436
2026-06-15,Uruguay,Saudi Arabia,True,0.7657978571242325
2026-06-16,Argentina,Algeria,False,0.00562113272468201
2026-06-16,Algeria,Argentina,True,-0.002910939462667306
2026-06-16,Austria,Jordan,False,1.7000417177197233
2026-06-16,Jordan,Austria,False,-0.9496960071192974
2026-06-16,France,Senegal,False,0.15006170936755447
2026-06-16,Senegal,France,True,-0.07941237716745085
2026-06-16,Iraq,Norway,True,-0.07765034033032145
2026-06-16,Norway,Iraq,False,0.14667372699418557
2026-06-17,England,Croatia,False,0.1873459618909008
2026-06-17,Croatia,England,True,-0.10036774352930258
2026-06-17,Ghana,Panama,False,1.8429769886989213
2026-06-17,Panama,Ghana,False,-1.062600726658542
2026-06-17,Portugal,DR Congo,False,-0.3730017858440835
2026-06-17,DR Congo,Portugal,False,0.10594199711476171
2026-06-17,Uzbekistan,Colombia,True,-0.05262672484379261
2026-06-17,Colombia,Uzbekistan,False,0.10112951052247743
2026-06-18,Canada,Qatar,False,1.4122357061552293e-07
2026-06-18,Qatar,Canada,True,-7.193375204057121e-08
2026-06-18,Czech Republic,South Africa,False,-1.8172442763058045
2026-06-18,South Africa,Czech Republic,True,0.9022931172273644
2026-06-18,Mexico,South Korea,False,0.17581537528584645
2026-06-18,South Korea,Mexico,True,-0.09388777894669513
2026-06-18,Switzerland,Bosnia and Herzegovina,False,0.1687647476359313
2026-06-18,Bosnia and Herzegovina,Switzerland,True,-0.0900772692649643
2026-06-19,Brazil,Haiti,False,2.6920289819543086e-07
2026-06-19,Haiti,Brazil,True,-1.3606861156188298e-07
2026-06-19,Scotland,Morocco,True,-0.07669834734785608
2026-06-19,Morocco,Scotland,False,0.14544926496230692
2026-06-19,Turkey,Paraguay,True,-0.14451922083570476
2026-06-19,Paraguay,Turkey,False,0.2636070149281524
2026-06-19,United States,Australia,False,0.013915809440605997
2026-06-19,Australia,United States,True,-0.007338077599323134
2026-06-20,Germany,Ivory Coast,False,1.6808344248008766
2026-06-20,Ivory Coast,Germany,False,-0.9534192966929166
2026-06-20,Netherlands,Sweden,False,0.0004863281893721094
2026-06-20,Sweden,Netherlands,True,-0.00025220448116331336
2026-06-20,Tunisia,Japan,True,-0.0001896556897556823
2026-06-20,Japan,Tunisia,False,0.0003670909559749802
2026-06-21,New Zealand,Egypt,True,-0.06261648474993288
2026-06-21,Egypt,New Zealand,False,0.11974372297312641
2026-06-21,Spain,Saudi Arabia,False,4.278595473472535e-07
2026-06-21,Saudi Arabia,Spain,True,-2.164873486346918e-07
2026-06-21,Uruguay,Cape Verde,False,-0.30213857951843526
2026-06-21,Cape Verde,Uruguay,False,0.07936931021215687
2026-06-22,Argentina,Austria,False,0.13966254439780013
2026-06-22,Austria,Argentina,True,-0.07367757406345389
2026-06-22,France,Iraq,False,3.291623152801293e-05
2026-06-22,Iraq,France,True,-1.6714683717729713e-05
2026-06-22,Jordan,Algeria,False,-0.9736061660586683
2026-06-22,Algeria,Jordan,False,1.7093832308863057
2026-06-22,Norway,Senegal,False,0.018020120511044624
2026-06-22,Senegal,Norway,True,-0.009559473446043262
2026-06-23,Colombia,DR Congo,False,1.68061076795955
2026-06-23,DR Congo,Colombia,False,-0.9180388316088008
2026-06-23,Panama,Croatia,True,-0.070287637338372
2026-06-23,Croatia,Panama,False,0.13326977812089513
2026-06-23,Portugal,Uzbekistan,False,8.96895323787561e-07
2026-06-23,Uzbekistan,Portugal,True,-4.548068562829388e-07
2026-06-24,Bosnia and Herzegovina,Qatar,False,0.21932967144940152
2026-06-24,Qatar,Bosnia and Herzegovina,True,-0.11894542197210312
2026-06-24,Canada,Switzerland,True,-0.008444101044129085
2026-06-24,Switzerland,Canada,False,0.01594712216202776
2026-06-24,Mexico,Czech Republic,False,0.012627448869027447
2026-06-24,Czech Republic,Mexico,True,-0.006645620199459075
2026-06-24,Morocco,Haiti,False,1.608604672578911
2026-06-24,Haiti,Morocco,False,-0.8674587286692383
2026-06-24,Scotland,Brazil,True,-4.646913009892121e-05
2026-06-24,Brazil,Scotland,False,9.099107380983185e-05
2026-06-24,South Africa,South Korea,False,0.24468252434769022
2026-06-24,South Korea,South Africa,True,-0.13303885798573492
2026-06-25,Curaçao,Ivory Coast,True,-0.001900245824639666
2026-06-25,Ivory Coast,Curaçao,False,0.003693630398096115
2026-06-25,Ecuador,Germany,False,1.9749907116475145
2026-06-25,Germany,Ecuador,False,-1.2321717310641118
2026-06-25,Japan,Sweden,False,-0.10847669757225376
2026-06-25,Sweden,Japan,False,-0.1349691000404396
2026-06-25,Tunisia,Netherlands,True,-0.003430493247305721
2026-06-25,Netherlands,Tunisia,False,0.006607131246968656
2026-06-25,United States,Turkey,False,-1.1862724664143478
2026-06-25,Turkey,United States,False,1.9131104801355516
2026-06-26,Egypt,Iran,False,-0.06316629463325629
2026-06-26,Iran,Egypt,False,-0.11740315821493907
2026-06-26,New Zealand,Belgium,True,-2.0208853489461984e-05
2026-06-26,Belgium,New Zealand,False,3.9753139763565315e-05
2026-06-26,Norway,France,True,-0.004012263938886675
2026-06-26,France,Norway,False,0.007703892815539959
2026-06-26,Senegal,Iraq,False,1.326047212479864e-06
2026-06-26,Iraq,Senegal,True,-6.732398629490305e-07
2026-06-26,Uruguay,Spain,True,-0.09223050044077619
2026-06-26,Spain,Uruguay,False,0.17294349040171353
2026-06-27,Algeria,Austria,False,-0.09510471132730691
2026-06-27,Austria,Algeria,False,-0.16252451096571985
2026-06-27,Croatia,Ghana,False,1.722222287017714
2026-06-27,Ghana,Croatia,False,-0.963410957843136
2026-06-27,DR Congo,Uzbekistan,False,1.876042674481102
2026-06-27,Uzbekistan,DR Congo,False,-1.0817359690355124
2026-06-27,Jordan,Argentina,True,-0.03906632344600423
2026-06-27,Argentina,Jordan,False,0.07564333946545654
2026-06-27,Panama,England,True,-0.0013843959659740719
2026-06-27,England,Panama,False,0.0027005879148975787
2026-06-28,South Africa,Canada,False,-1.0538286003098776
2026-06-28,Canada,South Africa,False,1.843291850586684
2026-06-29,Brazil,Japan,False,1.6836300990970743
2026-06-29,Japan,Brazil,False,-0.9389160981086058
2026-06-29,Germany,Paraguay,False,-0.29590968286288355
2026-06-29,Paraguay,Germany,False,0.04015948359257915
2026-06-29,Netherlands,Morocco,False,-1.801020211513853
2026-06-29,Morocco,Netherlands,True,0.8931648529362273
2026-06-30,France,Sweden,False,0.0002330683157736324
2026-06-30,Sweden,France,True,-0.00011992428367030854
2026-06-30,Ivory Coast,Norway,False,-1.0720743728171014
2026-06-30,Norway,Ivory Coast,False,1.8364885813475886
2026-06-30,Mexico,Ecuador,False,0.014936593242524943
2026-06-30,Ecuador,Mexico,True,-0.007887254859263658
2026-07-01,Belgium,Senegal,True,0.9832431455582527
2026-07-01,Senegal,Belgium,False,-1.968948977441284
2026-07-01,England,DR Congo,False,1.635995156193002
2026-07-01,DR Congo,England,False,-0.8907244436551404
2026-07-01,United States,Bosnia and Herzegovina,False,0.19559946214954582
2026-07-01,Bosnia and Herzegovina,United States,True,-0.10542106400488899
2026-07-02,Portugal,Croatia,False,1.8037700105606331
2026-07-02,Croatia,Portugal,False,-1.0451093197906662
2026-07-02,Spain,Austria,False,0.006479472693241117
2026-07-02,Austria,Spain,True,-0.003363614307382537
2026-07-02,Switzerland,Algeria,False,0.014616907399346957
2026-07-02,Algeria,Switzerland,True,-0.007722368651666351
2026-07-03,Argentina,Cape Verde,False,-0.4072968414370499
2026-07-03,Cape Verde,Argentina,False,0.15229529843443523
2026-07-03,Australia,Egypt,False,-0.10268910310069579
2026-07-03,Egypt,Australia,False,-0.08995611243158486
2026-07-03,Colombia,Ghana,False,0.11225902984358216
2026-07-03,Ghana,Colombia,True,-0.058641840840282795
2026-07-04,Canada,Morocco,True,-0.07360440066040219
2026-07-04,Morocco,Canada,False,0.13980571505287065
2026-07-04,Paraguay,France,True,-0.0633592863314839
2026-07-04,France,Paraguay,False,0.12089432273867029
2026-07-05,Brazil,Norway,False,-1.3303770312393777
2026-07-05,Norway,Brazil,False,2.065544739687171
2026-07-05,Mexico,England,True,-0.10480125867752164
2026-07-05,England,Mexico,False,0.1949394947043972
2026-07-06,Portugal,Spain,False,-1.0673822442749779
2026-07-06,Spain,Portugal,False,1.8270375514550177
2026-07-06,United States,Belgium,True,-0.007265352104369308
2026-07-06,Belgium,United States,False,0.013766464137707768
2026-07-07,Argentina,Egypt,True,2.9823093264429956
2026-07-07,Egypt,Argentina,False,-2.9672381359331297
2026-07-09,France,Morocco,False,0.0064893415954405675
2026-07-09,Morocco,France,True,-0.003363556663047824
2026-07-10,Spain,Belgium,False,1.8044263468962844
2026-07-10,Belgium,Spain,False,-1.061460610084108
2026-07-11,Argentina,Switzerland,False,-0.23183897138130094
2026-07-11,Switzerland,Argentina,False,0.001529924941358729
2026-07-11,Norway,England,False,0.029303567692611
2026-07-11,England,Norway,False,-0.27939031309119144
2026-07-14,France,Spain,True,-0.00816941484329893
2026-07-14,Spain,France,False,0.015457354854929495
2026-07-15,England,Argentina,False,-2.765225539463085
2026-07-15,Argentina,England,True,2.872627144480126
